{"loss": [12.501498222351074, 6.843173503875732, 4.616643905639648, 3.5582456588745117, 2.9072070121765137, 2.515293836593628, 2.2473349571228027, 2.0603280067443848, 1.9295158386230469, 1.835230827331543, 1.772451400756836, 1.7244770526885986, 1.6909338235855103, 1.6664607524871826, 1.6436570882797241, 1.6263947486877441, 1.6145026683807373, 1.6001967191696167, 1.5907002687454224, 1.5798125267028809, 1.5710676908493042, 1.5653756856918335, 1.5544841289520264, 1.54695463180542, 1.536877155303955, 1.528183937072754, 1.5206053256988525, 1.513170599937439, 1.5040346384048462, 1.4931849241256714, 1.4853774309158325], "accuracy": [0.19519484043121338, 0.20616057515144348, 0.2100197672843933, 0.2399519979953766, 0.2833207845687866, 0.2963102459907532, 0.3033697307109833, 0.3063347041606903, 0.31287649273872375, 0.31904178857803345, 0.3231598138809204, 0.3301016688346863, 0.3363845944404602, 0.3429969847202301, 0.3509977459907532, 0.36003389954566956, 0.36438724398612976, 0.3709760904312134, 0.37601184844970703, 0.3835890293121338, 0.3907662034034729, 0.3924604654312134, 0.4016377925872803, 0.404908686876297, 0.4119681715965271, 0.4230751097202301, 0.42747554183006287, 0.4330289959907532, 0.44145330786705017, 0.45048946142196655, 0.45427805185317993], "val_loss": [8.778678894042969, 5.397511005401611, 3.993927001953125, 3.184804677963257, 2.691413164138794, 2.3611912727355957, 2.134190082550049, 1.9798400402069092, 1.8707258701324463, 1.7949974536895752, 1.7409436702728271, 1.7056257724761963, 1.6788432598114014, 1.6586883068084717, 1.6395206451416016, 1.6244186162948608, 1.6142675876617432, 1.6177194118499756, 1.5993558168411255, 1.6015218496322632, 1.590993046760559, 1.592393159866333, 1.5917811393737793, 1.5936522483825684, 1.5986279249191284, 1.6084953546524048, 1.6090844869613647, 1.6166579723358154, 1.6314712762832642, 1.6356922388076782, 1.642991065979004], "val_accuracy": [0.21142578125, 0.21250000596046448, 0.21806640923023224, 0.279296875, 0.2919921875, 0.3023437559604645, 0.3095703125, 0.3109374940395355, 0.3169921934604645, 0.3257812559604645, 0.3294921815395355, 0.32929688692092896, 0.3349609375, 0.34248048067092896, 0.3534179627895355, 0.36083984375, 0.36650389432907104, 0.3646484315395355, 0.3720703125, 0.37089842557907104, 0.3775390684604645, 0.37871092557907104, 0.38037109375, 0.38154298067092896, 0.3799804747104645, 0.37763673067092896, 0.38115233182907104, 0.37861329317092896, 0.3755859434604645, 0.37890625, 0.37519532442092896]}