{"loss": [4.391705513000488, 1.627558708190918, 1.2213730812072754, 1.0648589134216309, 1.0032737255096436, 0.981029748916626, 0.9715093970298767, 0.9676073789596558, 0.9646481871604919, 0.9637411236763, 0.9619812965393066, 0.9601741433143616, 0.9601913690567017, 0.9590051174163818, 0.9571675062179565, 0.9572513103485107, 0.9556482434272766, 0.9550498723983765, 0.9540325403213501, 0.9537132978439331, 0.9523714184761047, 0.9527025818824768, 0.9522508978843689, 0.9514941573143005], "accuracy": [0.34751784801483154, 0.3818725049495697, 0.4749409854412079, 0.4975220263004303, 0.5048775672912598, 0.5078255534172058, 0.5093556642532349, 0.5092459917068481, 0.510841429233551, 0.512353241443634, 0.5129903554916382, 0.5131705403327942, 0.5134003162384033, 0.5142933130264282, 0.5149983167648315, 0.5148050785064697, 0.5158600211143494, 0.516747772693634, 0.5173405408859253, 0.5168914198875427, 0.5176799297332764, 0.5179071426391602, 0.5186643600463867, 0.5186225771903992], "val_loss": [2.022099018096924, 1.3467535972595215, 1.1329611539840698, 1.0225257873535156, 0.9971824288368225, 1.0227106809616089, 0.9926578998565674, 0.9726834297180176, 0.9607972502708435, 1.0049753189086914, 0.9959548115730286, 0.9875515103340149, 0.9825833439826965, 0.9520904421806335, 1.1186317205429077, 0.97800612449646, 0.9589861631393433, 0.9797017574310303, 0.9943294525146484, 0.9612798094749451, 0.9952009320259094, 1.0037199258804321, 1.116478443145752, 0.9734129309654236], "val_accuracy": [0.36366769671440125, 0.4853672385215759, 0.4685097634792328, 0.5153220891952515, 0.4949135184288025, 0.43981868028640747, 0.4777427315711975, 0.49649062752723694, 0.5064756274223328, 0.4557674527168274, 0.4673817753791809, 0.4752151668071747, 0.48060452938079834, 0.525536835193634, 0.37028953433036804, 0.4806463122367859, 0.5050969123840332, 0.4816385507583618, 0.4627130627632141, 0.5051386952400208, 0.4579503536224365, 0.44967830181121826, 0.3698404133319855, 0.48748746514320374]}