{"loss": [3.5023226737976074, 0.9427436590194702, 0.8472444415092468, 0.8308265209197998, 0.8219035863876343, 0.8133801221847534, 0.8063086867332458, 0.7996566891670227, 0.7951192855834961, 0.7913705706596375, 0.788352370262146, 0.7854324579238892, 0.7826686501502991, 0.7804758548736572, 0.778510570526123, 0.7768361568450928, 0.7751100063323975, 0.7732375264167786, 0.7715179324150085, 0.7698825001716614, 0.768373966217041, 0.7670217752456665, 0.7655584812164307, 0.7636651992797852, 0.7618501782417297, 0.7604859471321106, 0.7588239908218384, 0.7568373084068298, 0.7546514868736267, 0.7532183527946472, 0.7508397102355957, 0.7492974400520325], "accuracy": [0.6052494049072266, 0.6482703685760498, 0.6538581848144531, 0.6572631001472473, 0.6610779762268066, 0.665412425994873, 0.6696346402168274, 0.6733633279800415, 0.6754783391952515, 0.6774706244468689, 0.6785855889320374, 0.6804238557815552, 0.6819617748260498, 0.6825649738311768, 0.684063732624054, 0.6849515438079834, 0.6856957077980042, 0.6860690712928772, 0.687808096408844, 0.689191997051239, 0.689761221408844, 0.6910720467567444, 0.6916386485099792, 0.6924872398376465, 0.6934951543807983, 0.6950331330299377, 0.696307361125946, 0.6975763440132141, 0.6990986466407776, 0.7003363370895386, 0.7024226188659668, 0.702816903591156], "val_loss": [1.1265021562576294, 0.8466119766235352, 0.820315420627594, 0.8103038668632507, 0.8013080358505249, 0.7966808676719666, 0.7909088730812073, 0.7856701612472534, 0.7854962944984436, 0.7782408595085144, 0.7798795104026794, 0.78058922290802, 0.7791548371315002, 0.7741256952285767, 0.7729840874671936, 0.7742093205451965, 0.7698774933815002, 0.7713976502418518, 0.7714861631393433, 0.7706436514854431, 0.769126832485199, 0.7670314311981201, 0.7679381966590881, 0.7679638266563416, 0.7711191177368164, 0.7682379484176636, 0.7693329453468323, 0.7715474367141724, 0.7710419297218323, 0.7747623920440674, 0.7733421325683594, 0.775596559047699], "val_accuracy": [0.6528033018112183, 0.6589760184288025, 0.6630806922912598, 0.6661722660064697, 0.6708096861839294, 0.6722614765167236, 0.6765750050544739, 0.6778910160064697, 0.6778597235679626, 0.6825806498527527, 0.6817346215248108, 0.6817659735679626, 0.6816301941871643, 0.6849097609519958, 0.6855260133743286, 0.6848888993263245, 0.6870508790016174, 0.6863093376159668, 0.6868733167648315, 0.6870718002319336, 0.6874791383743286, 0.6890980005264282, 0.6879595518112183, 0.6884086728096008, 0.6872702240943909, 0.6886593699455261, 0.6874477863311768, 0.6869673132896423, 0.6878759860992432, 0.6849828958511353, 0.6872702240943909, 0.6861526370048523]}