{"loss": [9.205233573913574, 7.207948207855225, 5.665735244750977, 4.562140941619873, 3.7535014152526855, 3.155494451522827, 2.718569755554199, 2.4006519317626953, 2.174132823944092, 2.011444091796875, 1.896696925163269, 1.8158199787139893, 1.75912606716156, 1.7190029621124268, 1.6927158832550049, 1.6728349924087524, 1.6602087020874023, 1.649582862854004, 1.6424658298492432, 1.6358273029327393, 1.6296851634979248, 1.626376986503601, 1.6213996410369873, 1.6174237728118896, 1.613837718963623, 1.6107882261276245, 1.605427622795105, 1.6024824380874634, 1.5977102518081665, 1.5922715663909912, 1.588331699371338, 1.5814025402069092, 1.5739678144454956, 1.569855809211731], "accuracy": [0.19945406913757324, 0.22258564829826355, 0.26315417885780334, 0.27470821142196655, 0.2833207845687866, 0.2861916422843933, 0.2889212965965271, 0.29532191157341003, 0.29127445816993713, 0.29591020941734314, 0.29739269614219666, 0.2984045445919037, 0.3000047206878662, 0.30176958441734314, 0.30056947469711304, 0.30489927530288696, 0.3021696209907532, 0.3060523271560669, 0.3061935305595398, 0.3057464361190796, 0.30849963426589966, 0.30986446142196655, 0.31273531913757324, 0.3126412034034729, 0.3159826695919037, 0.31840643286705017, 0.3169004023075104, 0.32085373997688293, 0.3236539959907532, 0.32894861698150635, 0.33134883642196655, 0.33318430185317993, 0.337890625, 0.34022024273872375], "val_loss": [8.11033821105957, 6.360462188720703, 5.049385070800781, 4.103466987609863, 3.4085025787353516, 2.8984532356262207, 2.5299251079559326, 2.263770580291748, 2.073573589324951, 1.939095139503479, 1.845560073852539, 1.7798891067504883, 1.7347818613052368, 1.7036516666412354, 1.6828991174697876, 1.6681067943572998, 1.657928466796875, 1.651338815689087, 1.6464807987213135, 1.643204927444458, 1.6410243511199951, 1.639746069908142, 1.6388190984725952, 1.6384696960449219, 1.6390917301177979, 1.6398909091949463, 1.6412874460220337, 1.642545461654663, 1.643571138381958, 1.6459468603134155, 1.6492455005645752, 1.6556224822998047, 1.6601207256317139, 1.6644703149795532], "val_accuracy": [0.21181640028953552, 0.24824218451976776, 0.2904296815395355, 0.29560548067092896, 0.298828125, 0.29912108182907104, 0.2997070252895355, 0.3028320372104645, 0.30195313692092896, 0.3021484315395355, 0.3028320372104645, 0.30292969942092896, 0.302734375, 0.3031249940395355, 0.30253905057907104, 0.30224609375, 0.30224609375, 0.30302733182907104, 0.3023437559604645, 0.30302733182907104, 0.30322265625, 0.3037109375, 0.3038085997104645, 0.3036132752895355, 0.302734375, 0.30224609375, 0.30156248807907104, 0.30292969942092896, 0.30009764432907104, 0.30009764432907104, 0.30000001192092896, 0.29443359375, 0.29609376192092896, 0.2958984375]}