{"loss": [1.4752614498138428, 0.9875146150588989, 0.9790847897529602, 0.9751295447349548, 0.9717833399772644, 0.9682754874229431, 0.9669058322906494, 0.9657307863235474, 0.9630393981933594, 0.9613662958145142, 0.9597634673118591, 0.9577784538269043, 0.9564631581306458, 0.9552238583564758, 0.9298774600028992, 0.837224543094635, 0.8221955895423889, 0.8135088682174683, 0.8097126483917236, 0.8061729073524475, 0.8028305172920227, 0.7994483709335327, 0.7958903312683105, 0.7956733703613281, 0.7927836179733276, 0.7884017825126648, 0.7870973944664001, 0.7849968075752258, 0.7820132374763489, 0.782405436038971, 0.7794374823570251, 0.7773267030715942], "accuracy": [0.47687843441963196, 0.49609375, 0.5014517903327942, 0.5041778087615967, 0.5066609978675842, 0.5094339847564697, 0.5105672478675842, 0.5109406113624573, 0.5129511952400208, 0.5143716335296631, 0.5160166621208191, 0.5171942710876465, 0.5184267163276672, 0.520622730255127, 0.5633381605148315, 0.6595452427864075, 0.6667885184288025, 0.6719663739204407, 0.6738228797912598, 0.6756480932235718, 0.6780033111572266, 0.6800400018692017, 0.6827555894851685, 0.6828991770744324, 0.6860090494155884, 0.688053548336029, 0.6898213028907776, 0.6911686658859253, 0.6933515667915344, 0.6938163042068481, 0.695685863494873, 0.6971167922019958], "val_loss": [0.9830300807952881, 0.978920042514801, 0.9738796353340149, 0.9627557396888733, 0.9674729704856873, 0.9567994475364685, 0.9576801061630249, 0.9602651596069336, 0.9635804295539856, 0.957831859588623, 0.9542543292045593, 0.9588592052459717, 0.9509451985359192, 0.9544838666915894, 0.83876633644104, 0.8185969591140747, 0.8026737570762634, 0.7966817021369934, 0.7917745113372803, 0.7900251746177673, 0.7919979095458984, 0.7897220253944397, 0.7976430058479309, 0.7984216809272766, 0.7960099577903748, 0.7938393354415894, 0.8040504455566406, 0.7970530986785889, 0.7992959022521973, 0.8017053604125977, 0.815311849117279, 0.8099247813224792], "val_accuracy": [0.502360463142395, 0.5015562176704407, 0.5043240189552307, 0.5124394297599792, 0.5068202614784241, 0.5178496837615967, 0.514549195766449, 0.5115829706192017, 0.5094627141952515, 0.5128781199455261, 0.5161471962928772, 0.512794554233551, 0.5196252465248108, 0.5166485905647278, 0.6566677689552307, 0.6628926992416382, 0.6735147833824158, 0.6801992654800415, 0.6783610582351685, 0.6807841658592224, 0.6786221861839294, 0.6803350448608398, 0.6756559014320374, 0.6708409786224365, 0.6794159412384033, 0.6766272783279419, 0.6715720891952515, 0.6736297011375427, 0.6716870069503784, 0.6721987724304199, 0.6705067753791809, 0.6713110208511353]}