{"loss": [46.60248565673828, 28.14960289001465, 17.318096160888672, 11.066629409790039, 7.431798934936523, 5.273831367492676, 3.957109212875366, 3.125577688217163, 2.5898797512054443, 2.2377195358276367, 2.005680561065674, 1.8560184240341187, 1.7579604387283325, 1.6951528787612915, 1.654529094696045, 1.6287868022918701, 1.6115906238555908, 1.6000607013702393, 1.5921202898025513, 1.5860801935195923, 1.5801568031311035, 1.5767180919647217, 1.570949912071228, 1.5669597387313843, 1.5610802173614502, 1.5531975030899048, 1.5457353591918945, 1.538525104522705, 1.533156156539917, 1.5246353149414062, 1.519970178604126, 1.5146968364715576, 1.5059868097305298, 1.5012869834899902, 1.4958816766738892, 1.4900530576705933, 1.4835139513015747, 1.4770281314849854, 1.4705873727798462, 1.4654535055160522, 1.4579664468765259, 1.452867865562439, 1.448347806930542], "accuracy": [0.20801958441734314, 0.2796027958393097, 0.3210184574127197, 0.3327842652797699, 0.337890625, 0.34189099073410034, 0.3405497074127197, 0.34575018286705017, 0.346314936876297, 0.3465973138809204, 0.3479386270046234, 0.3493269979953766, 0.35130366683006287, 0.35179781913757324, 0.35135072469711304, 0.35452747344970703, 0.3569982945919037, 0.35793957114219666, 0.3575865924358368, 0.36153990030288696, 0.36332830786705017, 0.3641519248485565, 0.36859938502311707, 0.371705561876297, 0.3777061402797699, 0.38349491357803345, 0.38737764954566956, 0.39493128657341003, 0.39608433842658997, 0.4031202793121338, 0.4058264195919037, 0.4100150465965271, 0.4155685305595398, 0.418580561876297, 0.4215690791606903, 0.42434582114219666, 0.4300169348716736, 0.432981938123703, 0.43728822469711304, 0.43982961773872375, 0.4473832845687866, 0.44914814829826355, 0.451783686876297], "val_loss": [35.750282287597656, 21.80093765258789, 13.695345878601074, 8.981744766235352, 6.199480056762695, 4.520009994506836, 3.473876953125, 2.808729648590088, 2.3769164085388184, 2.094397783279419, 1.9107472896575928, 1.7917579412460327, 1.714158296585083, 1.6657240390777588, 1.6360803842544556, 1.614837646484375, 1.6024672985076904, 1.5931308269500732, 1.5886430740356445, 1.5834025144577026, 1.5806964635849, 1.5776574611663818, 1.5755964517593384, 1.5731745958328247, 1.5717257261276245, 1.5720525979995728, 1.569581151008606, 1.5677162408828735, 1.5677350759506226, 1.559132695198059, 1.5596504211425781, 1.5581915378570557, 1.555518388748169, 1.5564475059509277, 1.5586106777191162, 1.5597110986709595, 1.560044527053833, 1.5632669925689697, 1.5684069395065308, 1.5724643468856812, 1.574345588684082, 1.5865364074707031, 1.5829119682312012], "val_accuracy": [0.21269531548023224, 0.23994140326976776, 0.25996094942092896, 0.29667967557907104, 0.3251953125, 0.33759766817092896, 0.34638673067092896, 0.3499999940395355, 0.3504882752895355, 0.34833985567092896, 0.3509765565395355, 0.35126954317092896, 0.35400390625, 0.3519531190395355, 0.3511718809604645, 0.3526367247104645, 0.3521484434604645, 0.35371094942092896, 0.3541015684604645, 0.3563476502895355, 0.36064451932907104, 0.3589843809604645, 0.361328125, 0.3646484315395355, 0.36943358182907104, 0.36796873807907104, 0.3711914122104645, 0.37617188692092896, 0.3755859434604645, 0.3836914002895355, 0.38330078125, 0.3838867247104645, 0.3871093690395355, 0.3887695372104645, 0.3875976502895355, 0.38701170682907104, 0.38886719942092896, 0.39042967557907104, 0.3871093690395355, 0.3846679627895355, 0.3841796815395355, 0.37939453125, 0.38525390625]}