{"loss": [12.873941421508789, 7.617711067199707, 4.969911098480225, 3.612433433532715, 2.912055015563965, 2.488990545272827, 2.2074942588806152, 2.009514331817627, 1.8625301122665405, 1.751616358757019, 1.6722873449325562, 1.6082031726837158, 1.5567034482955933, 1.5176159143447876, 1.4869489669799805, 1.4595190286636353, 1.4301676750183105, 1.3949562311172485, 1.3633326292037964, 1.3327449560165405, 1.3089959621429443, 1.3073484897613525, 1.2786474227905273, 1.2330249547958374, 1.1679162979125977, 1.1061266660690308], "accuracy": [0.19768919050693512, 0.20827843248844147, 0.23635165393352509, 0.2872740924358368, 0.3042404055595398, 0.31828877329826355, 0.3329019248485565, 0.3481268882751465, 0.361939936876297, 0.37885919213294983, 0.38996610045433044, 0.4058264195919037, 0.4176863729953766, 0.43338197469711304, 0.4447477459907532, 0.4535485804080963, 0.46524378657341003, 0.48428088426589966, 0.5017648935317993, 0.5187547206878662, 0.5318147540092468, 0.5293204188346863, 0.5454630851745605, 0.5718891024589539, 0.6089279055595398, 0.6429546475410461], "val_loss": [9.629030227661133, 5.993128776550293, 4.1921281814575195, 3.253828525543213, 2.6942644119262695, 2.336714744567871, 2.096407413482666, 1.9307739734649658, 1.8026971817016602, 1.719476342201233, 1.652735948562622, 1.6192305088043213, 1.5985010862350464, 1.6082696914672852, 1.5702470541000366, 1.557440161705017, 1.5602048635482788, 1.5688008069992065, 1.5860334634780884, 1.5940510034561157, 1.6224054098129272, 1.6455802917480469, 1.671929955482483, 1.709287405014038, 1.7758792638778687, 1.8510992527008057], "val_accuracy": [0.20742186903953552, 0.20781250298023224, 0.24658203125, 0.27568358182907104, 0.31474608182907104, 0.34296876192092896, 0.34052735567092896, 0.34892576932907104, 0.3701171875, 0.3822265565395355, 0.3895507752895355, 0.3873046934604645, 0.3916992247104645, 0.38652342557907104, 0.4014648497104645, 0.4009765684604645, 0.4014648497104645, 0.40214842557907104, 0.3973632752895355, 0.3973632752895355, 0.39228516817092896, 0.3916992247104645, 0.38691407442092896, 0.3818359375, 0.3828125, 0.3773437440395355]}