{"loss": [12.378920555114746, 6.720278263092041, 4.538216590881348, 3.483412027359009, 2.865464448928833, 2.4878523349761963, 2.225048303604126, 2.0430686473846436, 1.913206696510315, 1.8193457126617432, 1.754077434539795, 1.7061659097671509, 1.6705186367034912, 1.6445001363754272, 1.618444561958313, 1.6010409593582153, 1.5840851068496704, 1.5713344812393188, 1.5575554370880127, 1.5492452383041382, 1.5430097579956055, 1.5342867374420166, 1.5283622741699219, 1.5215532779693604, 1.5114103555679321, 1.5005955696105957, 1.4899579286575317, 1.4797358512878418, 1.4751182794570923, 1.4613341093063354, 1.4528554677963257, 1.4384783506393433, 1.430193305015564], "accuracy": [0.19538310170173645, 0.20872552692890167, 0.21218468248844147, 0.2544004023075104, 0.2904508709907532, 0.29798099398612976, 0.30779367685317993, 0.31513553857803345, 0.32398343086242676, 0.33012518286705017, 0.33826711773872375, 0.34805628657341003, 0.35528048872947693, 0.36186936497688293, 0.3747176229953766, 0.38081231713294983, 0.38768354058265686, 0.39504894614219666, 0.4033791422843933, 0.40620294213294983, 0.41312122344970703, 0.4133094847202301, 0.41796875, 0.42378106713294983, 0.4336172938346863, 0.4395707845687866, 0.44747740030288696, 0.4546310305595398, 0.45769014954566956, 0.4664909541606903, 0.47284451127052307, 0.4819277226924896, 0.49018731713294983], "val_loss": [8.63289737701416, 5.297356605529785, 3.9310543537139893, 3.141115665435791, 2.661485433578491, 2.339219808578491, 2.1129074096679688, 1.9584028720855713, 1.849707841873169, 1.7757890224456787, 1.7247594594955444, 1.6832005977630615, 1.6584985256195068, 1.6311193704605103, 1.622558832168579, 1.5998268127441406, 1.6072514057159424, 1.6143945455551147, 1.6057151556015015, 1.6040399074554443, 1.6019067764282227, 1.5926802158355713, 1.5780541896820068, 1.5788161754608154, 1.5826953649520874, 1.595218300819397, 1.6057593822479248, 1.6040871143341064, 1.6211137771606445, 1.6371517181396484, 1.6567027568817139, 1.653202772140503, 1.702679991722107], "val_accuracy": [0.21562500298023224, 0.21904297173023224, 0.22392578423023224, 0.29345703125, 0.3076171875, 0.3121093809604645, 0.32499998807907104, 0.3311523497104645, 0.33251953125, 0.34101563692092896, 0.34404295682907104, 0.35429686307907104, 0.3651367127895355, 0.3672851622104645, 0.37666016817092896, 0.380859375, 0.3785156309604645, 0.37724608182907104, 0.38330078125, 0.384765625, 0.38505858182907104, 0.3896484375, 0.39208984375, 0.39189451932907104, 0.39042967557907104, 0.39140623807907104, 0.39042967557907104, 0.3919921815395355, 0.39091795682907104, 0.38623046875, 0.38447266817092896, 0.3882812559604645, 0.3843750059604645]}