{"loss": [12.902634620666504, 8.929887771606445, 6.2592597007751465, 4.58781623840332, 3.5315611362457275, 2.8570199012756348, 2.425572156906128, 2.14888334274292, 1.970503330230713, 1.8518913984298706, 1.77081298828125, 1.7187871932983398, 1.6797525882720947, 1.6523414850234985, 1.632341742515564, 1.616659164428711, 1.6040804386138916, 1.592402458190918, 1.5814552307128906, 1.5716030597686768, 1.5628329515457153, 1.5531904697418213, 1.544498085975647, 1.5333245992660522, 1.5233664512634277, 1.5084660053253174, 1.4928741455078125, 1.4803800582885742, 1.46533203125], "accuracy": [0.19535955786705017, 0.2212914228439331, 0.2642366290092468, 0.2848503291606903, 0.29125094413757324, 0.2948983311653137, 0.30104008316993713, 0.3028520345687866, 0.3088761270046234, 0.3128294348716736, 0.3191123902797699, 0.32504236698150635, 0.3294427692890167, 0.33299604058265686, 0.3395378291606903, 0.3404791057109833, 0.34551486372947693, 0.35238611698150635, 0.35913968086242676, 0.3628106117248535, 0.3673051595687866, 0.3727409541606903, 0.37911802530288696, 0.38773059844970703, 0.39253106713294983, 0.4029791057109833, 0.4113563597202301, 0.4181334674358368, 0.42841678857803345], "val_loss": [10.640785217285156, 7.419119834899902, 5.317933082580566, 3.9914145469665527, 3.142260789871216, 2.60261869430542, 2.26218318939209, 2.0432028770446777, 1.9027084112167358, 1.8080270290374756, 1.7444082498550415, 1.7002098560333252, 1.6719146966934204, 1.652398705482483, 1.641087293624878, 1.6281274557113647, 1.6203386783599854, 1.6151221990585327, 1.6144319772720337, 1.615816354751587, 1.6165084838867188, 1.618403673171997, 1.6250219345092773, 1.624311089515686, 1.633101463317871, 1.6340217590332031, 1.6455157995224, 1.6531339883804321, 1.6658916473388672], "val_accuracy": [0.21464844048023224, 0.23623046278953552, 0.28593748807907104, 0.29755860567092896, 0.3060546815395355, 0.30322265625, 0.3042968809604645, 0.3041015565395355, 0.31220704317092896, 0.3192382752895355, 0.3250976502895355, 0.33183592557907104, 0.33203125, 0.33740234375, 0.3375000059604645, 0.3421874940395355, 0.3446289002895355, 0.3447265625, 0.3462890684604645, 0.3447265625, 0.3448242247104645, 0.34501951932907104, 0.34501951932907104, 0.3446289002895355, 0.34208983182907104, 0.34375, 0.34248048067092896, 0.34150391817092896, 0.33984375]}