{"loss": [8.754338264465332, 4.830280780792236, 2.9549953937530518, 2.150106191635132, 1.8298841714859009, 1.6869577169418335, 1.6121574640274048, 1.561849594116211, 1.5249170064926147, 1.4917364120483398, 1.4672404527664185, 1.441025972366333, 1.4120302200317383, 1.3865408897399902, 1.359945297241211, 1.3328930139541626, 1.3274377584457397, 1.2546087503433228, 1.2034941911697388, 1.1494598388671875, 1.0911530256271362], "accuracy": [0.2029602825641632, 0.21385541558265686, 0.2679075598716736, 0.3182181715965271, 0.33572572469711304, 0.35344502329826355, 0.3728821575641632, 0.39253106713294983, 0.403685063123703, 0.4190512001514435, 0.4332878291606903, 0.44646555185317993, 0.46594974398612976, 0.4811982214450836, 0.4965173304080963, 0.5132953524589539, 0.5173428058624268, 0.5581936836242676, 0.5897260904312134, 0.6182934641838074, 0.6449548006057739], "val_loss": [6.315055847167969, 3.671571731567383, 2.511789560317993, 2.0168609619140625, 1.7913131713867188, 1.6852874755859375, 1.6015123128890991, 1.5653959512710571, 1.5479257106781006, 1.5364115238189697, 1.5346033573150635, 1.538577675819397, 1.5407679080963135, 1.5642859935760498, 1.5639671087265015, 1.6185758113861084, 1.6201568841934204, 1.6504204273223877, 1.6855846643447876, 1.7468210458755493, 1.8434457778930664], "val_accuracy": [0.20888671278953552, 0.2216796875, 0.2569335997104645, 0.31103515625, 0.3427734375, 0.34765625, 0.37519532442092896, 0.38457030057907104, 0.3877929747104645, 0.3949218690395355, 0.396484375, 0.3954101502895355, 0.3968749940395355, 0.39179688692092896, 0.39482420682907104, 0.37333983182907104, 0.3873046934604645, 0.3882812559604645, 0.38525390625, 0.38056641817092896, 0.3646484315395355]}