{"loss": [12.51962947845459, 6.8575944900512695, 4.6164116859436035, 3.4985392093658447, 2.901249408721924, 2.5110421180725098, 2.2432663440704346, 2.053889513015747, 1.919344425201416, 1.8228431940078735, 1.753452181816101, 1.7038272619247437, 1.6637390851974487, 1.6310632228851318, 1.6113524436950684, 1.5904117822647095, 1.5763362646102905, 1.5649644136428833, 1.5537116527557373, 1.5448397397994995, 1.5371774435043335, 1.5331735610961914, 1.5217640399932861, 1.5157527923583984, 1.5106676816940308, 1.5054517984390259, 1.4981824159622192, 1.490045428276062, 1.4819194078445435, 1.479290246963501, 1.4807803630828857, 1.4743690490722656, 1.4688926935195923, 1.4629706144332886, 1.4560520648956299, 1.4385201930999756, 1.4279718399047852], "accuracy": [0.19543015956878662, 0.20827843248844147, 0.2235504537820816, 0.28550922870635986, 0.2976515293121338, 0.3102174401283264, 0.31812405586242676, 0.32457172870635986, 0.334596186876297, 0.34259694814682007, 0.34638553857803345, 0.3539627194404602, 0.3629753291606903, 0.3758706748485565, 0.37991809844970703, 0.3883424401283264, 0.38982492685317993, 0.3985551595687866, 0.4046027958393097, 0.40709713101387024, 0.4106033444404602, 0.4141801595687866, 0.4184393882751465, 0.4250282347202301, 0.4298522174358368, 0.43199360370635986, 0.43669992685317993, 0.44119447469711304, 0.44808924198150635, 0.45093655586242676, 0.4508894979953766, 0.4564429521560669, 0.45769014954566956, 0.4623258709907532, 0.46879705786705017, 0.4786803424358368, 0.4890107214450836], "val_loss": [8.798685073852539, 5.4077324867248535, 3.986328601837158, 3.2166943550109863, 2.718027353286743, 2.3762218952178955, 2.1346652507781982, 1.9698346853256226, 1.8556759357452393, 1.7744910717010498, 1.7229677438735962, 1.6823654174804688, 1.6444441080093384, 1.6222879886627197, 1.6060041189193726, 1.591884970664978, 1.5888832807540894, 1.5797007083892822, 1.584919810295105, 1.5778541564941406, 1.586594820022583, 1.570676565170288, 1.569899559020996, 1.5791336297988892, 1.573222041130066, 1.5760263204574585, 1.5685621500015259, 1.5803310871124268, 1.5808697938919067, 1.6016067266464233, 1.6038286685943604, 1.601616621017456, 1.610388159751892, 1.6095269918441772, 1.6100540161132812, 1.6241686344146729, 1.6687214374542236], "val_accuracy": [0.21416015923023224, 0.21708984673023224, 0.24199219048023224, 0.26679688692092896, 0.2984375059604645, 0.3233398497104645, 0.33515626192092896, 0.3384765684604645, 0.34882813692092896, 0.3545898497104645, 0.3578124940395355, 0.3604492247104645, 0.3716796934604645, 0.37617188692092896, 0.37919920682907104, 0.38740235567092896, 0.38408201932907104, 0.3868164122104645, 0.3843750059604645, 0.3897460997104645, 0.38671875, 0.3955078125, 0.39716798067092896, 0.3905273377895355, 0.3958984315395355, 0.3956054747104645, 0.4014648497104645, 0.39482420682907104, 0.39863282442092896, 0.3887695372104645, 0.38720703125, 0.38916015625, 0.3890624940395355, 0.3915039002895355, 0.3934570252895355, 0.392578125, 0.37890625]}