{"loss": [12.875948905944824, 8.88076114654541, 6.240472793579102, 4.583491802215576, 3.5284066200256348, 2.855731725692749, 2.4250035285949707, 2.148862361907959, 1.969849944114685, 1.8516384363174438, 1.770385503768921, 1.7153682708740234, 1.677977204322815, 1.653547763824463, 1.6322910785675049, 1.6151783466339111, 1.6049678325653076, 1.5926954746246338, 1.5843570232391357, 1.575735092163086, 1.564656138420105, 1.5572892427444458, 1.5486857891082764, 1.537986397743225, 1.5284332036972046, 1.517638921737671, 1.5055524110794067, 1.490097999572754, 1.47807776927948, 1.4644646644592285], "accuracy": [0.19985410571098328, 0.23112763464450836, 0.2724021077156067, 0.2841208577156067, 0.28958019614219666, 0.2936982214450836, 0.30101656913757324, 0.3022872805595398, 0.30819371342658997, 0.3150884807109833, 0.3228303790092468, 0.32788968086242676, 0.33134883642196655, 0.3337019979953766, 0.3395143151283264, 0.3450677692890167, 0.3463384807109833, 0.35116246342658997, 0.3587867021560669, 0.35956326127052307, 0.36617565155029297, 0.37074077129364014, 0.3757294714450836, 0.3829537034034729, 0.38876599073410034, 0.39716678857803345, 0.40330854058265686, 0.4141801595687866, 0.42121610045433044, 0.4313347041606903], "val_loss": [10.605963706970215, 7.388250827789307, 5.308389186859131, 3.986313581466675, 3.140772581100464, 2.60127592086792, 2.260568141937256, 2.0418646335601807, 1.8977724313735962, 1.802058219909668, 1.7402026653289795, 1.6978743076324463, 1.6687616109848022, 1.6499292850494385, 1.6347687244415283, 1.628046989440918, 1.6241366863250732, 1.6126699447631836, 1.6098458766937256, 1.606328010559082, 1.6098495721817017, 1.6117198467254639, 1.6140758991241455, 1.6188923120498657, 1.6278674602508545, 1.631850242614746, 1.6312363147735596, 1.643991231918335, 1.6518728733062744, 1.6638917922973633], "val_accuracy": [0.21464844048023224, 0.2567382752895355, 0.28935545682907104, 0.30224609375, 0.3036132752895355, 0.3057617247104645, 0.3070312440395355, 0.31298828125, 0.31816405057907104, 0.32861328125, 0.3299804627895355, 0.3335937559604645, 0.33564454317092896, 0.33916014432907104, 0.34248048067092896, 0.34404295682907104, 0.3412109315395355, 0.3475585877895355, 0.3492187559604645, 0.349609375, 0.34599608182907104, 0.34394532442092896, 0.34423828125, 0.3418945372104645, 0.34111326932907104, 0.34355467557907104, 0.34892576932907104, 0.34589844942092896, 0.3447265625, 0.34296876192092896]}