{"loss": [41.18627166748047, 19.220516204833984, 11.883613586425781, 8.401815414428711, 6.219862937927246, 4.742948532104492, 3.710705280303955, 2.991807460784912, 2.501302719116211, 2.163724899291992, 1.937677264213562, 1.790101408958435, 1.693382978439331, 1.6262362003326416, 1.583377480506897, 1.5547794103622437, 1.5365409851074219, 1.5194194316864014, 1.5089459419250488, 1.499640703201294, 1.4929765462875366, 1.4831548929214478, 1.482600212097168, 1.475888967514038, 1.471008539199829, 1.4680304527282715, 1.4629812240600586, 1.4588689804077148, 1.4548749923706055, 1.454049825668335, 1.4451537132263184, 1.4420957565307617, 1.441859245300293, 1.4368988275527954, 1.4322854280471802, 1.4340389966964722, 1.4284456968307495, 1.4244405031204224, 1.4214181900024414, 1.416595697402954, 1.4119278192520142, 1.4088393449783325, 1.4001142978668213, 1.3875197172164917, 1.378488540649414, 1.365574598312378, 1.3566220998764038, 1.3495597839355469, 1.3393800258636475, 1.3292663097381592, 1.3215725421905518, 1.3144136667251587, 1.3041954040527344, 1.293360710144043, 1.2839128971099854, 1.2753794193267822], "accuracy": [0.239350825548172, 0.2700892984867096, 0.2871326208114624, 0.3406575620174408, 0.37060546875, 0.3807896077632904, 0.3855794370174408, 0.3921363353729248, 0.394926518201828, 0.3974376916885376, 0.3992978036403656, 0.3995768129825592, 0.4011346697807312, 0.4033435583114624, 0.4045526385307312, 0.4093191921710968, 0.40966796875, 0.4149228036403656, 0.4187360405921936, 0.4223167896270752, 0.423921138048172, 0.4284319281578064, 0.4252232015132904, 0.43115234375, 0.4322684109210968, 0.434268057346344, 0.4365466833114624, 0.4391043484210968, 0.4393833577632904, 0.4415225088596344, 0.4435686469078064, 0.4467308521270752, 0.4487537145614624, 0.4505673348903656, 0.4531947672367096, 0.4525902271270752, 0.4534970223903656, 0.457124263048172, 0.460146963596344, 0.463960200548172, 0.4655877947807312, 0.4697730541229248, 0.4778878390789032, 0.4844214916229248, 0.4927920401096344, 0.4999535083770752, 0.504999041557312, 0.5106492042541504, 0.5160900354385376, 0.5224144458770752, 0.5263439416885376, 0.5297386646270752, 0.5363653302192688, 0.541317880153656, 0.5477585792541504, 0.5560128092765808], "val_loss": [25.9477596282959, 14.401566505432129, 9.838664054870605, 7.201201438903809, 5.417040824890137, 4.177515029907227, 3.306122303009033, 2.7068073749542236, 2.3028786182403564, 2.0332584381103516, 1.8521604537963867, 1.7358102798461914, 1.6647883653640747, 1.608808994293213, 1.57711660861969, 1.5530604124069214, 1.5365771055221558, 1.5288031101226807, 1.523816466331482, 1.5175050497055054, 1.5005499124526978, 1.4968366622924805, 1.4861711263656616, 1.4824050664901733, 1.4812376499176025, 1.4761481285095215, 1.4715327024459839, 1.4703203439712524, 1.4710773229599, 1.4683818817138672, 1.4650105237960815, 1.462960958480835, 1.466234803199768, 1.4660546779632568, 1.4605367183685303, 1.4617356061935425, 1.4636154174804688, 1.4602456092834473, 1.4629461765289307, 1.459645390510559, 1.462192416191101, 1.4636694192886353, 1.4474399089813232, 1.4389680624008179, 1.432571530342102, 1.4316396713256836, 1.4399266242980957, 1.4421758651733398, 1.4368895292282104, 1.4368975162506104, 1.4600647687911987, 1.4718077182769775, 1.4580392837524414, 1.4608817100524902, 1.4613348245620728, 1.4814519882202148], "val_accuracy": [0.2730654776096344, 0.2807849645614624, 0.2821800708770752, 0.3440290093421936, 0.3740699291229248, 0.3822544515132904, 0.3893229067325592, 0.3959263265132904, 0.3960193395614624, 0.3955543041229248, 0.3967633843421936, 0.3955543041229248, 0.3952752947807312, 0.398251473903656, 0.4008556604385376, 0.400297611951828, 0.4028087854385376, 0.4090401828289032, 0.4067150354385376, 0.4104352593421936, 0.4182477593421936, 0.4173177182674408, 0.4202008843421936, 0.4203869104385376, 0.4206659197807312, 0.4243861734867096, 0.4280133843421936, 0.4282924234867096, 0.4290364682674408, 0.4290364682674408, 0.4308965802192688, 0.4326636791229248, 0.431733638048172, 0.4326636791229248, 0.4348958432674408, 0.4339657723903656, 0.4340587854385376, 0.4378720223903656, 0.4390811026096344, 0.4411272406578064, 0.4446614682674408, 0.4467075765132904, 0.4566592276096344, 0.4609375, 0.4665178656578064, 0.4712611734867096, 0.470517098903656, 0.4691220223903656, 0.4735863208770752, 0.478329598903656, 0.476376473903656, 0.4702380895614624, 0.4760044515132904, 0.4759114682674408, 0.4793526828289032, 0.474423348903656]}