{"loss": [41.41908264160156, 19.42681884765625, 11.870007514953613, 8.396142959594727, 6.2314019203186035, 4.752087116241455, 3.7295279502868652, 3.021552562713623, 2.533604145050049, 2.2029008865356445, 1.979495644569397, 1.8287379741668701, 1.7292996644973755, 1.6644176244735718, 1.618913173675537, 1.5922101736068726, 1.5705548524856567, 1.555088996887207, 1.5423359870910645, 1.5342087745666504, 1.5248496532440186, 1.516811490058899, 1.508435845375061, 1.50278902053833, 1.494573712348938, 1.4860594272613525, 1.4807841777801514, 1.4723174571990967, 1.4686150550842285, 1.4591126441955566, 1.4518673419952393, 1.4472439289093018, 1.440142273902893, 1.4321342706680298, 1.424619197845459, 1.4151054620742798, 1.4123225212097168, 1.4040828943252563, 1.3950189352035522, 1.3871322870254517, 1.3838456869125366, 1.3748000860214233], "accuracy": [0.19691264629364014, 0.22590361535549164, 0.28310900926589966, 0.2980986535549164, 0.32591304183006287, 0.34050264954566956, 0.3466208577156067, 0.35163310170173645, 0.35565701127052307, 0.36113986372947693, 0.3664815425872803, 0.3713996708393097, 0.3771178424358368, 0.3814947307109833, 0.3865775465965271, 0.3883894979953766, 0.39351940155029297, 0.39973172545433044, 0.40224963426589966, 0.4098503291606903, 0.413450688123703, 0.41730985045433044, 0.42498117685317993, 0.4262283444404602, 0.4336172938346863, 0.4387236535549164, 0.44166508316993713, 0.446653813123703, 0.45032474398612976, 0.4543486535549164, 0.4602080285549164, 0.46354952454566956, 0.46684393286705017, 0.4711972773075104, 0.4762330651283264, 0.48428088426589966, 0.48458677530288696, 0.48988139629364014, 0.49508190155029297, 0.5014824867248535, 0.5031061768531799, 0.5091537833213806], "val_loss": [26.277435302734375, 14.549209594726562, 9.878080368041992, 7.252470970153809, 5.469625473022461, 4.211416721343994, 3.343806028366089, 2.750688076019287, 2.345113515853882, 2.0685276985168457, 1.8897231817245483, 1.7703933715820312, 1.6918728351593018, 1.6433683633804321, 1.6132396459579468, 1.5908222198486328, 1.579189419746399, 1.5643821954727173, 1.5656996965408325, 1.5551398992538452, 1.5523651838302612, 1.5465296506881714, 1.5454397201538086, 1.5415607690811157, 1.5445712804794312, 1.540997862815857, 1.5351459980010986, 1.5347685813903809, 1.5385544300079346, 1.5314996242523193, 1.5259788036346436, 1.5239489078521729, 1.5275169610977173, 1.526581048965454, 1.5271108150482178, 1.5363078117370605, 1.5374706983566284, 1.539514422416687, 1.5488122701644897, 1.5505540370941162, 1.5611785650253296, 1.5594604015350342], "val_accuracy": [0.2080078125, 0.216796875, 0.23300781846046448, 0.25849610567092896, 0.3006835877895355, 0.3250976502895355, 0.34589844942092896, 0.34990233182907104, 0.3568359315395355, 0.3641601502895355, 0.3667968809604645, 0.3695312440395355, 0.3765625059604645, 0.37861329317092896, 0.3837890625, 0.3858398497104645, 0.3885742127895355, 0.38916015625, 0.38818359375, 0.3919921815395355, 0.39423829317092896, 0.39765626192092896, 0.39531248807907104, 0.3975585997104645, 0.39921873807907104, 0.40283203125, 0.4058593809604645, 0.4078125059604645, 0.40605467557907104, 0.4071289002895355, 0.40898436307907104, 0.41142576932907104, 0.4117187559604645, 0.41484373807907104, 0.41484373807907104, 0.4130859375, 0.4141601622104645, 0.41630858182907104, 0.4141601622104645, 0.4146484434604645, 0.4126953184604645, 0.41748046875]}