{"loss": [20.948871612548828, 9.933470726013184, 6.436616897583008, 4.720384120941162, 3.6120121479034424, 2.9088001251220703, 2.435091495513916, 2.1220366954803467, 1.9136145114898682, 1.775214672088623, 1.684993863105774, 1.622446894645691, 1.5821644067764282, 1.5538557767868042, 1.5326052904129028, 1.5128350257873535, 1.504239559173584, 1.494562029838562, 1.483211636543274, 1.47976553440094, 1.4741663932800293, 1.4687676429748535, 1.4666061401367188, 1.4619628190994263, 1.4532907009124756, 1.4498406648635864, 1.447522759437561, 1.4438709020614624, 1.435788869857788, 1.4346600770950317, 1.4306635856628418, 1.4281494617462158, 1.4194916486740112, 1.4163404703140259, 1.4096077680587769, 1.4044805765151978, 1.3964533805847168, 1.3898354768753052, 1.3836867809295654, 1.372349500656128], "accuracy": [0.23919548094272614, 0.2713804841041565, 0.28590425848960876, 0.329517126083374, 0.37213265895843506, 0.3833111822605133, 0.39145612716674805, 0.39409491419792175, 0.39613115787506104, 0.39800116419792175, 0.40219831466674805, 0.4054604470729828, 0.4083070158958435, 0.4110496938228607, 0.41516372561454773, 0.419921875, 0.4242021143436432, 0.42563581466674805, 0.43128740787506104, 0.43051862716674805, 0.4344664216041565, 0.4348819851875305, 0.43646109104156494, 0.4374792277812958, 0.443359375, 0.4444398283958435, 0.44614362716674805, 0.4483253061771393, 0.45140042901039124, 0.453893780708313, 0.45686501264572144, 0.4586934745311737, 0.4651554226875305, 0.4663189947605133, 0.4691239893436432, 0.4740276038646698, 0.4787857234477997, 0.4811752140522003, 0.4892785847187042, 0.49524185061454773], "val_loss": [13.16418743133545, 7.639224529266357, 5.4430437088012695, 4.104776382446289, 3.2328176498413086, 2.644834280014038, 2.2551426887512207, 2.0119943618774414, 1.8324275016784668, 1.7221852540969849, 1.6484006643295288, 1.60001802444458, 1.5680104494094849, 1.54190993309021, 1.5274659395217896, 1.515170693397522, 1.50673508644104, 1.5030958652496338, 1.4987916946411133, 1.4967347383499146, 1.4959704875946045, 1.4892010688781738, 1.4865723848342896, 1.4874961376190186, 1.4883489608764648, 1.4897574186325073, 1.48493230342865, 1.4878379106521606, 1.4860179424285889, 1.484452486038208, 1.4888393878936768, 1.4899284839630127, 1.489660382270813, 1.493050456047058, 1.4969372749328613, 1.4967031478881836, 1.5042122602462769, 1.507931113243103, 1.513891339302063, 1.5192761421203613], "val_accuracy": [0.26978600025177, 0.279296875, 0.2911854684352875, 0.35555365681648254, 0.37686821818351746, 0.39317256212234497, 0.3952105939388275, 0.39070990681648254, 0.396484375, 0.39699387550354004, 0.40404212474823, 0.40658968687057495, 0.40896740555763245, 0.4136379063129425, 0.41576087474823, 0.4197520315647125, 0.42289403080940247, 0.421875, 0.420771062374115, 0.42051631212234497, 0.420771062374115, 0.4242527186870575, 0.4245074689388275, 0.42374321818351746, 0.42289403080940247, 0.41983696818351746, 0.42323368787765503, 0.42246943712234497, 0.42459240555763245, 0.424932062625885, 0.42552649974823, 0.4273097813129425, 0.4251019060611725, 0.42671534419059753, 0.42544156312942505, 0.42433762550354004, 0.42306384444236755, 0.42162024974823, 0.421875, 0.42212975025177]}