{"loss": [12.584031105041504, 6.949242115020752, 4.676734447479248, 3.573131799697876, 2.9101476669311523, 2.5139453411102295, 2.244288444519043, 2.055040121078491, 1.9222646951675415, 1.8275108337402344, 1.7621046304702759, 1.7128698825836182, 1.6776485443115234, 1.6487915515899658, 1.6254968643188477, 1.6098908185958862, 1.5877023935317993, 1.5752211809158325, 1.5661211013793945, 1.5564124584197998, 1.5463628768920898, 1.5380550622940063, 1.5285156965255737, 1.5211349725723267, 1.5141003131866455, 1.5070258378982544, 1.502652645111084, 1.4939888715744019, 1.4846282005310059, 1.4774596691131592, 1.4678421020507812, 1.4601904153823853], "accuracy": [0.19957172870635986, 0.20667827129364014, 0.20891377329826355, 0.24461126327514648, 0.2903096675872803, 0.3015342652797699, 0.3074171543121338, 0.31706514954566956, 0.3225950598716736, 0.328736811876297, 0.3341020345687866, 0.3409262001514435, 0.3481504023075104, 0.3562452793121338, 0.37088197469711304, 0.37344691157341003, 0.38528332114219666, 0.39144861698150635, 0.397096186876297, 0.4002729654312134, 0.4062264561653137, 0.4107916057109833, 0.41850998997688293, 0.42211031913757324, 0.4299698770046234, 0.43338197469711304, 0.4359704554080963, 0.4421592652797699, 0.44761860370635986, 0.4535720944404602, 0.4643495976924896, 0.4690559208393097], "val_loss": [8.89869499206543, 5.478294849395752, 4.032571792602539, 3.196868896484375, 2.6966516971588135, 2.3616771697998047, 2.130281925201416, 1.9711730480194092, 1.8605632781982422, 1.7860645055770874, 1.7313445806503296, 1.6887372732162476, 1.659928321838379, 1.6442139148712158, 1.620955467224121, 1.6156480312347412, 1.607884407043457, 1.5871609449386597, 1.5810420513153076, 1.581503987312317, 1.5764002799987793, 1.5756429433822632, 1.5849157571792603, 1.580338716506958, 1.593891978263855, 1.5846890211105347, 1.6039727926254272, 1.6011844873428345, 1.5936295986175537, 1.5958718061447144, 1.609093427658081, 1.6194549798965454], "val_accuracy": [0.21738281846046448, 0.22050781548023224, 0.22392578423023224, 0.2891601622104645, 0.3042968809604645, 0.3091796934604645, 0.3194335997104645, 0.32832032442092896, 0.33222657442092896, 0.3330078125, 0.33818358182907104, 0.34833985567092896, 0.35664063692092896, 0.3617187440395355, 0.369140625, 0.36962890625, 0.37617188692092896, 0.38691407442092896, 0.38896483182907104, 0.38847655057907104, 0.3915039002895355, 0.3934570252895355, 0.3885742127895355, 0.39570313692092896, 0.39130860567092896, 0.39179688692092896, 0.38837891817092896, 0.3907226622104645, 0.39082032442092896, 0.3915039002895355, 0.38847655057907104, 0.3857421875]}