{"loss": [9.199625015258789, 7.189979553222656, 5.663504123687744, 4.570465087890625, 3.7618253231048584, 3.1644933223724365, 2.7247092723846436, 2.4054017066955566, 2.1769914627075195, 2.0136656761169434, 1.896216869354248, 1.8149213790893555, 1.7559571266174316, 1.717136025428772, 1.6884548664093018, 1.6696391105651855, 1.6557306051254272, 1.643287181854248, 1.6367906332015991, 1.629481315612793, 1.6255998611450195, 1.6208319664001465, 1.6155847311019897, 1.6116641759872437, 1.6074802875518799, 1.6026597023010254, 1.5979825258255005, 1.5925278663635254, 1.5873243808746338, 1.5807195901870728, 1.5768961906433105, 1.569573998451233, 1.5628536939620972, 1.555479645729065, 1.5488739013671875, 1.5414707660675049], "accuracy": [0.19705383479595184, 0.23249247670173645, 0.27230799198150635, 0.2794615924358368, 0.2884742021560669, 0.2880271077156067, 0.2935570478439331, 0.2932511270046234, 0.2968985438346863, 0.2995340824127197, 0.3012754023075104, 0.3025696575641632, 0.30400508642196655, 0.30522873997688293, 0.30689945816993713, 0.30704066157341003, 0.30913498997688293, 0.31290003657341003, 0.31073513627052307, 0.3137471675872803, 0.31285297870635986, 0.31831231713294983, 0.31854763627052307, 0.3218420445919037, 0.3249952793121338, 0.32927805185317993, 0.33304309844970703, 0.33690229058265686, 0.3393495976924896, 0.3416556715965271, 0.3440794348716736, 0.3501976728439331, 0.35556286573410034, 0.35883376002311707, 0.3643401861190796, 0.36634036898612976], "val_loss": [8.105487823486328, 6.349246978759766, 5.061212539672852, 4.11573600769043, 3.417644500732422, 2.9059128761291504, 2.5338149070739746, 2.2651748657226562, 2.0731823444366455, 1.9375874996185303, 1.8418279886245728, 1.7756729125976562, 1.729524850845337, 1.698430061340332, 1.675898790359497, 1.6607811450958252, 1.6505718231201172, 1.6435238122940063, 1.6382482051849365, 1.6341463327407837, 1.631292700767517, 1.6300309896469116, 1.6272594928741455, 1.6251800060272217, 1.6243425607681274, 1.6232116222381592, 1.6236724853515625, 1.6257816553115845, 1.6293933391571045, 1.6304807662963867, 1.6290948390960693, 1.6339555978775024, 1.6403656005859375, 1.6487821340560913, 1.6575969457626343, 1.6656391620635986], "val_accuracy": [0.2177734375, 0.2611328065395355, 0.2930664122104645, 0.30224609375, 0.3018554747104645, 0.30292969942092896, 0.30449217557907104, 0.30615234375, 0.306640625, 0.3065429627895355, 0.3067382872104645, 0.30732423067092896, 0.3077148497104645, 0.30732423067092896, 0.30976563692092896, 0.3091796934604645, 0.3082031309604645, 0.30888670682907104, 0.30683594942092896, 0.3062500059604645, 0.3082031309604645, 0.3076171875, 0.31025391817092896, 0.3138671815395355, 0.31328123807907104, 0.31806641817092896, 0.3154296875, 0.31660157442092896, 0.31474608182907104, 0.3174804747104645, 0.31953126192092896, 0.32011717557907104, 0.3187499940395355, 0.31494140625, 0.31074219942092896, 0.3094726502895355]}