{"loss": [12.426654815673828, 6.773838996887207, 4.558625221252441, 3.4801013469696045, 2.8909401893615723, 2.5075111389160156, 2.2412726879119873, 2.0534541606903076, 1.920011043548584, 1.8249274492263794, 1.75464928150177, 1.704018235206604, 1.66457998752594, 1.6348211765289307, 1.6126935482025146, 1.5940184593200684, 1.5805846452713013, 1.5674598217010498, 1.5612090826034546, 1.5507426261901855, 1.5420608520507812, 1.5361876487731934, 1.52895987033844, 1.5190715789794922, 1.5134508609771729, 1.5093573331832886, 1.5038799047470093, 1.496206283569336, 1.4888373613357544, 1.4840184450149536, 1.4758679866790771, 1.4679226875305176, 1.4616930484771729, 1.4528757333755493], "accuracy": [0.19825395941734314, 0.20947854220867157, 0.2297392636537552, 0.2815794348716736, 0.296263188123703, 0.30176958441734314, 0.31226468086242676, 0.3198889195919037, 0.33031344413757324, 0.33586689829826355, 0.3464796543121338, 0.35175076127052307, 0.3622223138809204, 0.3717997074127197, 0.3777061402797699, 0.3844361901283264, 0.38737764954566956, 0.39488422870635986, 0.39460185170173645, 0.4023202061653137, 0.40855610370635986, 0.41039156913757324, 0.41340360045433044, 0.4217573404312134, 0.4230986535549164, 0.42749905586242676, 0.43051111698150635, 0.4350527226924896, 0.44234752655029297, 0.4447477459907532, 0.4511954188346863, 0.45681947469711304, 0.4643495976924896, 0.46684393286705017], "val_loss": [8.69145393371582, 5.34908390045166, 3.96368670463562, 3.210297107696533, 2.7274842262268066, 2.3873870372772217, 2.1472833156585693, 1.976832628250122, 1.8595199584960938, 1.7830251455307007, 1.7240206003189087, 1.6797926425933838, 1.6484524011611938, 1.6271451711654663, 1.615248441696167, 1.608034372329712, 1.5951659679412842, 1.5950106382369995, 1.5864875316619873, 1.5824334621429443, 1.5826599597930908, 1.574904203414917, 1.5801546573638916, 1.572013020515442, 1.5728013515472412, 1.576631784439087, 1.5760875940322876, 1.5786255598068237, 1.5804017782211304, 1.5839860439300537, 1.589200735092163, 1.5995203256607056, 1.599835991859436, 1.6093292236328125], "val_accuracy": [0.21279296278953552, 0.21123047173023224, 0.2294921875, 0.2515625059604645, 0.28173828125, 0.3095703125, 0.3197265565395355, 0.3301757872104645, 0.33623045682907104, 0.3382812440395355, 0.3487304747104645, 0.3583007752895355, 0.365234375, 0.37041014432907104, 0.36992186307907104, 0.3707031309604645, 0.3750976622104645, 0.37626951932907104, 0.3828125, 0.3856445252895355, 0.3828125, 0.38671875, 0.38623046875, 0.3921875059604645, 0.39306640625, 0.3907226622104645, 0.3916015625, 0.39228516817092896, 0.39238280057907104, 0.3892578184604645, 0.39091795682907104, 0.38740235567092896, 0.39111328125, 0.3900390565395355]}