{"loss": [12.835492134094238, 8.149040222167969, 5.476364612579346, 3.9582552909851074, 3.075141429901123, 2.5376572608947754, 2.128587245941162, 1.8855557441711426, 1.7383910417556763, 1.6249909400939941, 1.5344491004943848, 1.456926703453064, 1.3943030834197998, 1.3681873083114624, 1.3082243204116821, 1.2370773553848267, 1.2713526487350464, 1.181871771812439, 0.9892008900642395, 0.8314490914344788, 1.0262454748153687, 0.8979083299636841], "accuracy": [0.20439571142196655, 0.20813722908496857, 0.2110786885023117, 0.22919803857803345, 0.25296497344970703, 0.2865446209907532, 0.35626882314682007, 0.39088383316993713, 0.4046027958393097, 0.42975810170173645, 0.4495246708393097, 0.4741622805595398, 0.49451711773872375, 0.5006588697433472, 0.5233198404312134, 0.5614410638809204, 0.5385212898254395, 0.5816782712936401, 0.6760871410369873, 0.7496705651283264, 0.6471903324127197, 0.7079489827156067], "val_loss": [10.03736686706543, 6.545444488525391, 4.5733137130737305, 3.4506077766418457, 2.76643705368042, 2.3662848472595215, 2.0091872215270996, 1.8367938995361328, 1.7340017557144165, 1.6629412174224854, 1.6278059482574463, 1.6192657947540283, 1.6259090900421143, 1.6421070098876953, 1.6833280324935913, 1.7686223983764648, 1.810116171836853, 1.9026710987091064, 2.0431575775146484, 2.3153982162475586, 2.2638344764709473, 2.3750784397125244], "val_accuracy": [0.20781250298023224, 0.20781250298023224, 0.21992187201976776, 0.23525390028953552, 0.2587890625, 0.2925781309604645, 0.36259764432907104, 0.3792968690395355, 0.3851562440395355, 0.3921875059604645, 0.3968749940395355, 0.3951171934604645, 0.38447266817092896, 0.38496094942092896, 0.3794921934604645, 0.3709960877895355, 0.37060546875, 0.37255859375, 0.365234375, 0.3519531190395355, 0.3041015565395355, 0.32099610567092896]}