{"loss": [12.459609031677246, 6.805551052093506, 4.58915376663208, 3.5045642852783203, 2.891275644302368, 2.5093486309051514, 2.241617441177368, 2.0524983406066895, 1.9212985038757324, 1.8251705169677734, 1.7574903964996338, 1.70606529712677, 1.6694419384002686, 1.64237380027771, 1.6146867275238037, 1.5965853929519653, 1.5811108350753784, 1.56723153591156, 1.554858922958374, 1.5465281009674072, 1.5352891683578491, 1.5287673473358154, 1.523430585861206, 1.5136889219284058, 1.5064120292663574, 1.4990278482437134, 1.4941586256027222, 1.4874918460845947, 1.478658676147461, 1.4702229499816895, 1.4645363092422485, 1.4596749544143677, 1.449512243270874], "accuracy": [0.19952839612960815, 0.20719797909259796, 0.21203315258026123, 0.2651486396789551, 0.29594606161117554, 0.30373474955558777, 0.31126144528388977, 0.31902629137039185, 0.32557642459869385, 0.3318168818950653, 0.3404868543148041, 0.35068121552467346, 0.3539443612098694, 0.36323362588882446, 0.3747856318950653, 0.37943026423454285, 0.3890053331851959, 0.3951028883457184, 0.39972370862960815, 0.40501144528388977, 0.41053736209869385, 0.41668254137039185, 0.4189453125, 0.42428067326545715, 0.43054497241973877, 0.4363328814506531, 0.4400247633457184, 0.4430735409259796, 0.44848036766052246, 0.45419684052467346, 0.45734089612960815, 0.4672732353210449, 0.47096511721611023], "val_loss": [8.745501518249512, 5.365679740905762, 3.9776711463928223, 3.2063148021698, 2.7267162799835205, 2.3889129161834717, 2.146812677383423, 1.9782383441925049, 1.8620929718017578, 1.7898346185684204, 1.7347748279571533, 1.6919071674346924, 1.6658977270126343, 1.6390302181243896, 1.6171281337738037, 1.6058216094970703, 1.6002445220947266, 1.5876681804656982, 1.5785083770751953, 1.5848314762115479, 1.5797531604766846, 1.5759891271591187, 1.5746784210205078, 1.5769809484481812, 1.5766581296920776, 1.5780608654022217, 1.5879929065704346, 1.5918329954147339, 1.5883002281188965, 1.598375678062439, 1.5980571508407593, 1.6141445636749268, 1.6210529804229736], "val_accuracy": [0.20947265625, 0.21162109076976776, 0.21650390326976776, 0.2608398497104645, 0.28291016817092896, 0.30048829317092896, 0.31640625, 0.32294923067092896, 0.33173829317092896, 0.33222657442092896, 0.33710938692092896, 0.3456054627895355, 0.3495117127895355, 0.35908204317092896, 0.3707031309604645, 0.37470704317092896, 0.37578123807907104, 0.38261717557907104, 0.38398438692092896, 0.3846679627895355, 0.3871093690395355, 0.3907226622104645, 0.39140623807907104, 0.39238280057907104, 0.3905273377895355, 0.3924804627895355, 0.38847655057907104, 0.3868164122104645, 0.39082032442092896, 0.3875976502895355, 0.39384764432907104, 0.3868164122104645, 0.38740235567092896]}