{"loss": [12.327693939208984, 6.638669490814209, 4.51976203918457, 3.5386903285980225, 2.9569833278656006, 2.5687854290008545, 2.2943453788757324, 2.0985448360443115, 1.9584459066390991, 1.8594472408294678, 1.7865875959396362, 1.7359775304794312, 1.697808861732483, 1.6710032224655151, 1.6500552892684937, 1.6340326070785522, 1.6243720054626465, 1.6112674474716187, 1.6045653820037842, 1.6000539064407349, 1.5928210020065308, 1.5887393951416016, 1.5846033096313477, 1.5807338953018188, 1.574832797050476, 1.5715256929397583, 1.568598747253418, 1.5614112615585327, 1.5596340894699097, 1.5554988384246826, 1.5520206689834595], "accuracy": [0.2059958577156067, 0.26738986372947693, 0.2882859706878662, 0.30384036898612976, 0.3114646077156067, 0.31530025601387024, 0.3230421543121338, 0.32504236698150635, 0.3270660638809204, 0.3331137001514435, 0.33478444814682007, 0.34170275926589966, 0.3429969847202301, 0.3485269248485565, 0.35269200801849365, 0.356080561876297, 0.3594926595687866, 0.3617517054080963, 0.3645990192890167, 0.37083491683006287, 0.3733527958393097, 0.3739646077156067, 0.3772590458393097, 0.38290661573410034, 0.3883424401283264, 0.3904837965965271, 0.39488422870635986, 0.3985787034034729, 0.40349680185317993, 0.40843844413757324, 0.4119917154312134], "val_loss": [8.58167839050293, 5.322262287139893, 3.966918468475342, 3.2193336486816406, 2.7370989322662354, 2.4083871841430664, 2.175511598587036, 2.0117571353912354, 1.8921992778778076, 1.8138635158538818, 1.7612221240997314, 1.7210792303085327, 1.6846885681152344, 1.6644681692123413, 1.654670000076294, 1.6397384405136108, 1.635629415512085, 1.632399559020996, 1.6239732503890991, 1.6224744319915771, 1.6222139596939087, 1.623562216758728, 1.6254241466522217, 1.627835988998413, 1.629194974899292, 1.632082223892212, 1.6364777088165283, 1.638941764831543, 1.6484521627426147, 1.6547410488128662, 1.665917992591858], "val_accuracy": [0.22470703721046448, 0.27119141817092896, 0.2987304627895355, 0.3143554627895355, 0.32539063692092896, 0.32597655057907104, 0.328125, 0.3392578065395355, 0.34199219942092896, 0.3408203125, 0.3392578065395355, 0.34160155057907104, 0.3467773497104645, 0.34882813692092896, 0.3482421934604645, 0.3524414002895355, 0.35234373807907104, 0.3531250059604645, 0.3560546934604645, 0.3578124940395355, 0.3545898497104645, 0.35664063692092896, 0.35673826932907104, 0.3548828065395355, 0.3597656190395355, 0.35791015625, 0.35624998807907104, 0.3589843809604645, 0.3543945252895355, 0.35595703125, 0.35126954317092896]}