{"loss": [46.62595748901367, 28.17670249938965, 17.32676124572754, 11.058581352233887, 7.419254779815674, 5.2632269859313965, 3.94751238822937, 3.1171398162841797, 2.581130027770996, 2.2298972606658936, 2.000845193862915, 1.8488658666610718, 1.7503160238265991, 1.6861517429351807, 1.6456458568572998, 1.6178257465362549, 1.6000721454620361, 1.5869578123092651, 1.5777485370635986, 1.5698297023773193, 1.56414794921875, 1.5590810775756836, 1.5558973550796509, 1.548209547996521, 1.543404221534729, 1.539111614227295, 1.5350165367126465, 1.5316826105117798, 1.527083396911621, 1.5227150917053223, 1.5171302556991577, 1.5138434171676636, 1.5106955766677856], "accuracy": [0.2016189694404602, 0.2717902958393097, 0.31464138627052307, 0.33163121342658997, 0.3383847773075104, 0.33902013301849365, 0.3450677692890167, 0.34546780586242676, 0.34680911898612976, 0.3477739095687866, 0.35179781913757324, 0.3531861901283264, 0.3568335771560669, 0.3601515293121338, 0.3600103557109833, 0.3639166057109833, 0.36542263627052307, 0.36829349398612976, 0.37161144614219666, 0.3747176229953766, 0.37459996342658997, 0.3794004023075104, 0.37975338101387024, 0.38213008642196655, 0.3865540325641632, 0.38773059844970703, 0.39053088426589966, 0.39278990030288696, 0.3969314694404602, 0.3971903324127197, 0.40243786573410034, 0.4026731848716736, 0.4061087965965271], "val_loss": [35.78075408935547, 21.80666732788086, 13.687158584594727, 8.96442985534668, 6.18896484375, 4.511135101318359, 3.467444658279419, 2.801011323928833, 2.371882677078247, 2.089306354522705, 1.9070196151733398, 1.7883926630020142, 1.7124313116073608, 1.6640870571136475, 1.633334755897522, 1.6081622838974, 1.5933036804199219, 1.5854918956756592, 1.5775715112686157, 1.5733654499053955, 1.5700749158859253, 1.5680395364761353, 1.5660667419433594, 1.5688976049423218, 1.5692287683486938, 1.569576382637024, 1.5731980800628662, 1.5732358694076538, 1.580611228942871, 1.576073408126831, 1.5803155899047852, 1.583669662475586, 1.5804189443588257], "val_accuracy": [0.21240234375, 0.24433593451976776, 0.26103514432907104, 0.3065429627895355, 0.3331054747104645, 0.3436523377895355, 0.3466796875, 0.35039061307907104, 0.349609375, 0.3516601622104645, 0.35205078125, 0.35126954317092896, 0.35419923067092896, 0.35527342557907104, 0.35908204317092896, 0.36210936307907104, 0.36572265625, 0.36689454317092896, 0.3701171875, 0.36835938692092896, 0.36748045682907104, 0.36982423067092896, 0.3702148497104645, 0.36796873807907104, 0.3681640625, 0.36787110567092896, 0.3685546815395355, 0.3687500059604645, 0.36474609375, 0.36699217557907104, 0.3690429627895355, 0.3658203184604645, 0.36865234375]}