{"loss": [41.2760124206543, 19.250320434570312, 11.887264251708984, 8.392434120178223, 6.235695838928223, 4.7599992752075195, 3.728292942047119, 3.0082411766052246, 2.5110316276550293, 2.1722376346588135, 1.944840431213379, 1.7915184497833252, 1.6704652309417725, 1.5814441442489624, 1.5303312540054321, 1.5001639127731323, 1.4750213623046875, 1.4610002040863037, 1.4428995847702026, 1.437042474746704, 1.4262281656265259, 1.417784333229065, 1.4133840799331665, 1.407082200050354, 1.3999712467193604, 1.3938099145889282, 1.3914381265640259, 1.3843287229537964, 1.3806838989257812, 1.3760420083999634, 1.3720533847808838, 1.3661009073257446, 1.357986569404602, 1.3558063507080078, 1.3559881448745728, 1.3475253582000732, 1.3418991565704346, 1.3429023027420044, 1.3398946523666382, 1.3283659219741821, 1.3228219747543335, 1.3202173709869385], "accuracy": [0.2404901385307312, 0.2757161557674408, 0.2986886203289032, 0.3570033609867096, 0.3752092719078064, 0.3818126916885376, 0.3892996609210968, 0.3927408754825592, 0.3935081958770752, 0.3963448703289032, 0.3995768129825592, 0.4036923348903656, 0.423828125, 0.4382440447807312, 0.4472888708114624, 0.448056161403656, 0.455961674451828, 0.456240713596344, 0.46533203125, 0.4646112322807312, 0.4690057635307312, 0.4740978479385376, 0.4729120135307312, 0.4794456958770752, 0.4811895489692688, 0.4825846254825592, 0.4865373969078064, 0.4877464771270752, 0.4910016655921936, 0.4926990270614624, 0.4971400797367096, 0.4982561469078064, 0.5043480396270752, 0.5037667155265808, 0.5053943395614624, 0.5090448260307312, 0.5107189416885376, 0.51123046875, 0.5142066478729248, 0.5188104510307312, 0.524042010307312, 0.52685546875], "val_loss": [26.000627517700195, 14.41801929473877, 9.853255271911621, 7.210707664489746, 5.438565731048584, 4.192632675170898, 3.3316421508789062, 2.7314724922180176, 2.318938970565796, 2.0484156608581543, 1.8671284914016724, 1.7285276651382446, 1.6030237674713135, 1.542734980583191, 1.5088293552398682, 1.481812596321106, 1.466296911239624, 1.449649691581726, 1.448655128479004, 1.4412462711334229, 1.4277807474136353, 1.420975685119629, 1.4181416034698486, 1.4125089645385742, 1.4123116731643677, 1.4157936573028564, 1.4066568613052368, 1.4062798023223877, 1.401304841041565, 1.3972305059432983, 1.3965702056884766, 1.3944449424743652, 1.398341178894043, 1.3945658206939697, 1.3953419923782349, 1.398511290550232, 1.4011023044586182, 1.3963651657104492, 1.3988431692123413, 1.4000238180160522, 1.4133137464523315, 1.4165948629379272], "val_accuracy": [0.2717633843421936, 0.275297611951828, 0.2867373526096344, 0.3543526828289032, 0.379092276096344, 0.3844866156578064, 0.3834635317325592, 0.388671875, 0.394717276096344, 0.3931361734867096, 0.3921130895614624, 0.4055989682674408, 0.435360848903656, 0.445405513048172, 0.4475446343421936, 0.4539620578289032, 0.4584263265132904, 0.462983638048172, 0.462704598903656, 0.4645647406578064, 0.4676339328289032, 0.4718191921710968, 0.4712611734867096, 0.4756324291229248, 0.4765625, 0.472749263048172, 0.4774925708770752, 0.4759114682674408, 0.4794456958770752, 0.4818638265132904, 0.484188973903656, 0.4840959906578064, 0.4808407723903656, 0.482514888048172, 0.4838169515132904, 0.4800967276096344, 0.48046875, 0.4851190447807312, 0.484468013048172, 0.4840959906578064, 0.4792596697807312, 0.4758184552192688]}