{"loss": [12.248745918273926, 6.676367282867432, 4.585228443145752, 3.592325210571289, 2.9996583461761475, 2.6032979488372803, 2.3218343257904053, 2.1217639446258545, 1.9786704778671265, 1.8765852451324463, 1.8045648336410522, 1.7529561519622803, 1.7143073081970215, 1.687783122062683, 1.670766830444336, 1.654380202293396, 1.64457368850708, 1.6372342109680176, 1.62917959690094, 1.623368263244629, 1.618697166442871, 1.6181361675262451, 1.6129546165466309, 1.610185980796814, 1.6075941324234009, 1.606846809387207, 1.6044890880584717, 1.6015819311141968, 1.6001040935516357, 1.5979231595993042, 1.5968014001846313, 1.5933291912078857], "accuracy": [0.22152672708034515, 0.2796263098716736, 0.2922157347202301, 0.2997458577156067, 0.30744069814682007, 0.30913498997688293, 0.31588855385780334, 0.31915944814682007, 0.3192771077156067, 0.3231598138809204, 0.3249952793121338, 0.32908979058265686, 0.3286897540092468, 0.3311370611190796, 0.33196064829826355, 0.3334902226924896, 0.33673757314682007, 0.3362434208393097, 0.33885541558265686, 0.34050264954566956, 0.34502071142196655, 0.34544429183006287, 0.3443147540092468, 0.3513977825641632, 0.3505035638809204, 0.35480985045433044, 0.3548804521560669, 0.35793957114219666, 0.3592573404312134, 0.3660109043121338, 0.3640107214450836, 0.37210559844970703], "val_loss": [8.538331031799316, 5.3565168380737305, 3.995412826538086, 3.2495269775390625, 2.7619900703430176, 2.431434154510498, 2.196397542953491, 2.031881093978882, 1.9153215885162354, 1.8318071365356445, 1.7740838527679443, 1.7287909984588623, 1.698502779006958, 1.6799190044403076, 1.665457010269165, 1.6576650142669678, 1.6490997076034546, 1.6418882608413696, 1.6399013996124268, 1.6361099481582642, 1.6334947347640991, 1.6320072412490845, 1.6328843832015991, 1.6337476968765259, 1.6362974643707275, 1.6396993398666382, 1.6394116878509521, 1.6428992748260498, 1.6472594738006592, 1.650080680847168, 1.6535993814468384, 1.6581497192382812], "val_accuracy": [0.25146484375, 0.2967773377895355, 0.30712890625, 0.3124023377895355, 0.3203125, 0.31787109375, 0.32304686307907104, 0.3223632872104645, 0.32011717557907104, 0.3233398497104645, 0.3223632872104645, 0.3270507752895355, 0.3265624940395355, 0.3257812559604645, 0.32597655057907104, 0.32441407442092896, 0.3267578184604645, 0.3316406309604645, 0.32958984375, 0.33076173067092896, 0.33427733182907104, 0.33271485567092896, 0.33183592557907104, 0.33154296875, 0.33173829317092896, 0.33037108182907104, 0.3304687440395355, 0.33125001192092896, 0.3310546875, 0.3285156190395355, 0.33134764432907104, 0.32958984375]}