{"loss": [41.074581146240234, 19.084636688232422, 11.766214370727539, 8.3719482421875, 6.25830602645874, 4.800547122955322, 3.7771787643432617, 3.0598721504211426, 2.565596342086792, 2.2269797325134277, 1.99849271774292, 1.8451411724090576, 1.745011806488037, 1.6790056228637695, 1.6354817152023315, 1.6075650453567505, 1.5869290828704834, 1.5737454891204834, 1.5653231143951416, 1.556967854499817, 1.5521304607391357, 1.5465141534805298, 1.5411255359649658, 1.53662109375, 1.5318673849105835, 1.5298616886138916, 1.52558171749115, 1.5215033292770386, 1.5202043056488037, 1.515409231185913, 1.5124870538711548, 1.5106197595596313, 1.507601022720337, 1.5049840211868286, 1.5036437511444092, 1.5003056526184082, 1.4969512224197388, 1.495542287826538, 1.4915854930877686, 1.4885791540145874, 1.4870727062225342, 1.4846460819244385, 1.4814566373825073], "accuracy": [0.23590455949306488, 0.31781813502311707, 0.3359610438346863, 0.3430205285549164, 0.3450677692890167, 0.34579724073410034, 0.3500564694404602, 0.35358622670173645, 0.35551580786705017, 0.35930439829826355, 0.36379894614219666, 0.36711689829826355, 0.3710702061653137, 0.3735410273075104, 0.37299981713294983, 0.3766236901283264, 0.3804122805595398, 0.38290661573410034, 0.3859657347202301, 0.38770708441734314, 0.3890954554080963, 0.3922957479953766, 0.39641377329826355, 0.39448419213294983, 0.3988610804080963, 0.40076711773872375, 0.40119069814682007, 0.4041792154312134, 0.405638188123703, 0.40829724073410034, 0.40857961773872375, 0.4113328456878662, 0.41295650601387024, 0.4116622805595398, 0.4154273271560669, 0.41667452454566956, 0.4187452793121338, 0.42027485370635986, 0.4242517054080963, 0.4261106848716736, 0.4260871708393097, 0.42808735370635986, 0.43126413226127625], "val_loss": [25.94143295288086, 14.416427612304688, 9.85124683380127, 7.249873161315918, 5.484895706176758, 4.239181041717529, 3.3695335388183594, 2.7683768272399902, 2.3570406436920166, 2.083828926086426, 1.898074746131897, 1.7769958972930908, 1.6952896118164062, 1.64579176902771, 1.6105477809906006, 1.5883289575576782, 1.573143482208252, 1.5640462636947632, 1.5577056407928467, 1.5526446104049683, 1.5460879802703857, 1.5433833599090576, 1.5399247407913208, 1.5368905067443848, 1.5332505702972412, 1.5338718891143799, 1.5315229892730713, 1.53024160861969, 1.528913974761963, 1.527573585510254, 1.5268514156341553, 1.5278079509735107, 1.5252387523651123, 1.525451421737671, 1.526466727256775, 1.5264655351638794, 1.5283336639404297, 1.5284602642059326, 1.5277079343795776, 1.52973210811615, 1.5297061204910278, 1.530811071395874, 1.5319856405258179], "val_accuracy": [0.20683594048023224, 0.212890625, 0.25214844942092896, 0.30000001192092896, 0.33525389432907104, 0.35468751192092896, 0.35615235567092896, 0.3602539002895355, 0.36845701932907104, 0.36982423067092896, 0.3720703125, 0.3763671815395355, 0.37919920682907104, 0.3807617127895355, 0.3809570372104645, 0.3843750059604645, 0.38652342557907104, 0.3873046934604645, 0.38496094942092896, 0.3868164122104645, 0.38701170682907104, 0.39091795682907104, 0.3900390565395355, 0.3941406309604645, 0.3974609375, 0.39472657442092896, 0.39619141817092896, 0.3951171934604645, 0.3975585997104645, 0.3980468809604645, 0.3990234434604645, 0.39775389432907104, 0.4019531309604645, 0.39990234375, 0.4002929627895355, 0.4014648497104645, 0.40107423067092896, 0.3994140625, 0.40253907442092896, 0.40117186307907104, 0.4048828184604645, 0.40166014432907104, 0.40283203125]}