{"loss": [31.322851181030273, 23.283613204956055, 17.336177825927734, 12.934123039245605, 9.678309440612793, 7.292975425720215, 5.563765525817871, 4.3237762451171875, 3.446415901184082, 2.8333871364593506, 2.4131593704223633, 2.1277310848236084, 1.938039779663086, 1.8123623132705688, 1.7312085628509521, 1.6795390844345093, 1.6473186016082764, 1.6256892681121826, 1.611950397491455, 1.6032118797302246, 1.5974740982055664, 1.5929996967315674, 1.5901110172271729, 1.5872318744659424, 1.5861436128616333, 1.5848976373672485, 1.5833808183670044, 1.582797646522522, 1.5808011293411255, 1.5798791646957397, 1.5794962644577026, 1.5767570734024048, 1.5765146017074585, 1.5750386714935303, 1.5738474130630493, 1.574461579322815, 1.5714863538742065, 1.5715928077697754, 1.5709888935089111, 1.5702097415924072, 1.5695072412490845, 1.5665404796600342, 1.5658104419708252, 1.5658916234970093, 1.5640698671340942, 1.563870906829834, 1.5631378889083862, 1.5613152980804443, 1.5604621171951294, 1.5599710941314697, 1.5585103034973145, 1.5583292245864868, 1.557116985321045, 1.556054711341858, 1.5550872087478638, 1.5530771017074585, 1.5532907247543335, 1.5513569116592407, 1.5509542226791382, 1.5497245788574219, 1.547377586364746], "accuracy": [0.22242093086242676, 0.3000517785549164, 0.3234422206878662, 0.32941922545433044, 0.333984375, 0.3338431715965271, 0.33765530586242676, 0.33737292885780334, 0.33887895941734314, 0.33871424198150635, 0.34022024273872375, 0.34094974398612976, 0.34217336773872375, 0.34382060170173645, 0.34375, 0.3444794714450836, 0.34457361698150635, 0.3444794714450836, 0.34518542885780334, 0.34563252329826355, 0.3449501097202301, 0.3464561402797699, 0.34746798872947693, 0.3485504388809204, 0.349609375, 0.3506683111190796, 0.3518919348716736, 0.3506447672843933, 0.3520566523075104, 0.35222139954566956, 0.3529273271560669, 0.3531861901283264, 0.35464513301849365, 0.3563629388809204, 0.35586878657341003, 0.3556099534034729, 0.35763365030288696, 0.3586455285549164, 0.3593985438346863, 0.35836315155029297, 0.35930439829826355, 0.3613045811653137, 0.3601044714450836, 0.36092808842658997, 0.3635636270046234, 0.3628341555595398, 0.3636106848716736, 0.36575207114219666, 0.3664344847202301, 0.36652860045433044, 0.3646460771560669, 0.3667404055595398, 0.36904650926589966, 0.36845821142196655, 0.3704583942890167, 0.3720114827156067, 0.37116435170173645, 0.3721526861190796, 0.3735175132751465, 0.37415286898612976, 0.3755647540092468], "val_loss": [26.925390243530273, 20.045591354370117, 14.932765007019043, 11.140501976013184, 8.34671688079834, 6.313807487487793, 4.852235317230225, 3.8135998249053955, 3.084686756134033, 2.5807621479034424, 2.2377126216888428, 2.0071816444396973, 1.8547719717025757, 1.7552379369735718, 1.6912997961044312, 1.6506004333496094, 1.625109076499939, 1.6093738079071045, 1.5992224216461182, 1.5926926136016846, 1.5879085063934326, 1.58504319190979, 1.5823570489883423, 1.5813753604888916, 1.5803779363632202, 1.5788042545318604, 1.5773884057998657, 1.577002763748169, 1.5770198106765747, 1.5759168863296509, 1.5752748250961304, 1.5751005411148071, 1.5749353170394897, 1.5747406482696533, 1.5735719203948975, 1.5738730430603027, 1.5738235712051392, 1.5729495286941528, 1.5726099014282227, 1.572856068611145, 1.5716131925582886, 1.571681261062622, 1.5711848735809326, 1.5710924863815308, 1.570988416671753, 1.5704269409179688, 1.570404291152954, 1.5700054168701172, 1.5699883699417114, 1.5700409412384033, 1.5696649551391602, 1.5701606273651123, 1.5702335834503174, 1.5700949430465698, 1.5698835849761963, 1.5696182250976562, 1.5696930885314941, 1.5701744556427002, 1.570656418800354, 1.5707128047943115, 1.571610689163208], "val_accuracy": [0.21308593451976776, 0.2679687440395355, 0.31279295682907104, 0.33369141817092896, 0.34619140625, 0.3497070372104645, 0.3504882752895355, 0.35234373807907104, 0.3524414002895355, 0.35224610567092896, 0.3541015684604645, 0.3541015684604645, 0.35419923067092896, 0.35429686307907104, 0.35371094942092896, 0.3529296815395355, 0.3544921875, 0.35527342557907104, 0.35546875, 0.35624998807907104, 0.35712891817092896, 0.35673826932907104, 0.3587890565395355, 0.3565429747104645, 0.3575195372104645, 0.3573242127895355, 0.3580078184604645, 0.35859376192092896, 0.3578124940395355, 0.3578124940395355, 0.35810548067092896, 0.3583007752895355, 0.35761719942092896, 0.35761719942092896, 0.35859376192092896, 0.35761719942092896, 0.3583984375, 0.3594726622104645, 0.3584960997104645, 0.3584960997104645, 0.3604492247104645, 0.3599609434604645, 0.35966795682907104, 0.3578124940395355, 0.35791015625, 0.35957032442092896, 0.3589843809604645, 0.35957032442092896, 0.35771483182907104, 0.3580078184604645, 0.35869139432907104, 0.35810548067092896, 0.3568359315395355, 0.35888671875, 0.35966795682907104, 0.3583984375, 0.35917967557907104, 0.35957032442092896, 0.3565429747104645, 0.35722655057907104, 0.35498046875]}