{"loss": [11.928622245788574, 6.510165691375732, 4.516913414001465, 3.571650505065918, 2.9979217052459717, 2.6080856323242188, 2.331561803817749, 2.1341121196746826, 1.9942376613616943, 1.8960500955581665, 1.825451374053955, 1.776013970375061, 1.7411504983901978, 1.716987133026123, 1.6988294124603271, 1.685633659362793, 1.6769026517868042, 1.6709785461425781, 1.6663540601730347, 1.6614570617675781, 1.6604259014129639, 1.6567195653915405, 1.655089259147644, 1.6531422138214111, 1.6512999534606934, 1.6506224870681763, 1.6499334573745728, 1.6480817794799805, 1.648442268371582, 1.6461063623428345, 1.6458196640014648, 1.6457031965255737, 1.6451643705368042, 1.6442646980285645, 1.6435929536819458, 1.6432794332504272, 1.6434247493743896, 1.642676830291748, 1.6412713527679443, 1.6417839527130127, 1.6420398950576782, 1.641054630279541, 1.637515902519226, 1.639341950416565, 1.6383613348007202, 1.6391386985778809, 1.6379119157791138, 1.638119101524353, 1.6384174823760986], "accuracy": [0.24839985370635986, 0.2729904055595398, 0.279908686876297, 0.28416791558265686, 0.2866857945919037, 0.29007434844970703, 0.2880035638809204, 0.2914862632751465, 0.29318052530288696, 0.29202747344970703, 0.29391002655029297, 0.2941688597202301, 0.2973456382751465, 0.2958396077156067, 0.29816922545433044, 0.2959808111190796, 0.2994164228439331, 0.29983997344970703, 0.30115774273872375, 0.3016519248485565, 0.29965174198150635, 0.3004518151283264, 0.30118128657341003, 0.3018401861190796, 0.3012754023075104, 0.3002164959907532, 0.30414626002311707, 0.3015577793121338, 0.303346186876297, 0.3055816888809204, 0.30428746342658997, 0.30494633316993713, 0.30595821142196655, 0.30442866683006287, 0.30565229058265686, 0.3052522540092468, 0.3051345944404602, 0.30628764629364014, 0.3057464361190796, 0.30522873997688293, 0.3058640956878662, 0.30654650926589966, 0.3080995976924896, 0.30894672870635986, 0.30944088101387024, 0.30819371342658997, 0.30941736698150635, 0.30972325801849365, 0.3088761270046234], "val_loss": [8.249161720275879, 5.202230453491211, 3.9320132732391357, 3.2235724925994873, 2.7586143016815186, 2.436375617980957, 2.2035739421844482, 2.0388381481170654, 1.924645185470581, 1.8410253524780273, 1.7839469909667969, 1.7438424825668335, 1.7153459787368774, 1.696800947189331, 1.6812975406646729, 1.672121286392212, 1.6642528772354126, 1.6600825786590576, 1.654894471168518, 1.6513230800628662, 1.649979829788208, 1.6470924615859985, 1.6464462280273438, 1.6449674367904663, 1.6447759866714478, 1.6424137353897095, 1.6411024332046509, 1.6416752338409424, 1.6398998498916626, 1.6401574611663818, 1.6402915716171265, 1.6395251750946045, 1.6397119760513306, 1.6403487920761108, 1.6396844387054443, 1.6392027139663696, 1.6395795345306396, 1.6390844583511353, 1.6385835409164429, 1.6393835544586182, 1.640123724937439, 1.6401914358139038, 1.6402099132537842, 1.6392042636871338, 1.640031099319458, 1.640610933303833, 1.6408774852752686, 1.6415847539901733, 1.6413148641586304], "val_accuracy": [0.2777343690395355, 0.29374998807907104, 0.28925782442092896, 0.2999023497104645, 0.3038085997104645, 0.30244141817092896, 0.3052734434604645, 0.3067382872104645, 0.30351561307907104, 0.30546873807907104, 0.3036132752895355, 0.30546873807907104, 0.3037109375, 0.30195313692092896, 0.3023437559604645, 0.3016601502895355, 0.30585938692092896, 0.30126953125, 0.3042968809604645, 0.30595701932907104, 0.30419921875, 0.3057617247104645, 0.30712890625, 0.30595701932907104, 0.3056640625, 0.3086914122104645, 0.30937498807907104, 0.30595701932907104, 0.30937498807907104, 0.30693358182907104, 0.31074219942092896, 0.3086914122104645, 0.3111328184604645, 0.3080078065395355, 0.3101562559604645, 0.3115234375, 0.31103515625, 0.310546875, 0.3099609315395355, 0.3106445372104645, 0.3096679747104645, 0.3086914122104645, 0.3072265684604645, 0.3140625059604645, 0.3121093809604645, 0.3091796934604645, 0.31005859375, 0.31123048067092896, 0.31367188692092896]}