{"loss": [11.325572967529297, 5.486632823944092, 4.042984962463379, 3.3091349601745605, 2.8895633220672607, 2.601257801055908, 2.412966728210449, 2.2677087783813477, 2.179058790206909, 2.0953593254089355, 2.0107359886169434, 1.9517735242843628, 1.9080647230148315, 1.868929386138916, 1.8381330966949463, 1.812257170677185, 1.7912404537200928, 1.7745059728622437, 1.7610678672790527, 1.7499445676803589, 1.740604043006897, 1.7340713739395142, 1.7272899150848389, 1.722640037536621, 1.7192485332489014, 1.7160160541534424, 1.7145568132400513, 1.7121729850769043, 1.7112095355987549, 1.7095813751220703, 1.7089656591415405, 1.7083019018173218, 1.7080903053283691, 1.7073794603347778, 1.707322120666504, 1.7069453001022339, 1.7070032358169556, 1.706989049911499, 1.7069218158721924, 1.7069519758224487, 1.707026720046997, 1.7067595720291138, 1.7066982984542847, 1.7068538665771484, 1.706663727760315, 1.7066704034805298, 1.706734538078308, 1.7069562673568726, 1.7065510749816895, 1.7066900730133057, 1.7067928314208984, 1.7066316604614258], "accuracy": [0.2557644248008728, 0.2704942524433136, 0.2733696699142456, 0.2747938334941864, 0.2747938334941864, 0.2746039628982544, 0.2744005024433136, 0.2815619707107544, 0.2728949785232544, 0.2744818925857544, 0.2748073935508728, 0.2748209536075592, 0.2745632529258728, 0.2748209536075592, 0.2748209536075592, 0.2748209536075592, 0.2748209536075592, 0.2748209536075592, 0.2747802734375, 0.2748209536075592, 0.2748209536075592, 0.2747802734375, 0.2748209536075592, 0.2748209536075592, 0.2748209536075592, 0.2748209536075592, 0.2747260332107544, 0.2748209536075592, 0.2748209536075592, 0.2748209536075592, 0.2748209536075592, 0.2748209536075592, 0.2748209536075592, 0.2748209536075592, 0.2748209536075592, 0.2748209536075592, 0.2748209536075592, 0.2748209536075592, 0.2748209536075592, 0.2748209536075592, 0.2748209536075592, 0.2748209536075592, 0.2748209536075592, 0.2748209536075592, 0.2748209536075592, 0.2748209536075592, 0.2748209536075592, 0.2748209536075592, 0.2748209536075592, 0.2748209536075592, 0.2748209536075592, 0.2748209536075592], "val_loss": [6.748931884765625, 4.566563129425049, 3.611649751663208, 3.0564053058624268, 2.7413055896759033, 2.4891724586486816, 2.3678784370422363, 2.2313883304595947, 2.1577465534210205, 2.050595283508301, 1.9808545112609863, 1.930024266242981, 1.8902511596679688, 1.8543872833251953, 1.8264944553375244, 1.8035324811935425, 1.7848237752914429, 1.7695690393447876, 1.7584593296051025, 1.7472046613693237, 1.7390713691711426, 1.732659101486206, 1.7275793552398682, 1.7233822345733643, 1.7201508283615112, 1.7244685888290405, 1.7156879901885986, 1.7141518592834473, 1.7129758596420288, 1.7120945453643799, 1.7114187479019165, 1.7109140157699585, 1.710536241531372, 1.7102676630020142, 1.71006441116333, 1.7099146842956543, 1.709811806678772, 1.7097358703613281, 1.7096894979476929, 1.709659457206726, 1.7096314430236816, 1.7096086740493774, 1.7095975875854492, 1.7095954418182373, 1.7095931768417358, 1.7095999717712402, 1.7095898389816284, 1.7095789909362793, 1.7095880508422852, 1.7095904350280762, 1.7095822095870972, 1.7095879316329956], "val_accuracy": [0.2746853232383728, 0.2746853232383728, 0.2746853232383728, 0.2746853232383728, 0.2746853232383728, 0.2746853232383728, 0.2746853232383728, 0.2746853232383728, 0.2746853232383728, 0.2746853232383728, 0.2746853232383728, 0.2746853232383728, 0.2746853232383728, 0.2746853232383728, 0.2746853232383728, 0.2746853232383728, 0.2746853232383728, 0.2746853232383728, 0.2746853232383728, 0.2746853232383728, 0.2746853232383728, 0.2746853232383728, 0.2746853232383728, 0.2746853232383728, 0.2746853232383728, 0.2746853232383728, 0.2746853232383728, 0.2746853232383728, 0.2746853232383728, 0.2746853232383728, 0.2746853232383728, 0.2746853232383728, 0.2746853232383728, 0.2746853232383728, 0.2746853232383728, 0.2746853232383728, 0.2746853232383728, 0.2746853232383728, 0.2746853232383728, 0.2746853232383728, 0.2746853232383728, 0.2746853232383728, 0.2746853232383728, 0.2746853232383728, 0.2746853232383728, 0.2746853232383728, 0.2746853232383728, 0.2746853232383728, 0.2746853232383728, 0.2746853232383728, 0.2746853232383728, 0.2746853232383728]}