{"loss": [12.36695384979248, 6.67475700378418, 4.51969575881958, 3.535554885864258, 2.954562187194824, 2.563580274581909, 2.290771722793579, 2.094432830810547, 1.956640601158142, 1.8580830097198486, 1.785913109779358, 1.7363505363464355, 1.6977417469024658, 1.6724298000335693, 1.6512497663497925, 1.6351921558380127, 1.6218147277832031, 1.6149678230285645, 1.6056101322174072, 1.5989426374435425, 1.5953185558319092, 1.5875385999679565, 1.585541844367981, 1.58026123046875, 1.5751363039016724, 1.5716979503631592, 1.5666691064834595, 1.5615556240081787, 1.5562224388122559, 1.5487953424453735, 1.5473426580429077, 1.5389184951782227, 1.5322359800338745], "accuracy": [0.20286615192890167, 0.25637707114219666, 0.29141566157341003, 0.29948702454566956, 0.30974680185317993, 0.3153473138809204, 0.3180769979953766, 0.3285485804080963, 0.3276543617248535, 0.3325960040092468, 0.3357962965965271, 0.34038498997688293, 0.3443853557109833, 0.3484327793121338, 0.35177427530288696, 0.35721009969711304, 0.3586219847202301, 0.36184582114219666, 0.3675169348716736, 0.36998775601387024, 0.3740822672843933, 0.37641188502311707, 0.3801299035549164, 0.38302427530288696, 0.38963666558265686, 0.3927428424358368, 0.3966490924358368, 0.40123775601387024, 0.40919145941734314, 0.4148390293121338, 0.41907474398612976, 0.4274284541606903, 0.43399378657341003], "val_loss": [8.632466316223145, 5.335446834564209, 3.9659945964813232, 3.217134475708008, 2.7318637371063232, 2.400562286376953, 2.170931577682495, 2.00862193107605, 1.8956623077392578, 1.8111276626586914, 1.7534698247909546, 1.7162933349609375, 1.6897554397583008, 1.673949956893921, 1.65366530418396, 1.6490135192871094, 1.6328214406967163, 1.6326459646224976, 1.6293754577636719, 1.6283079385757446, 1.6282670497894287, 1.6287342309951782, 1.625998854637146, 1.631812334060669, 1.6353431940078735, 1.6399879455566406, 1.644047498703003, 1.6527328491210938, 1.6575361490249634, 1.6697578430175781, 1.6814336776733398, 1.6922355890274048, 1.7050721645355225], "val_accuracy": [0.19746093451976776, 0.2616210877895355, 0.2928710877895355, 0.3145507872104645, 0.3252929747104645, 0.3304687440395355, 0.33203125, 0.3316406309604645, 0.3368164002895355, 0.3426757752895355, 0.34296876192092896, 0.34501951932907104, 0.3441406190395355, 0.3387695252895355, 0.34785157442092896, 0.34990233182907104, 0.35576170682907104, 0.35791015625, 0.3543945252895355, 0.3583007752895355, 0.3548828065395355, 0.35908204317092896, 0.3553710877895355, 0.3568359315395355, 0.3564453125, 0.35664063692092896, 0.35322266817092896, 0.35468751192092896, 0.35126954317092896, 0.3545898497104645, 0.3514648377895355, 0.3470703065395355, 0.35087889432907104]}