{"loss": [40.77415084838867, 18.983612060546875, 11.753559112548828, 8.391162872314453, 6.286223888397217, 4.830123424530029, 3.805103302001953, 3.088465929031372, 2.5940654277801514, 2.255958080291748, 2.027618646621704, 1.8771010637283325, 1.7787339687347412, 1.7145416736602783, 1.6732218265533447, 1.6467217206954956, 1.6277519464492798, 1.6165422201156616, 1.6092240810394287, 1.603279948234558, 1.598915934562683, 1.595375895500183, 1.5924768447875977, 1.5906040668487549, 1.5889416933059692, 1.5869086980819702, 1.5850450992584229, 1.5832035541534424, 1.5827569961547852, 1.5815073251724243, 1.579272747039795, 1.5785070657730103, 1.5777705907821655, 1.57710599899292, 1.576379656791687, 1.5746358633041382, 1.5736812353134155, 1.5742169618606567, 1.5719293355941772, 1.570700764656067, 1.570305347442627, 1.5696194171905518, 1.5686283111572266, 1.5669413805007935, 1.567779541015625, 1.5667991638183594, 1.566009521484375, 1.564245581626892, 1.5634355545043945, 1.5625641345977783, 1.5620436668395996, 1.562275767326355, 1.5601853132247925, 1.5610867738723755, 1.5596239566802979, 1.5597171783447266, 1.5582793951034546, 1.5573246479034424], "accuracy": [0.283203125, 0.3192535638809204, 0.3293486535549164, 0.33452561497688293, 0.33589044213294983, 0.33779650926589966, 0.33902013301849365, 0.33949077129364014, 0.3412085771560669, 0.34259694814682007, 0.3429969847202301, 0.3428322672843933, 0.34455007314682007, 0.34290286898612976, 0.3446206748485565, 0.3449736535549164, 0.3471620976924896, 0.3479386270046234, 0.3440559208393097, 0.34906813502311707, 0.3511154055595398, 0.34895047545433044, 0.3491387367248535, 0.3501035273075104, 0.35076242685317993, 0.3544333577156067, 0.35344502329826355, 0.3547627925872803, 0.3549039959907532, 0.35419803857803345, 0.3538215458393097, 0.35688063502311707, 0.35565701127052307, 0.3553510904312134, 0.35659825801849365, 0.3569277226924896, 0.3565276861190796, 0.35857492685317993, 0.35852786898612976, 0.3587396442890167, 0.3587396442890167, 0.3620811402797699, 0.36139872670173645, 0.36113986372947693, 0.36212819814682007, 0.36274001002311707, 0.3625047206878662, 0.3643166422843933, 0.3658697307109833, 0.3649519979953766, 0.3656814694404602, 0.3670698404312134, 0.36504611372947693, 0.3651167154312134, 0.36711689829826355, 0.36890530586242676, 0.3669051229953766, 0.3695877194404602], "val_loss": [25.744373321533203, 14.330148696899414, 9.810040473937988, 7.228143215179443, 5.4778666496276855, 4.248246669769287, 3.388728618621826, 2.7928080558776855, 2.3857836723327637, 2.109492301940918, 1.9246654510498047, 1.8046836853027344, 1.72556471824646, 1.6741914749145508, 1.6417404413223267, 1.6207640171051025, 1.6056833267211914, 1.5957119464874268, 1.5903637409210205, 1.5845491886138916, 1.5810970067977905, 1.5787426233291626, 1.5778154134750366, 1.5752527713775635, 1.5728975534439087, 1.573412537574768, 1.5727927684783936, 1.5708558559417725, 1.5700392723083496, 1.5704610347747803, 1.5703109502792358, 1.5683506727218628, 1.5685452222824097, 1.5675162076950073, 1.5679374933242798, 1.5672242641448975, 1.5666013956069946, 1.5664414167404175, 1.5661733150482178, 1.5661946535110474, 1.5658137798309326, 1.5657988786697388, 1.5644553899765015, 1.565037488937378, 1.5643261671066284, 1.5657179355621338, 1.5653979778289795, 1.56374990940094, 1.5651090145111084, 1.5642489194869995, 1.564029574394226, 1.5654648542404175, 1.5663834810256958, 1.5651345252990723, 1.5649806261062622, 1.5658693313598633, 1.566060185432434, 1.565597653388977], "val_accuracy": [0.24716797471046448, 0.28242188692092896, 0.3187499940395355, 0.34208983182907104, 0.3504882752895355, 0.3487304747104645, 0.3515625, 0.35380858182907104, 0.3529296815395355, 0.35478514432907104, 0.3587890565395355, 0.35615235567092896, 0.35712891817092896, 0.35771483182907104, 0.3583007752895355, 0.36054688692092896, 0.3587890565395355, 0.3636718690395355, 0.36162108182907104, 0.36201173067092896, 0.3624023497104645, 0.36162108182907104, 0.36181640625, 0.3604492247104645, 0.3592773377895355, 0.3619140684604645, 0.35761719942092896, 0.35986328125, 0.36113280057907104, 0.3607421815395355, 0.35966795682907104, 0.3614257872104645, 0.36259764432907104, 0.3626953065395355, 0.3623046875, 0.36054688692092896, 0.36152344942092896, 0.3626953065395355, 0.36210936307907104, 0.36298829317092896, 0.36113280057907104, 0.3612304627895355, 0.36279296875, 0.36376953125, 0.36455076932907104, 0.36376953125, 0.3622070252895355, 0.3631835877895355, 0.36298829317092896, 0.36250001192092896, 0.3612304627895355, 0.3641601502895355, 0.35986328125, 0.36210936307907104, 0.36328125, 0.36113280057907104, 0.3614257872104645, 0.36181640625]}