{"loss": [12.554591178894043, 6.933248996734619, 4.652206897735596, 3.5214059352874756, 2.9211950302124023, 2.528942108154297, 2.2561776638031006, 2.06687593460083, 1.9344210624694824, 1.8340258598327637, 1.7641116380691528, 1.7122347354888916, 1.6767027378082275, 1.6464678049087524, 1.6222926378250122, 1.6019445657730103, 1.5845274925231934, 1.5732239484786987, 1.5620474815368652, 1.5521527528762817, 1.5400900840759277, 1.534664511680603, 1.525562047958374, 1.520219326019287, 1.5118861198425293, 1.5054692029953003, 1.4989851713180542, 1.4909158945083618, 1.4839954376220703, 1.475487470626831, 1.4682549238204956, 1.4616823196411133], "accuracy": [0.19848036766052246, 0.20550686120986938, 0.22491902112960815, 0.2857040762901306, 0.29892340302467346, 0.3100705146789551, 0.3181688189506531, 0.31950268149375916, 0.3237185478210449, 0.3354611396789551, 0.33974847197532654, 0.34677496552467346, 0.3555402159690857, 0.3606373965740204, 0.36987900733947754, 0.3761909306049347, 0.38698074221611023, 0.39079174399375916, 0.39505526423454285, 0.40210556983947754, 0.4078458547592163, 0.41313356161117554, 0.41575363278388977, 0.42156535387039185, 0.4254477918148041, 0.4324266314506531, 0.4341415762901306, 0.44276392459869385, 0.44597941637039185, 0.4533393681049347, 0.45560213923454285, 0.4617235064506531], "val_loss": [8.88774299621582, 5.468491554260254, 4.034821033477783, 3.2402045726776123, 2.7502951622009277, 2.4042067527770996, 2.158651828765869, 1.9947410821914673, 1.878892183303833, 1.798526406288147, 1.7400734424591064, 1.7015554904937744, 1.6645030975341797, 1.645296335220337, 1.6232001781463623, 1.6073957681655884, 1.5986764430999756, 1.5893560647964478, 1.5878913402557373, 1.5829447507858276, 1.5809900760650635, 1.5751839876174927, 1.577191948890686, 1.5797216892242432, 1.5814639329910278, 1.5846278667449951, 1.5803518295288086, 1.5845919847488403, 1.5868130922317505, 1.5940942764282227, 1.6016509532928467, 1.6018736362457275], "val_accuracy": [0.2099609375, 0.21132811903953552, 0.22939452528953552, 0.2681640684604645, 0.28632813692092896, 0.30615234375, 0.3189453184604645, 0.326171875, 0.32929688692092896, 0.33134764432907104, 0.34248048067092896, 0.3448242247104645, 0.3558593690395355, 0.35664063692092896, 0.3662109375, 0.37382811307907104, 0.3788085877895355, 0.3848632872104645, 0.38203126192092896, 0.3851562440395355, 0.38818359375, 0.38837891817092896, 0.38916015625, 0.39091795682907104, 0.38749998807907104, 0.390625, 0.3907226622104645, 0.3892578184604645, 0.39208984375, 0.3939453065395355, 0.39082032442092896, 0.39189451932907104]}