{"loss": [21.14515495300293, 9.113887786865234, 6.766549587249756, 5.5009541511535645, 4.739813327789307, 4.2390456199646, 3.869732618331909, 3.5801937580108643, 3.363581657409668, 3.189516067504883, 3.0423617362976074, 2.9080140590667725, 2.796928882598877, 2.7000985145568848, 2.608747959136963, 2.535540819168091, 2.46065092086792, 2.394209623336792, 2.307605028152466, 2.2225594520568848, 2.16051983833313, 2.1055362224578857, 2.046715259552002, 1.999125361442566, 1.9579970836639404, 1.908631682395935, 1.8559643030166626, 1.825083613395691, 1.7981338500976562, 1.7415857315063477, 1.7129343748092651, 1.6747506856918335, 1.6497536897659302, 1.6288721561431885, 1.5889428853988647, 1.573582410812378, 1.531365990638733, 1.5177710056304932, 1.4958841800689697, 1.4730607271194458, 1.4359421730041504, 1.4162852764129639, 1.3934214115142822, 1.3746423721313477, 1.3628238439559937, 1.332107424736023, 1.3087538480758667, 1.2930808067321777, 1.2591536045074463, 1.2460126876831055, 1.2283883094787598], "accuracy": [0.29073211550712585, 0.2807459533214569, 0.29706400632858276, 0.3009072542190552, 0.3065461218357086, 0.3125, 0.31227949261665344, 0.31760331988334656, 0.3218876123428345, 0.32059600949287415, 0.31965094804763794, 0.32402974367141724, 0.3250693082809448, 0.3252898156642914, 0.3305506408214569, 0.33237776160240173, 0.34012725949287415, 0.3494833707809448, 0.3662739396095276, 0.38983744382858276, 0.3966103792190552, 0.4062815010547638, 0.41721269488334656, 0.4300970137119293, 0.43390876054763794, 0.44556450843811035, 0.46553680300712585, 0.46563130617141724, 0.47101813554763794, 0.4888797998428345, 0.4936365783214569, 0.5025516748428345, 0.505638837814331, 0.5137034058570862, 0.5250440835952759, 0.5296434164047241, 0.542212724685669, 0.5404800772666931, 0.5506237149238586, 0.5521988272666931, 0.5643271207809448, 0.5736832022666931, 0.5786605477333069, 0.5853389501571655, 0.5906313061714172, 0.5978452563285828, 0.6077998876571655, 0.6163054704666138, 0.6318359375, 0.6353326439857483, 0.6418851017951965], "val_loss": [10.728336334228516, 7.690393924713135, 6.000262260437012, 5.046985149383545, 4.4472126960754395, 4.030337810516357, 3.707874059677124, 3.4428200721740723, 3.2624309062957764, 3.089541435241699, 2.943549633026123, 2.816120147705078, 2.7365477085113525, 2.624488353729248, 2.553510904312134, 2.471942663192749, 2.3953299522399902, 2.3270957469940186, 2.2554469108581543, 2.146451711654663, 2.104753017425537, 2.0409860610961914, 2.010909080505371, 1.9628503322601318, 1.9078369140625, 1.8706166744232178, 1.8776938915252686, 1.9136321544647217, 1.7803369760513306, 1.8376147747039795, 1.8101742267608643, 1.6981925964355469, 1.6856931447982788, 1.6571975946426392, 1.6390300989151, 1.6723932027816772, 1.6687164306640625, 1.7459375858306885, 1.6586450338363647, 1.5820538997650146, 1.5656377077102661, 1.6885710954666138, 1.584291934967041, 2.0770435333251953, 2.3113367557525635, 3.569324254989624, 2.08345890045166, 2.6821625232696533, 3.335801124572754, 2.4634313583374023, 1.8190077543258667], "val_accuracy": [0.3212239444255829, 0.33281248807907104, 0.33151042461395264, 0.33281248807907104, 0.3329426944255829, 0.33281248807907104, 0.33281248807907104, 0.3329426944255829, 0.3326822817325592, 0.33346354961395264, 0.33411458134651184, 0.33281248807907104, 0.3352864682674408, 0.33281248807907104, 0.3342447876930237, 0.3333333432674408, 0.3700520694255829, 0.3674479126930237, 0.38463541865348816, 0.4147135317325592, 0.4058593809604645, 0.4183593690395355, 0.41484373807907104, 0.4450520873069763, 0.4488281309604645, 0.47578126192092896, 0.4294270873069763, 0.41263020038604736, 0.4671874940395355, 0.4307291805744171, 0.4375, 0.4938802123069763, 0.500781238079071, 0.5059896111488342, 0.5023437738418579, 0.48424479365348816, 0.47994792461395264, 0.4403645694255829, 0.4680989682674408, 0.508593738079071, 0.5138021111488342, 0.474609375, 0.5093749761581421, 0.3921875059604645, 0.3695312440395355, 0.33802083134651184, 0.40625, 0.37447917461395264, 0.34908854961395264, 0.3838541805744171, 0.4661458432674408]}