{"loss": [41.36511993408203, 19.36884117126465, 11.828519821166992, 8.347034454345703, 6.192457675933838, 4.729984283447266, 3.713599443435669, 3.009235143661499, 2.5232832431793213, 2.1938743591308594, 1.967264175415039, 1.8138468265533447, 1.709985613822937, 1.644922137260437, 1.6016665697097778, 1.5726511478424072, 1.5547538995742798, 1.5396943092346191, 1.5284899473190308, 1.5202394723892212, 1.5129549503326416, 1.504353642463684, 1.4967247247695923, 1.490936279296875, 1.4842671155929565, 1.4772173166275024, 1.471887230873108, 1.4636834859848022, 1.4606273174285889, 1.4522185325622559, 1.4478178024291992, 1.4429248571395874, 1.4374580383300781, 1.431782603263855, 1.4226948022842407, 1.4196693897247314, 1.4138492345809937, 1.4057552814483643, 1.3991062641143799, 1.3921185731887817, 1.3856208324432373, 1.3797762393951416], "accuracy": [0.19521836936473846, 0.2154555767774582, 0.28301486372947693, 0.3134177327156067, 0.33690229058265686, 0.3425263464450836, 0.34730327129364014, 0.35029178857803345, 0.3540803790092468, 0.35676297545433044, 0.3650931715965271, 0.37342336773872375, 0.3817535638809204, 0.38363611698150635, 0.3897543251514435, 0.3951666057109833, 0.39716678857803345, 0.40300264954566956, 0.40846195816993713, 0.41206231713294983, 0.41396838426589966, 0.42032191157341003, 0.4242987632751465, 0.43004047870635986, 0.4349585771560669, 0.4402296543121338, 0.43954724073410034, 0.44373586773872375, 0.4469597041606903, 0.45286616683006287, 0.45500752329826355, 0.45863139629364014, 0.46194934844970703, 0.4657614827156067, 0.47275036573410034, 0.47498586773872375, 0.4804452061653137, 0.4859045445919037, 0.4890577793121338, 0.49284639954566956, 0.496705561876297, 0.5005647540092468], "val_loss": [26.20541000366211, 14.482635498046875, 9.84087085723877, 7.220807075500488, 5.430537223815918, 4.194794654846191, 3.3279716968536377, 2.7329869270324707, 2.3315303325653076, 2.055769443511963, 1.8715661764144897, 1.7561166286468506, 1.6723123788833618, 1.6277563571929932, 1.5897233486175537, 1.5726802349090576, 1.5596680641174316, 1.5482702255249023, 1.5349876880645752, 1.529076099395752, 1.5246798992156982, 1.5178258419036865, 1.511565923690796, 1.509111762046814, 1.5072511434555054, 1.505990982055664, 1.50395929813385, 1.506150484085083, 1.501313328742981, 1.5005890130996704, 1.5022835731506348, 1.500346302986145, 1.506467580795288, 1.5042495727539062, 1.5030511617660522, 1.5024595260620117, 1.5040247440338135, 1.508996844291687, 1.5076847076416016, 1.5153226852416992, 1.5183902978897095, 1.5211399793624878], "val_accuracy": [0.20849609375, 0.21113280951976776, 0.23955078423023224, 0.2764648497104645, 0.302734375, 0.33320313692092896, 0.34697264432907104, 0.3514648377895355, 0.3516601622104645, 0.36406248807907104, 0.376953125, 0.3843750059604645, 0.38886719942092896, 0.3900390565395355, 0.392578125, 0.39697265625, 0.39697265625, 0.40214842557907104, 0.40302735567092896, 0.40556639432907104, 0.4063476622104645, 0.4107421934604645, 0.4140625, 0.4141601622104645, 0.41552734375, 0.4183593690395355, 0.4183593690395355, 0.42207032442092896, 0.42216795682907104, 0.42216795682907104, 0.4214843809604645, 0.4208007752895355, 0.42119139432907104, 0.42158204317092896, 0.42529296875, 0.42646485567092896, 0.42802733182907104, 0.42792969942092896, 0.42851561307907104, 0.42431640625, 0.4267578125, 0.4288085997104645]}