{"loss": [9.193711280822754, 7.178747177124023, 5.665071964263916, 4.569784641265869, 3.75982403755188, 3.1626245975494385, 2.7230770587921143, 2.4044764041900635, 2.1748886108398438, 2.011058807373047, 1.8942917585372925, 1.8125773668289185, 1.756008505821228, 1.7162905931472778, 1.6892694234848022, 1.6685069799423218, 1.654468059539795, 1.6445398330688477, 1.6360995769500732, 1.6302497386932373, 1.6258111000061035, 1.6220219135284424, 1.6168922185897827, 1.6128780841827393, 1.6106882095336914, 1.6063238382339478, 1.602759838104248, 1.5968343019485474, 1.5950849056243896, 1.5887569189071655, 1.5835639238357544, 1.5782159566879272, 1.571900725364685, 1.5660955905914307, 1.5589966773986816], "accuracy": [0.2001364827156067, 0.23684582114219666, 0.26929593086242676, 0.28059110045433044, 0.28616809844970703, 0.28868600726127625, 0.2938394248485565, 0.29767507314682007, 0.29708677530288696, 0.2995340824127197, 0.3014166057109833, 0.30282849073410034, 0.3036521077156067, 0.3078407347202301, 0.30715832114219666, 0.30704066157341003, 0.3103821575641632, 0.3090879023075104, 0.31257060170173645, 0.3139589726924896, 0.31454724073410034, 0.3129470944404602, 0.31452372670173645, 0.3180534541606903, 0.3176299035549164, 0.3206419348716736, 0.3218185305595398, 0.32400697469711304, 0.32652485370635986, 0.327513188123703, 0.3327607214450836, 0.33492565155029297, 0.3369728922843933, 0.3427146077156067, 0.346314936876297], "val_loss": [8.09980297088623, 6.347886085510254, 5.062765121459961, 4.114926338195801, 3.4154250621795654, 2.9031262397766113, 2.5318803787231445, 2.263437509536743, 2.072366237640381, 1.936537742614746, 1.8410943746566772, 1.7748781442642212, 1.7297136783599854, 1.6981559991836548, 1.6760317087173462, 1.6612571477890015, 1.6510934829711914, 1.6435915231704712, 1.6382938623428345, 1.634820580482483, 1.6323661804199219, 1.6313997507095337, 1.6291570663452148, 1.6285302639007568, 1.6282793283462524, 1.628320336341858, 1.6298332214355469, 1.6331428289413452, 1.6382770538330078, 1.640724539756775, 1.6374378204345703, 1.6411243677139282, 1.6464240550994873, 1.6579921245574951, 1.6636499166488647], "val_accuracy": [0.2177734375, 0.25126951932907104, 0.28632813692092896, 0.29736328125, 0.29902344942092896, 0.30058592557907104, 0.3033203184604645, 0.30449217557907104, 0.3056640625, 0.30595701932907104, 0.30585938692092896, 0.30546873807907104, 0.30517578125, 0.3047851622104645, 0.30683594942092896, 0.30683594942092896, 0.3067382872104645, 0.3065429627895355, 0.30634766817092896, 0.3047851622104645, 0.30595701932907104, 0.30537110567092896, 0.30498045682907104, 0.30419921875, 0.3057617247104645, 0.3091796934604645, 0.3045898377895355, 0.30537110567092896, 0.3021484315395355, 0.3038085997104645, 0.3017578125, 0.30146485567092896, 0.2992187440395355, 0.29707032442092896, 0.2955078184604645]}