{"loss": [40.84905242919922, 18.83966064453125, 11.584846496582031, 8.232707023620605, 6.143389701843262, 4.69834041595459, 3.6842381954193115, 2.977900981903076, 2.487572431564331, 2.1298110485076904, 1.8869251012802124, 1.7313302755355835, 1.6303807497024536, 1.5665030479431152, 1.521908164024353, 1.4936509132385254, 1.4722228050231934, 1.4570451974868774, 1.4474351406097412, 1.4383738040924072, 1.4299918413162231, 1.419848084449768, 1.418911099433899, 1.4109442234039307, 1.4060519933700562, 1.4001187086105347, 1.392393708229065, 1.3915704488754272, 1.3840463161468506, 1.3818235397338867, 1.3740752935409546, 1.3716572523117065, 1.367955207824707, 1.3600008487701416, 1.356644630432129, 1.352486252784729, 1.3536781072616577, 1.3444242477416992, 1.335472583770752], "accuracy": [0.2397228479385376, 0.279389888048172, 0.3412621021270752, 0.370791494846344, 0.3783482015132904, 0.3846028745174408, 0.3888113796710968, 0.3897182047367096, 0.3956705629825592, 0.4172711968421936, 0.4344308078289032, 0.4431501030921936, 0.447451651096344, 0.4491722583770752, 0.4546130895614624, 0.4554269015789032, 0.459170401096344, 0.4628208577632904, 0.4630998969078064, 0.46826171875, 0.4723307192325592, 0.4771902859210968, 0.4764462411403656, 0.479189932346344, 0.4821428656578064, 0.484468013048172, 0.4900018572807312, 0.49072265625, 0.4933035671710968, 0.494326651096344, 0.4991629421710968, 0.5021159052848816, 0.5027669072151184, 0.5107421875, 0.5077660083770752, 0.5136021375656128, 0.513555645942688, 0.5202985405921936, 0.5228096842765808], "val_loss": [25.519697189331055, 14.111848831176758, 9.664915084838867, 7.124991416931152, 5.385758399963379, 4.1545000076293945, 3.2949953079223633, 2.710275650024414, 2.2946038246154785, 1.9820826053619385, 1.7924668788909912, 1.6761735677719116, 1.5932124853134155, 1.5456019639968872, 1.5139625072479248, 1.4887018203735352, 1.4760143756866455, 1.4604743719100952, 1.4531079530715942, 1.4450223445892334, 1.444029688835144, 1.4488089084625244, 1.438033103942871, 1.4292161464691162, 1.427424669265747, 1.4324967861175537, 1.4284025430679321, 1.425919532775879, 1.4236478805541992, 1.4331059455871582, 1.4263032674789429, 1.4257025718688965, 1.4328752756118774, 1.4344590902328491, 1.425781011581421, 1.4268698692321777, 1.4293493032455444, 1.4305890798568726, 1.4310914278030396], "val_accuracy": [0.2664620578289032, 0.2845052182674408, 0.3324962854385376, 0.361142098903656, 0.3775111734867096, 0.3855096697807312, 0.388578861951828, 0.3839285671710968, 0.394624263048172, 0.4288504421710968, 0.4369419515132904, 0.4418712854385376, 0.4436383843421936, 0.44921875, 0.4480096697807312, 0.4521019458770752, 0.4541480541229248, 0.457217276096344, 0.4586123526096344, 0.461123526096344, 0.4633556604385376, 0.460844486951828, 0.4674479067325592, 0.4695870578289032, 0.4720052182674408, 0.4662388265132904, 0.4709821343421936, 0.47265625, 0.472470223903656, 0.46875, 0.470610111951828, 0.4751674234867096, 0.4714471697807312, 0.4741443395614624, 0.4777715802192688, 0.480654776096344, 0.4776785671710968, 0.4755394458770752, 0.4791666567325592]}