{"loss": [12.408529281616211, 6.763372421264648, 4.522784233093262, 3.474863052368164, 2.894141912460327, 2.5132758617401123, 2.244605302810669, 2.0581250190734863, 1.9217004776000977, 1.8225829601287842, 1.754529595375061, 1.702674388885498, 1.6622778177261353, 1.6307647228240967, 1.6071946620941162, 1.589207649230957, 1.5768635272979736, 1.5618598461151123, 1.5514652729034424, 1.5422413349151611, 1.534179925918579, 1.5283076763153076, 1.5199298858642578, 1.5135188102722168, 1.5055885314941406, 1.4987608194351196, 1.4915696382522583, 1.4897077083587646, 1.4796231985092163, 1.471579670906067, 1.4638298749923706, 1.4577583074569702, 1.4490492343902588], "accuracy": [0.1989128440618515, 0.20811370015144348, 0.24934111535549164, 0.2889448404312134, 0.30235788226127625, 0.3097703456878662, 0.3207831382751465, 0.3256071209907532, 0.33224302530288696, 0.34144389629364014, 0.34859752655029297, 0.35648059844970703, 0.3691641688346863, 0.3754706382751465, 0.38438913226127625, 0.3890013098716736, 0.3924134075641632, 0.399778813123703, 0.40302616357803345, 0.4102974534034729, 0.4146272540092468, 0.41399189829826355, 0.4208396077156067, 0.4256165325641632, 0.4321112632751465, 0.43787649273872375, 0.4408414959907532, 0.44300639629364014, 0.4508659541606903, 0.45258376002311707, 0.4612434208393097, 0.46416133642196655, 0.4732916057109833], "val_loss": [8.678167343139648, 5.339108467102051, 3.9465091228485107, 3.203207492828369, 2.7209503650665283, 2.3819518089294434, 2.1409261226654053, 1.9755420684814453, 1.8596798181533813, 1.7754396200180054, 1.7187026739120483, 1.6715319156646729, 1.6415420770645142, 1.6163625717163086, 1.598567247390747, 1.587660551071167, 1.5791242122650146, 1.5717360973358154, 1.5666189193725586, 1.5658400058746338, 1.560119867324829, 1.560179352760315, 1.5586096048355103, 1.559564232826233, 1.5602000951766968, 1.5632203817367554, 1.563943862915039, 1.5703312158584595, 1.5737687349319458, 1.5802663564682007, 1.587005853652954, 1.58968186378479, 1.5997812747955322], "val_accuracy": [0.21464844048023224, 0.21523436903953552, 0.24755859375, 0.2657226622104645, 0.29853516817092896, 0.31572264432907104, 0.33330076932907104, 0.3379882872104645, 0.34111326932907104, 0.35400390625, 0.35771483182907104, 0.36982423067092896, 0.375, 0.3814453184604645, 0.3877929747104645, 0.3924804627895355, 0.3965820372104645, 0.3915039002895355, 0.39628905057907104, 0.3988281190395355, 0.40205079317092896, 0.40253907442092896, 0.4034179747104645, 0.4009765684604645, 0.40400391817092896, 0.4009765684604645, 0.40068358182907104, 0.4013671875, 0.40107423067092896, 0.4019531309604645, 0.4000000059604645, 0.40068358182907104, 0.3975585997104645]}