{"loss": [40.61588668823242, 18.822689056396484, 11.650067329406738, 8.332311630249023, 6.251748561859131, 4.807791233062744, 3.790678024291992, 3.079310178756714, 2.589188814163208, 2.252727508544922, 2.027609348297119, 1.879452109336853, 1.781691074371338, 1.7190148830413818, 1.677764892578125, 1.6521142721176147, 1.635520100593567, 1.6238945722579956, 1.6163605451583862, 1.6121901273727417, 1.6085995435714722, 1.6058281660079956, 1.6024982929229736, 1.6009620428085327, 1.598534107208252, 1.59829580783844, 1.5969709157943726, 1.596469521522522, 1.594970464706421, 1.5949307680130005, 1.5929828882217407, 1.5931271314620972, 1.5918779373168945, 1.5925263166427612, 1.590518593788147, 1.5897047519683838, 1.5896278619766235, 1.589263916015625, 1.589606761932373, 1.5887078046798706, 1.5879476070404053, 1.5869605541229248, 1.586835503578186, 1.5863994359970093, 1.5855387449264526, 1.5857690572738647, 1.5864936113357544, 1.5837174654006958, 1.584473729133606, 1.584415316581726, 1.5842033624649048, 1.5832111835479736, 1.583831548690796, 1.5833089351654053, 1.581907868385315, 1.5833622217178345, 1.5830260515213013, 1.5819560289382935, 1.582360863685608, 1.5814523696899414, 1.5821044445037842, 1.5822325944900513, 1.5815446376800537, 1.5802720785140991, 1.5802401304244995, 1.581013560295105, 1.5801024436950684, 1.5796791315078735, 1.5802255868911743, 1.5795739889144897, 1.579257607460022, 1.5792800188064575, 1.5791006088256836, 1.5785291194915771, 1.5782575607299805, 1.5789059400558472, 1.578643798828125, 1.577419400215149, 1.5776492357254028, 1.5768388509750366], "accuracy": [0.29965174198150635, 0.3204537034034729, 0.32831326127052307, 0.3311135172843933, 0.3346903324127197, 0.3350433111190796, 0.3347373902797699, 0.33541980385780334, 0.33570218086242676, 0.3368552327156067, 0.3372552692890167, 0.3383142054080963, 0.33784356713294983, 0.33692583441734314, 0.33960843086242676, 0.3402908444404602, 0.3374435305595398, 0.3409262001514435, 0.3426910638809204, 0.3395613729953766, 0.3405732214450836, 0.3413732945919037, 0.34259694814682007, 0.34010258316993713, 0.3434676229953766, 0.34036144614219666, 0.3429969847202301, 0.3414909541606903, 0.34200865030288696, 0.3438912034034729, 0.3418204188346863, 0.3412321209907532, 0.3429734706878662, 0.34142038226127625, 0.34219691157341003, 0.3441735804080963, 0.34607961773872375, 0.34205570816993713, 0.34349116683006287, 0.3437264561653137, 0.344361811876297, 0.34471479058265686, 0.3460090458393097, 0.34440889954566956, 0.34589138627052307, 0.3456795811653137, 0.3441735804080963, 0.34490305185317993, 0.3447853922843933, 0.34487950801849365, 0.3451383709907532, 0.3447853922843933, 0.34607961773872375, 0.3464561402797699, 0.34605610370635986, 0.34560900926589966, 0.34593844413757324, 0.34739741683006287, 0.34671497344970703, 0.3464561402797699, 0.3479386270046234, 0.3464325964450836, 0.34725621342658997, 0.3469032347202301, 0.34770330786705017, 0.3475150465965271, 0.34725621342658997, 0.34937405586242676, 0.3482210040092468, 0.3479856848716736, 0.3486916422843933, 0.34892696142196655, 0.34784451127052307, 0.34800922870635986, 0.348997563123703, 0.34880930185317993, 0.3497270345687866, 0.3500564694404602, 0.3485504388809204, 0.3515860438346863], "val_loss": [25.534992218017578, 14.16450023651123, 9.697537422180176, 7.15020751953125, 5.426493167877197, 4.214455604553223, 3.3674702644348145, 2.7796988487243652, 2.377051830291748, 2.1050727367401123, 1.924116849899292, 1.8046928644180298, 1.7271196842193604, 1.6785058975219727, 1.6451358795166016, 1.626055121421814, 1.6130578517913818, 1.60439932346344, 1.598520040512085, 1.5938202142715454, 1.5908538103103638, 1.5887930393218994, 1.5872882604599, 1.5858875513076782, 1.5842397212982178, 1.5841758251190186, 1.5832043886184692, 1.582923173904419, 1.5819971561431885, 1.5810596942901611, 1.5810834169387817, 1.5805679559707642, 1.5794810056686401, 1.579028844833374, 1.578859806060791, 1.577636480331421, 1.5782221555709839, 1.5770394802093506, 1.5774058103561401, 1.5780168771743774, 1.5766761302947998, 1.577210545539856, 1.5768624544143677, 1.5758163928985596, 1.576061487197876, 1.5752593278884888, 1.5752884149551392, 1.574350118637085, 1.57542884349823, 1.574786901473999, 1.5751478672027588, 1.575278401374817, 1.5737550258636475, 1.5750248432159424, 1.574259877204895, 1.574233055114746, 1.5737318992614746, 1.574245810508728, 1.573566198348999, 1.5734922885894775, 1.5742642879486084, 1.572652816772461, 1.573870301246643, 1.573997974395752, 1.5735235214233398, 1.5741255283355713, 1.5726803541183472, 1.5729073286056519, 1.572377324104309, 1.5716707706451416, 1.572401523590088, 1.5718618631362915, 1.5722376108169556, 1.5724248886108398, 1.5719671249389648, 1.5729875564575195, 1.5726138353347778, 1.5720494985580444, 1.572687029838562, 1.5726096630096436], "val_accuracy": [0.2500976622104645, 0.29707032442092896, 0.32861328125, 0.34326171875, 0.3480468690395355, 0.34980469942092896, 0.3509765565395355, 0.3505859375, 0.3509765565395355, 0.35273438692092896, 0.3529296815395355, 0.3525390625, 0.35419923067092896, 0.35283201932907104, 0.3544921875, 0.35429686307907104, 0.35322266817092896, 0.353515625, 0.3543945252895355, 0.35498046875, 0.3529296815395355, 0.35175782442092896, 0.3529296815395355, 0.35302734375, 0.35234373807907104, 0.3524414002895355, 0.35429686307907104, 0.35175782442092896, 0.353515625, 0.35234373807907104, 0.35185545682907104, 0.35332030057907104, 0.35107421875, 0.353515625, 0.353515625, 0.353515625, 0.3531250059604645, 0.3529296815395355, 0.35273438692092896, 0.3526367247104645, 0.3525390625, 0.35322266817092896, 0.3525390625, 0.3536132872104645, 0.35087889432907104, 0.3529296815395355, 0.3534179627895355, 0.35332030057907104, 0.3531250059604645, 0.3545898497104645, 0.35322266817092896, 0.3541015684604645, 0.3536132872104645, 0.35234373807907104, 0.35302734375, 0.3526367247104645, 0.3536132872104645, 0.3519531190395355, 0.3536132872104645, 0.3526367247104645, 0.35175782442092896, 0.35273438692092896, 0.35322266817092896, 0.353515625, 0.35273438692092896, 0.3545898497104645, 0.3524414002895355, 0.35283201932907104, 0.35371094942092896, 0.35468751192092896, 0.3525390625, 0.35234373807907104, 0.35205078125, 0.35302734375, 0.35322266817092896, 0.3529296815395355, 0.3526367247104645, 0.35322266817092896, 0.35380858182907104, 0.35205078125]}