{"loss": [12.874988555908203, 8.190399169921875, 5.508627414703369, 3.9807937145233154, 3.09158992767334, 2.559907913208008, 2.234834671020508, 2.025907278060913, 1.8804690837860107, 1.7780293226242065, 1.6984469890594482, 1.6387948989868164, 1.575884222984314, 1.5235496759414673, 1.4773011207580566, 1.4748347997665405, 1.3939149379730225, 1.3544957637786865, 1.3038183450698853, 1.1799980401992798, 1.2915016412734985], "accuracy": [0.1998070478439331, 0.20816077291965485, 0.21037274599075317, 0.22743317484855652, 0.2491057962179184, 0.26776638627052307, 0.28223833441734314, 0.2952513098716736, 0.30598172545433044, 0.3173004388809204, 0.32972514629364014, 0.3423851728439331, 0.36429309844970703, 0.3805299401283264, 0.39822572469711304, 0.39537838101387024, 0.43124058842658997, 0.44632434844970703, 0.4691735804080963, 0.5317912101745605, 0.47992751002311707], "val_loss": [10.082769393920898, 6.581312656402588, 4.594202995300293, 3.456859588623047, 2.774489641189575, 2.377865791320801, 2.129671573638916, 1.976020097732544, 1.8883670568466187, 1.8161205053329468, 1.7824554443359375, 1.7850840091705322, 1.8101469278335571, 1.8035085201263428, 1.7869936227798462, 1.8595964908599854, 1.9630842208862305, 1.8813953399658203, 2.051248073577881, 2.1241328716278076, 2.1762197017669678], "val_accuracy": [0.20781250298023224, 0.20781250298023224, 0.21083983778953552, 0.24843749403953552, 0.2572265565395355, 0.26777344942092896, 0.28437501192092896, 0.28779298067092896, 0.275390625, 0.28515625, 0.2861328125, 0.2744140625, 0.27363282442092896, 0.28564453125, 0.28466796875, 0.27216798067092896, 0.27265626192092896, 0.2637695372104645, 0.2718749940395355, 0.27519530057907104, 0.2557617127895355]}