{"loss": [12.5369234085083, 6.891995906829834, 4.610751152038574, 3.5044589042663574, 2.9135451316833496, 2.5241384506225586, 2.2560811042785645, 2.0664920806884766, 1.932140827178955, 1.8346792459487915, 1.7667531967163086, 1.7145700454711914, 1.6760739088058472, 1.6486568450927734, 1.6240532398223877, 1.6037354469299316, 1.5848010778427124, 1.5741441249847412, 1.5625972747802734, 1.5504883527755737, 1.5430772304534912, 1.5363750457763672, 1.5298256874084473, 1.5205425024032593, 1.5129002332687378, 1.5060421228408813, 1.5042881965637207, 1.4967602491378784, 1.4887827634811401, 1.4828139543533325, 1.4771474599838257, 1.47176194190979, 1.463533878326416, 1.459940791130066, 1.449558973312378], "accuracy": [0.19805163145065308, 0.2057688683271408, 0.23254096508026123, 0.2876810133457184, 0.3003048896789551, 0.3113090693950653, 0.3179544508457184, 0.3210032284259796, 0.3249809443950653, 0.33129286766052246, 0.33624714612960815, 0.34553638100624084, 0.3539205491542816, 0.361328125, 0.3689500689506531, 0.3752858340740204, 0.38481324911117554, 0.38938644528388977, 0.39653199911117554, 0.4008908271789551, 0.4071550965309143, 0.4103468060493469, 0.4125142991542816, 0.421041339635849, 0.42580506205558777, 0.4271150827407837, 0.4311404228210449, 0.43580886721611023, 0.4420969784259796, 0.44478848576545715, 0.4496951103210449, 0.4533155560493469, 0.4577219784259796, 0.4631764590740204, 0.4720131456851959], "val_loss": [8.845947265625, 5.434719085693359, 3.992518663406372, 3.229642868041992, 2.7600879669189453, 2.4075992107391357, 2.167174816131592, 1.997941255569458, 1.875492811203003, 1.7967122793197632, 1.7497295141220093, 1.706108808517456, 1.6776081323623657, 1.6522276401519775, 1.6361596584320068, 1.6094253063201904, 1.5956220626831055, 1.5916781425476074, 1.5813469886779785, 1.5745304822921753, 1.5719172954559326, 1.5804425477981567, 1.5656784772872925, 1.5688118934631348, 1.5639632940292358, 1.5769822597503662, 1.5661954879760742, 1.571130633354187, 1.5737420320510864, 1.5753357410430908, 1.5948903560638428, 1.581200361251831, 1.5875980854034424, 1.5960144996643066, 1.6033031940460205], "val_accuracy": [0.20908203721046448, 0.21210937201976776, 0.22812500596046448, 0.2621093690395355, 0.27265626192092896, 0.2948242127895355, 0.3095703125, 0.31865233182907104, 0.3280273377895355, 0.33281248807907104, 0.32988280057907104, 0.3394531309604645, 0.34443360567092896, 0.35136717557907104, 0.35478514432907104, 0.37275391817092896, 0.38007813692092896, 0.3799804747104645, 0.3846679627895355, 0.38935548067092896, 0.3902343809604645, 0.38359373807907104, 0.3931640684604645, 0.3921875059604645, 0.39667969942092896, 0.38984376192092896, 0.39873045682907104, 0.3974609375, 0.39570313692092896, 0.39619141817092896, 0.38447266817092896, 0.40205079317092896, 0.39599609375, 0.3994140625, 0.3965820372104645]}