{"loss": [16.045141220092773, 8.97085189819336, 6.717989921569824, 5.4870147705078125, 4.717862129211426, 4.195359230041504, 3.825038194656372, 3.539943218231201, 3.2989819049835205, 3.102177858352661, 2.94826340675354, 2.7914843559265137, 2.670332193374634, 2.5637364387512207, 2.482466459274292, 2.3952081203460693, 2.323158025741577, 2.2603816986083984, 2.2059929370880127, 2.15759015083313, 2.113417863845825, 2.0719056129455566, 2.0374085903167725, 2.000119686126709, 1.9666032791137695, 1.9369226694107056, 1.90992271900177, 1.8858566284179688, 1.8621904850006104, 1.8412038087844849, 1.8206733465194702, 1.8026535511016846, 1.78561270236969, 1.7693673372268677, 1.7555044889450073, 1.741724967956543, 1.7296034097671509, 1.7178318500518799, 1.7073312997817993, 1.6980555057525635, 1.6886794567108154, 1.680338740348816, 1.672553539276123, 1.6658103466033936, 1.6589899063110352, 1.6540507078170776, 1.6492420434951782, 1.6432125568389893, 1.6391100883483887, 1.6346321105957031, 1.6309943199157715, 1.6279486417770386, 1.6248103380203247, 1.6215099096298218, 1.6194816827774048, 1.6167327165603638, 1.6149890422821045, 1.6126396656036377, 1.6111315488815308, 1.6100276708602905, 1.608367919921875, 1.6076387166976929, 1.6055963039398193, 1.605172038078308, 1.6040927171707153, 1.602989912033081, 1.6027390956878662, 1.6024359464645386, 1.6016247272491455, 1.6010905504226685, 1.6008381843566895, 1.599928617477417, 1.6001890897750854, 1.5998588800430298, 1.5997898578643799, 1.5993719100952148, 1.5988999605178833, 1.598915934562683, 1.5987701416015625, 1.598460078239441, 1.598710536956787, 1.598590612411499, 1.5985127687454224, 1.597975254058838, 1.5982109308242798, 1.5986104011535645, 1.5977790355682373, 1.597697377204895, 1.5982085466384888, 1.5973966121673584, 1.597598910331726, 1.597714900970459, 1.59769868850708, 1.5973901748657227, 1.597310185432434, 1.5912984609603882, 1.571326494216919, 1.558562159538269, 1.5518659353256226, 1.5577406883239746], "accuracy": [0.2632623612880707, 0.2901335656642914, 0.29668599367141724, 0.3082157373428345, 0.3110509216785431, 0.31313005089759827, 0.31275200843811035, 0.31851688027381897, 0.32299017906188965, 0.3179183602333069, 0.32683342695236206, 0.3257308602333069, 0.32695943117141724, 0.3282195031642914, 0.32875505089759827, 0.3286920487880707, 0.3290700614452362, 0.3290700614452362, 0.3290700614452362, 0.3289755582809448, 0.3290070593357086, 0.32891255617141724, 0.3291645646095276, 0.3290700614452362, 0.3290700614452362, 0.3290700614452362, 0.3290700614452362, 0.3290700614452362, 0.3290700614452362, 0.3290700614452362, 0.3290700614452362, 0.3290700614452362, 0.3290700614452362, 0.3290700614452362, 0.3290700614452362, 0.3290700614452362, 0.3290700614452362, 0.3290700614452362, 0.3290700614452362, 0.3290700614452362, 0.3290700614452362, 0.3290700614452362, 0.3290700614452362, 0.3290700614452362, 0.3290700614452362, 0.3290700614452362, 0.3290700614452362, 0.3290700614452362, 0.3290700614452362, 0.3290700614452362, 0.3290700614452362, 0.3290700614452362, 0.3290700614452362, 0.3290700614452362, 0.3290700614452362, 0.3290700614452362, 0.3290700614452362, 0.3290700614452362, 0.3290700614452362, 0.3290700614452362, 0.3290700614452362, 0.3290700614452362, 0.3290700614452362, 0.3290700614452362, 0.3290700614452362, 0.3290700614452362, 0.3290700614452362, 0.3290700614452362, 0.3290700614452362, 0.3290700614452362, 0.3290700614452362, 0.3290700614452362, 0.3290700614452362, 0.3290700614452362, 0.3290700614452362, 0.3290700614452362, 0.3290700614452362, 0.3290700614452362, 0.3290700614452362, 0.3290700614452362, 0.3290700614452362, 0.3290700614452362, 0.3290700614452362, 0.3290700614452362, 0.3290700614452362, 0.3290700614452362, 0.3290700614452362, 0.3290700614452362, 0.3290700614452362, 0.3290700614452362, 0.3290700614452362, 0.3290700614452362, 0.3290700614452362, 0.3290700614452362, 0.3290700614452362, 0.33023563027381897, 0.33477193117141724, 0.34198588132858276, 0.34838080406188965, 0.3447265625], "val_loss": [10.701434135437012, 7.564530372619629, 5.9777512550354, 5.028747081756592, 4.409658908843994, 3.977783203125, 3.645012855529785, 3.394724130630493, 3.146085023880005, 3.0161943435668945, 2.8599636554718018, 2.7223384380340576, 2.6059885025024414, 2.52087664604187, 2.4261579513549805, 2.348484992980957, 2.281095266342163, 2.2218849658966064, 2.1706273555755615, 2.1234419345855713, 2.0827558040618896, 2.0420448780059814, 2.008040428161621, 1.9716708660125732, 1.9408440589904785, 1.9126771688461304, 1.8866876363754272, 1.862734317779541, 1.8404332399368286, 1.8198271989822388, 1.8007524013519287, 1.7831099033355713, 1.7667781114578247, 1.751663327217102, 1.7377032041549683, 1.72481369972229, 1.7129127979278564, 1.7019363641738892, 1.6918160915374756, 1.6825040578842163, 1.6739217042922974, 1.666035771369934, 1.6587836742401123, 1.652131199836731, 1.6460281610488892, 1.6406561136245728, 1.6354931592941284, 1.6306931972503662, 1.6264008283615112, 1.6225008964538574, 1.6189594268798828, 1.6157346963882446, 1.6128724813461304, 1.6101573705673218, 1.6077262163162231, 1.6055233478546143, 1.6035460233688354, 1.6017524003982544, 1.6001479625701904, 1.5987149477005005, 1.5977084636688232, 1.5966904163360596, 1.5952770709991455, 1.5942764282226562, 1.5934271812438965, 1.5926766395568848, 1.592005968093872, 1.5914273262023926, 1.5909113883972168, 1.590454339981079, 1.5900535583496094, 1.5896915197372437, 1.5893840789794922, 1.5892051458358765, 1.588876485824585, 1.5886516571044922, 1.588458776473999, 1.5882936716079712, 1.588150143623352, 1.5881167650222778, 1.5889496803283691, 1.5880047082901, 1.5877999067306519, 1.5877045392990112, 1.5876516103744507, 1.5876086950302124, 1.587562084197998, 1.5875132083892822, 1.5874863862991333, 1.5874556303024292, 1.587419867515564, 1.587417721748352, 1.5874030590057373, 1.5873945951461792, 1.5872920751571655, 1.9662190675735474, 1.531401515007019, 1.5148676633834839, 1.5304491519927979, 1.5361148118972778],