{"loss": [41.338768005371094, 19.33576011657715, 11.810798645019531, 8.323907852172852, 6.191017150878906, 4.735593318939209, 3.71905779838562, 3.0127623081207275, 2.5239648818969727, 2.192277669906616, 1.965851902961731, 1.8154377937316895, 1.713891625404358, 1.6463769674301147, 1.6011375188827515, 1.570145606994629, 1.5477550029754639, 1.5319585800170898, 1.5196739435195923, 1.5108654499053955, 1.5033342838287354, 1.4971312284469604, 1.490587830543518, 1.485492467880249, 1.4816234111785889, 1.4752440452575684, 1.469636082649231, 1.4642738103866577, 1.4608558416366577, 1.4529658555984497, 1.443680763244629, 1.4381372928619385, 1.433008074760437, 1.4289653301239014, 1.4238446950912476, 1.4176406860351562, 1.4117786884307861, 1.4042187929153442, 1.4002020359039307, 1.3917022943496704, 1.3812264204025269], "accuracy": [0.19357116520404816, 0.21159638464450836, 0.280638188123703, 0.3226892054080963, 0.3385965824127197, 0.3449501097202301, 0.3465973138809204, 0.35196253657341003, 0.35506871342658997, 0.3625282347202301, 0.37525883316993713, 0.3816123902797699, 0.38841304183006287, 0.3934723138809204, 0.40182605385780334, 0.408814936876297, 0.41312122344970703, 0.41566264629364014, 0.42149850726127625, 0.42495763301849365, 0.42752259969711304, 0.4310523271560669, 0.431028813123703, 0.43368786573410034, 0.438111811876297, 0.44150036573410034, 0.44390061497688293, 0.4463478922843933, 0.4489363729953766, 0.4520896077156067, 0.4591020345687866, 0.4660909175872803, 0.46762049198150635, 0.46773815155029297, 0.4734092652797699, 0.4753859043121338, 0.48232775926589966, 0.4839514195919037, 0.48832830786705017, 0.49498775601387024, 0.5003058910369873], "val_loss": [26.168453216552734, 14.456352233886719, 9.83364200592041, 7.217087745666504, 5.440303802490234, 4.201025485992432, 3.338585615158081, 2.7423408031463623, 2.3344669342041016, 2.0652270317077637, 1.8859589099884033, 1.7691386938095093, 1.6878063678741455, 1.6356176137924194, 1.5921218395233154, 1.5672426223754883, 1.5528558492660522, 1.5371778011322021, 1.5281071662902832, 1.53329598903656, 1.5248891115188599, 1.5214036703109741, 1.5177955627441406, 1.5153846740722656, 1.5168914794921875, 1.5116406679153442, 1.509315848350525, 1.5102678537368774, 1.5101603269577026, 1.5112870931625366, 1.5066404342651367, 1.5076863765716553, 1.5086596012115479, 1.5118353366851807, 1.5171600580215454, 1.520689606666565, 1.522115707397461, 1.5217220783233643, 1.5253461599349976, 1.525887370109558, 1.5332086086273193], "val_accuracy": [0.20849609375, 0.20791015028953552, 0.2373046875, 0.2689453065395355, 0.30351561307907104, 0.3338867127895355, 0.3441406190395355, 0.3531250059604645, 0.3636718690395355, 0.36699217557907104, 0.3687500059604645, 0.37324219942092896, 0.3798828125, 0.39111328125, 0.40009766817092896, 0.40351563692092896, 0.4053710997104645, 0.41181641817092896, 0.4134765565395355, 0.4105468690395355, 0.41474610567092896, 0.4150390625, 0.41669923067092896, 0.4188476502895355, 0.41669923067092896, 0.42041015625, 0.42333984375, 0.42363280057907104, 0.42402344942092896, 0.42236328125, 0.4263671934604645, 0.42548829317092896, 0.42724609375, 0.4251953065395355, 0.42255860567092896, 0.4278320372104645, 0.42460936307907104, 0.4251953065395355, 0.4237304627895355, 0.42851561307907104, 0.4273437559604645]}