{"loss": [12.458596229553223, 6.759910583496094, 4.585878372192383, 3.578037977218628, 2.983201265335083, 2.5869739055633545, 2.3083701133728027, 2.1097097396850586, 1.9695420265197754, 1.869690179824829, 1.7969768047332764, 1.746513843536377, 1.7088534832000732, 1.6819156408309937, 1.6601094007492065, 1.6441155672073364, 1.6357710361480713, 1.6252696514129639, 1.6175198554992676, 1.6115268468856812, 1.6045511960983276, 1.5992133617401123, 1.5971415042877197, 1.5897067785263062, 1.5887128114700317, 1.582549810409546, 1.5842413902282715, 1.5766313076019287, 1.5727773904800415, 1.5674244165420532, 1.5669660568237305], "accuracy": [0.2029602825641632, 0.26946064829826355, 0.28645047545433044, 0.2965455651283264, 0.3042168617248535, 0.31257060170173645, 0.31831231713294983, 0.3195359706878662, 0.32640719413757324, 0.3286897540092468, 0.333372563123703, 0.33572572469711304, 0.3403143882751465, 0.34099680185317993, 0.34549134969711304, 0.35316264629364014, 0.3501976728439331, 0.3539627194404602, 0.3579866290092468, 0.36151638627052307, 0.36379894614219666, 0.36921122670173645, 0.3715643882751465, 0.37629422545433044, 0.3792356848716736, 0.383424311876297, 0.38318899273872375, 0.3898484706878662, 0.3921310305595398, 0.39791980385780334, 0.4030967652797699], "val_loss": [8.73088264465332, 5.39688777923584, 3.999596118927002, 3.2408015727996826, 2.7546486854553223, 2.422633647918701, 2.1887238025665283, 2.02514910697937, 1.91005539894104, 1.8288593292236328, 1.7723468542099, 1.7316516637802124, 1.6998332738876343, 1.6773916482925415, 1.6631532907485962, 1.6535412073135376, 1.6437652111053467, 1.6419963836669922, 1.6364771127700806, 1.6332738399505615, 1.6317319869995117, 1.637960433959961, 1.634107232093811, 1.6377439498901367, 1.6398961544036865, 1.6455503702163696, 1.646593451499939, 1.6519775390625, 1.6585094928741455, 1.666090726852417, 1.6762125492095947], "val_accuracy": [0.21181640028953552, 0.27001953125, 0.2939453125, 0.3031249940395355, 0.31132811307907104, 0.3182617127895355, 0.32255858182907104, 0.32539063692092896, 0.32499998807907104, 0.32373046875, 0.3248046934604645, 0.32792967557907104, 0.33251953125, 0.3379882872104645, 0.3402343690395355, 0.33984375, 0.3431640565395355, 0.341796875, 0.34248048067092896, 0.3465820252895355, 0.3446289002895355, 0.3438476622104645, 0.34882813692092896, 0.3447265625, 0.3467773497104645, 0.345703125, 0.3475585877895355, 0.341796875, 0.34599608182907104, 0.34423828125, 0.34326171875]}