{"loss": [41.06594467163086, 19.034318923950195, 11.719291687011719, 8.340718269348145, 6.234377384185791, 4.783106327056885, 3.761465072631836, 3.0508580207824707, 2.5558600425720215, 2.216765880584717, 1.9883873462677002, 1.8359270095825195, 1.7350718975067139, 1.6689690351486206, 1.6264251470565796, 1.5977776050567627, 1.5773234367370605, 1.563920021057129, 1.5538371801376343, 1.5475072860717773, 1.5408471822738647, 1.5382908582687378, 1.5338249206542969, 1.5292043685913086, 1.5252944231033325, 1.522851824760437, 1.5212498903274536, 1.5173510313034058, 1.5140033960342407, 1.5110026597976685, 1.5087738037109375, 1.5064274072647095, 1.5022162199020386, 1.5009764432907104, 1.4974159002304077, 1.495319128036499, 1.4918500185012817, 1.4896059036254883, 1.48540461063385, 1.4844913482666016, 1.4791295528411865, 1.4760587215423584, 1.4726946353912354, 1.470268726348877, 1.4658631086349487], "accuracy": [0.22675074636936188, 0.3130882978439331, 0.3350197672843933, 0.3401261270046234, 0.34370294213294983, 0.3469502925872803, 0.3490210771560669, 0.3503388464450836, 0.35716304183006287, 0.36306947469711304, 0.36634036898612976, 0.3702230751514435, 0.3746705651283264, 0.3778708577156067, 0.38045933842658997, 0.38245952129364014, 0.3860127925872803, 0.38846009969711304, 0.3894248902797699, 0.39083677530288696, 0.39203688502311707, 0.3938958942890167, 0.3956137001514435, 0.39747270941734314, 0.3996140956878662, 0.3996611535549164, 0.4008377194404602, 0.4039909541606903, 0.40436747670173645, 0.40523815155029297, 0.4076148271560669, 0.40693241357803345, 0.41321536898612976, 0.41234469413757324, 0.4135683476924896, 0.41594502329826355, 0.4183923304080963, 0.4209808111190796, 0.4233810305595398, 0.4233574867248535, 0.4269813597202301, 0.42961689829826355, 0.4336172938346863, 0.43359375, 0.43545275926589966], "val_loss": [25.890377044677734, 14.357168197631836, 9.810001373291016, 7.225986480712891, 5.466331481933594, 4.226143836975098, 3.361365795135498, 2.7591795921325684, 2.35465669631958, 2.071972370147705, 1.8897403478622437, 1.7665735483169556, 1.685884714126587, 1.6318113803863525, 1.5973602533340454, 1.5779006481170654, 1.5628576278686523, 1.5543248653411865, 1.5475952625274658, 1.5426232814788818, 1.5405064821243286, 1.5378892421722412, 1.5364562273025513, 1.5329452753067017, 1.5312936305999756, 1.5289597511291504, 1.5305242538452148, 1.5271024703979492, 1.5256764888763428, 1.5248738527297974, 1.5245553255081177, 1.5231750011444092, 1.5230474472045898, 1.5228304862976074, 1.5218700170516968, 1.522549033164978, 1.5222972631454468, 1.524071216583252, 1.5239237546920776, 1.5257765054702759, 1.5291861295700073, 1.5296647548675537, 1.533476710319519, 1.534967303276062, 1.5372025966644287], "val_accuracy": [0.2138671875, 0.21572265028953552, 0.25458985567092896, 0.2930664122104645, 0.33222657442092896, 0.3509765565395355, 0.35517579317092896, 0.3603515625, 0.36669921875, 0.37255859375, 0.37470704317092896, 0.38037109375, 0.3827148377895355, 0.3856445252895355, 0.38847655057907104, 0.39013671875, 0.39033204317092896, 0.39228516817092896, 0.39277344942092896, 0.39375001192092896, 0.3954101502895355, 0.39580076932907104, 0.39521485567092896, 0.3968749940395355, 0.39697265625, 0.40009766817092896, 0.39726561307907104, 0.39921873807907104, 0.39921873807907104, 0.40087890625, 0.4007812440395355, 0.400390625, 0.40166014432907104, 0.4022460877895355, 0.4007812440395355, 0.39990234375, 0.4000000059604645, 0.40009766817092896, 0.3998046815395355, 0.4009765684604645, 0.400390625, 0.39873045682907104, 0.4000000059604645, 0.4009765684604645, 0.40019530057907104]}