{"loss": [18.411497116088867, 8.94227409362793, 6.647726058959961, 5.428378105163574, 4.684411525726318, 4.204474925994873, 3.8395187854766846, 3.5408878326416016, 3.324772834777832, 3.1288297176361084, 2.9682230949401855, 2.837033748626709, 2.721019983291626, 2.6353724002838135, 2.5442988872528076, 2.4611589908599854, 2.3935282230377197, 2.332159996032715, 2.2796313762664795, 2.2322487831115723, 2.1836748123168945, 2.1432993412017822, 2.101167678833008, 2.066380262374878, 2.033147096633911, 1.996154546737671, 1.9152467250823975, 1.8537131547927856, 1.8145673274993896, 1.7849032878875732, 1.7530266046524048, 1.7290899753570557, 1.7028144598007202, 1.6765506267547607, 1.6579545736312866, 1.6351364850997925, 1.617647647857666, 1.5960897207260132, 1.5764120817184448, 1.5574843883514404, 1.543179988861084, 1.520898461341858, 1.507458209991455, 1.4948034286499023, 1.4798084497451782, 1.4614853858947754, 1.4516068696975708, 1.4385640621185303, 1.4236083030700684, 1.407429575920105, 1.3952573537826538, 1.3830615282058716, 1.365349292755127, 1.344145655632019, 1.32349693775177, 1.3084784746170044, 1.2855974435806274, 1.267964243888855, 1.2509387731552124, 1.2286611795425415, 1.2035441398620605, 1.1854901313781738, 1.154889702796936, 1.1381542682647705, 1.1437773704528809, 1.132639765739441, 1.1110050678253174, 1.0510724782943726], "accuracy": [0.27318549156188965, 0.27816280722618103, 0.2930632531642914, 0.30739668011665344, 0.3115864396095276, 0.30827873945236206, 0.31464213132858276, 0.31659525632858276, 0.31624874472618103, 0.3237777352333069, 0.3236202001571655, 0.32680192589759827, 0.3261088728904724, 0.32683342695236206, 0.3281565010547638, 0.32888105511665344, 0.3294795751571655, 0.32941657304763794, 0.32982611656188965, 0.3294795751571655, 0.33083418011665344, 0.33039313554763794, 0.3330393135547638, 0.3340158760547638, 0.33480343222618103, 0.34441155195236206, 0.36504536867141724, 0.3750945031642914, 0.38246598839759827, 0.38930192589759827, 0.3978389501571655, 0.4062815010547638, 0.40889617800712585, 0.41475555300712585, 0.41825225949287415, 0.419921875, 0.4204889237880707, 0.4272303283214569, 0.43135711550712585, 0.43734249472618103, 0.4390121102333069, 0.4471711218357086, 0.45189642906188965, 0.4551726281642914, 0.4598979353904724, 0.4677734375, 0.4702306091785431, 0.4760269522666931, 0.4795551896095276, 0.49054938554763794, 0.49974799156188965, 0.508033037185669, 0.5203818082809448, 0.5332661271095276, 0.5473475456237793, 0.5595387816429138, 0.568359375, 0.5802671313285828, 0.5902217626571655, 0.6030430793762207, 0.6162424683570862, 0.6261340975761414, 0.6412235498428345, 0.6563130021095276, 0.6497290730476379, 0.6561554670333862, 0.6693863272666931, 0.6943044066429138], "val_loss": [10.68262004852295, 7.51437520980835, 5.914888381958008, 4.979002475738525, 4.415992736816406, 3.9986753463745117, 3.653398275375366, 3.406428813934326, 3.205702304840088, 3.023815393447876, 2.894409418106079, 2.7555763721466064, 2.668126344680786, 2.577617645263672, 2.4835782051086426, 2.4117045402526855, 2.348611354827881, 2.2923672199249268, 2.2409045696258545, 2.1947412490844727, 2.150733232498169, 2.109088659286499, 2.066699266433716, 2.040297508239746, 1.9996259212493896, 1.9766651391983032, 1.8552452325820923, 1.7956479787826538, 1.764137625694275, 1.739896535873413, 1.7156568765640259, 1.7185214757919312, 1.6871399879455566, 1.6513830423355103, 1.6339755058288574, 1.6405035257339478, 1.6169817447662354, 1.6011987924575806, 1.5860377550125122, 1.576736569404602, 1.6016544103622437, 1.5691710710525513, 1.5515873432159424, 1.544683575630188, 1.5351271629333496, 1.5409942865371704, 1.532047986984253, 1.5555702447891235, 1.5449490547180176, 1.5433496236801147, 1.5164997577667236, 1.5338417291641235, 1.5570603609085083, 1.5937589406967163, 1.5468170642852783, 1.5561473369598389, 1.6320903301239014, 1.5023025274276733, 1.6013561487197876, 1.5107625722885132, 1.534803867340088, 1.68765127658844, 1.9352188110351562, 1.5982393026351929, 1.768575668334961, 1.7758581638336182, 1.8087056875228882, 1.6633625030517578], "val_accuracy": [0.33281248807907104, 0.33281248807907104, 0.33281248807907104, 0.33281248807907104, 0.33281248807907104, 0.33281248807907104, 0.33281248807907104, 0.33281248807907104, 0.33281248807907104, 0.33281248807907104, 0.33281248807907104, 0.33281248807907104, 0.33281248807907104, 0.33281248807907104, 0.33281248807907104, 0.33281248807907104, 0.33281248807907104, 0.33281248807907104, 0.3322916626930237, 0.3326822817325592, 0.33320313692092896, 0.33385416865348816, 0.3361979126930237, 0.337890625, 0.3375000059604645, 0.33984375, 0.3986979126930237, 0.40546876192092896, 0.4104166626930237, 0.40481770038604736, 0.4001302123069763, 0.39531248807907104, 0.39921873807907104, 0.4105468690395355, 0.40572917461395264, 0.39661458134651184, 0.39765626192092896, 0.40572917461395264, 0.40442708134651184, 0.40312498807907104, 0.39765626192092896, 0.3980468809604645, 0.40442708134651184, 0.4026041626930237, 0.4078125059604645, 0.4000000059604645, 0.41002604365348816, 0.3936198055744171, 0.4001302123069763, 0.390625, 0.4177083373069763, 0.4097656309604645, 0.404296875, 0.4032551944255829, 0.4195312559604645, 0.4104166626930237, 0.4118489623069763, 0.47317707538604736, 0.41523438692092896, 0.4791666567325592, 0.4820312559604645, 0.44518229365348816, 0.412109375, 0.48059895634651184, 0.43372395634651184, 0.4305989444255829, 0.4554687440395355, 0.46861979365348816]}