{"loss": [12.522677421569824, 6.871972560882568, 4.633973121643066, 3.551898241043091, 2.895632743835449, 2.503737449645996, 2.234804391860962, 2.0470335483551025, 1.913611888885498, 1.8194611072540283, 1.7532850503921509, 1.7043101787567139, 1.667203426361084, 1.6379183530807495, 1.616381049156189, 1.5956990718841553, 1.5792070627212524, 1.5659027099609375, 1.559257984161377, 1.545937180519104, 1.5405211448669434, 1.5312674045562744, 1.5263813734054565, 1.5164566040039062, 1.5119518041610718, 1.5023725032806396, 1.4967660903930664, 1.4917516708374023, 1.4786930084228516, 1.4755492210388184, 1.4689500331878662, 1.4596363306045532, 1.4509484767913818], "accuracy": [0.1978539228439331, 0.2058076113462448, 0.20919616520404816, 0.24752917885780334, 0.2920510172843933, 0.30414626002311707, 0.31167638301849365, 0.32005366683006287, 0.32760730385780334, 0.3388083577156067, 0.34189099073410034, 0.3469502925872803, 0.3547157347202301, 0.36379894614219666, 0.3731645345687866, 0.3820830285549164, 0.38949549198150635, 0.39547252655029297, 0.39937877655029297, 0.40523815155029297, 0.40933263301849365, 0.41460373997688293, 0.416015625, 0.42206326127052307, 0.42733433842658997, 0.43486446142196655, 0.43742939829826355, 0.4381353557109833, 0.45048946142196655, 0.45016002655029297, 0.45757248997688293, 0.46390247344970703, 0.4696677327156067], "val_loss": [8.810271263122559, 5.418590068817139, 4.005363941192627, 3.1910624504089355, 2.6931254863739014, 2.3581161499023438, 2.1207728385925293, 1.9587993621826172, 1.8470518589019775, 1.7740647792816162, 1.7203890085220337, 1.6793931722640991, 1.6570724248886108, 1.6243476867675781, 1.6066020727157593, 1.5923041105270386, 1.5837217569351196, 1.580672025680542, 1.5708928108215332, 1.5665218830108643, 1.5658692121505737, 1.5662462711334229, 1.5656163692474365, 1.565544605255127, 1.56615149974823, 1.5700446367263794, 1.572930097579956, 1.5782501697540283, 1.5835894346237183, 1.5840044021606445, 1.588424563407898, 1.5957883596420288, 1.6041595935821533], "val_accuracy": [0.20839843153953552, 0.21142578125, 0.21367187798023224, 0.2857421934604645, 0.30986326932907104, 0.31806641817092896, 0.3316406309604645, 0.3282226622104645, 0.3324218690395355, 0.33544921875, 0.34111326932907104, 0.349609375, 0.35917967557907104, 0.3671875, 0.37236326932907104, 0.37939453125, 0.3843750059604645, 0.3841796815395355, 0.3868164122104645, 0.3935546875, 0.39130860567092896, 0.38847655057907104, 0.39238280057907104, 0.3916015625, 0.3936523497104645, 0.3939453065395355, 0.39306640625, 0.3941406309604645, 0.39521485567092896, 0.39765626192092896, 0.39287108182907104, 0.3958984315395355, 0.39521485567092896]}