{"loss": [41.08716583251953, 19.103059768676758, 11.781294822692871, 8.387017250061035, 6.271584987640381, 4.811728000640869, 3.788268566131592, 3.0710244178771973, 2.57663893699646, 2.235135078430176, 2.0050857067108154, 1.8504434823989868, 1.7484689950942993, 1.682104229927063, 1.6399939060211182, 1.610190510749817, 1.5926181077957153, 1.5787044763565063, 1.57012939453125, 1.5638337135314941, 1.5581858158111572, 1.5511665344238281, 1.5486890077590942, 1.5443223714828491, 1.5406880378723145, 1.53855299949646, 1.5331826210021973, 1.5311959981918335, 1.5271974802017212, 1.5254024267196655, 1.5214157104492188, 1.5159934759140015, 1.5161538124084473, 1.512438416481018, 1.510285496711731, 1.5058258771896362, 1.5034945011138916, 1.5005522966384888, 1.498681902885437, 1.4940279722213745, 1.493839979171753, 1.4868565797805786, 1.4842157363891602, 1.4824331998825073, 1.477320909500122, 1.4748282432556152, 1.4697619676589966, 1.4651888608932495], "accuracy": [0.23195123672485352, 0.31678274273872375, 0.33659639954566956, 0.3400084674358368, 0.3433264195919037, 0.3482445478439331, 0.34744447469711304, 0.35283321142196655, 0.35419803857803345, 0.3584572672843933, 0.36158695816993713, 0.36739927530288696, 0.36923474073410034, 0.37057605385780334, 0.3739175498485565, 0.37521177530288696, 0.3779885172843933, 0.3796357214450836, 0.38107115030288696, 0.3808829188346863, 0.38300076127052307, 0.3870481848716736, 0.3874717652797699, 0.38874247670173645, 0.39234280586242676, 0.39373117685317993, 0.3959902226924896, 0.3975668251514435, 0.40133190155029297, 0.4018966555595398, 0.4056852459907532, 0.40888553857803345, 0.4071206748485565, 0.40947383642196655, 0.41370952129364014, 0.4148155152797699, 0.41683924198150635, 0.4181334674358368, 0.421263188123703, 0.4211219847202301, 0.42196911573410034, 0.4263460040092468, 0.42749905586242676, 0.42949923872947693, 0.43159356713294983, 0.43754705786705017, 0.4381353557109833, 0.44166508316993713], "val_loss": [25.966320037841797, 14.428418159484863, 9.862482070922852, 7.260448455810547, 5.4955549240112305, 4.252570152282715, 3.382425308227539, 2.778430223464966, 2.3687570095062256, 2.0931293964385986, 1.9054628610610962, 1.7810691595077515, 1.6988664865493774, 1.6478700637817383, 1.6152175664901733, 1.5922565460205078, 1.5781307220458984, 1.5686542987823486, 1.5620602369308472, 1.5562405586242676, 1.5538365840911865, 1.551736831665039, 1.5478993654251099, 1.5456551313400269, 1.5451934337615967, 1.5422861576080322, 1.5397508144378662, 1.538683533668518, 1.5368977785110474, 1.5359647274017334, 1.5354506969451904, 1.5313771963119507, 1.5364302396774292, 1.5337309837341309, 1.5330932140350342, 1.5318280458450317, 1.5333685874938965, 1.5308771133422852, 1.5309165716171265, 1.5351152420043945, 1.533324122428894, 1.5362069606781006, 1.5374995470046997, 1.5377631187438965, 1.5390392541885376, 1.5418657064437866, 1.5479363203048706, 1.5599782466888428], "val_accuracy": [0.22900390625, 0.22714844346046448, 0.2538085877895355, 0.2987304627895355, 0.3394531309604645, 0.3499999940395355, 0.35722655057907104, 0.35771483182907104, 0.3661132752895355, 0.3648437559604645, 0.36943358182907104, 0.37373048067092896, 0.37822264432907104, 0.376953125, 0.3763671815395355, 0.3797851502895355, 0.38017576932907104, 0.38037109375, 0.3828125, 0.38496094942092896, 0.38525390625, 0.3837890625, 0.38593751192092896, 0.38916015625, 0.38847655057907104, 0.39335936307907104, 0.3934570252895355, 0.39238280057907104, 0.39423829317092896, 0.39814454317092896, 0.39453125, 0.3956054747104645, 0.39531248807907104, 0.39921873807907104, 0.40058594942092896, 0.39628905057907104, 0.3955078125, 0.39667969942092896, 0.3998046815395355, 0.396484375, 0.39716798067092896, 0.3984375, 0.39814454317092896, 0.3975585997104645, 0.3993164002895355, 0.3958984315395355, 0.39667969942092896, 0.39238280057907104]}