{"loss": [12.46932315826416, 6.807340621948242, 4.58169412612915, 3.4808971881866455, 2.886932849884033, 2.502753496170044, 2.2367594242095947, 2.0493874549865723, 1.9155001640319824, 1.8204023838043213, 1.753464698791504, 1.703708529472351, 1.6670467853546143, 1.6369129419326782, 1.6125975847244263, 1.5901581048965454, 1.5769262313842773, 1.5617936849594116, 1.5512921810150146, 1.5408844947814941, 1.5321354866027832, 1.5246812105178833, 1.5133962631225586, 1.5066543817520142, 1.5004048347473145, 1.4921284914016724, 1.484035611152649, 1.4785913228988647, 1.4704467058181763, 1.4625048637390137, 1.4512754678726196, 1.4416964054107666, 1.4324268102645874], "accuracy": [0.20143072307109833, 0.2077607363462448, 0.21705572307109833, 0.27967336773872375, 0.2991575598716736, 0.3094879388809204, 0.3159591555595398, 0.3229950964450836, 0.3290427327156067, 0.338502436876297, 0.34476184844970703, 0.35116246342658997, 0.3594926595687866, 0.3671639561653137, 0.3760824501514435, 0.38617751002311707, 0.38996610045433044, 0.40079066157341003, 0.4050498902797699, 0.4085090458393097, 0.4152626097202301, 0.4200865924358368, 0.426393061876297, 0.4300169348716736, 0.4343232214450836, 0.4409826695919037, 0.44721856713294983, 0.4508424401283264, 0.4528426229953766, 0.46597325801849365, 0.4711737632751465, 0.4765389561653137, 0.4837867021560669], "val_loss": [8.739574432373047, 5.368010520935059, 3.960859775543213, 3.1852760314941406, 2.7019734382629395, 2.3679726123809814, 2.1337060928344727, 1.9689124822616577, 1.8574745655059814, 1.7794386148452759, 1.7290146350860596, 1.6843769550323486, 1.6598854064941406, 1.6265531778335571, 1.610710859298706, 1.595380187034607, 1.5861363410949707, 1.57965087890625, 1.5737512111663818, 1.5739431381225586, 1.5712908506393433, 1.5718058347702026, 1.5684505701065063, 1.574113130569458, 1.572739839553833, 1.5707014799118042, 1.5812379121780396, 1.581943154335022, 1.5927150249481201, 1.598030924797058, 1.6036001443862915, 1.6093733310699463, 1.6222562789916992], "val_accuracy": [0.20820312201976776, 0.21220703423023224, 0.23583984375, 0.27392578125, 0.3026367127895355, 0.3114257752895355, 0.3252929747104645, 0.32880860567092896, 0.3365234434604645, 0.34111326932907104, 0.34501951932907104, 0.35205078125, 0.3564453125, 0.36933594942092896, 0.37548828125, 0.38525390625, 0.38398438692092896, 0.38593751192092896, 0.38984376192092896, 0.39287108182907104, 0.39287108182907104, 0.3915039002895355, 0.39521485567092896, 0.39277344942092896, 0.39619141817092896, 0.40283203125, 0.40019530057907104, 0.3985351622104645, 0.3946289122104645, 0.3946289122104645, 0.39580076932907104, 0.39619141817092896, 0.3931640684604645]}