{"loss": [12.445509910583496, 6.797994136810303, 4.559657096862793, 3.473649740219116, 2.8897147178649902, 2.5083882808685303, 2.241549253463745, 2.055691957473755, 1.923404335975647, 1.8281347751617432, 1.7591959238052368, 1.7109812498092651, 1.6734580993652344, 1.6427327394485474, 1.620958685874939, 1.6003910303115845, 1.5832635164260864, 1.5759345293045044, 1.5598666667938232, 1.5521804094314575, 1.5421679019927979, 1.533025860786438, 1.5274375677108765, 1.5194555521011353, 1.5134776830673218, 1.5053391456604004, 1.4982271194458008, 1.4941227436065674, 1.4846714735031128, 1.478104591369629, 1.4677475690841675, 1.4656703472137451, 1.455658197402954, 1.4457470178604126], "accuracy": [0.19895990192890167, 0.20856080949306488, 0.23058640956878662, 0.28706231713294983, 0.2989928424358368, 0.3057228922843933, 0.3167121708393097, 0.3219361901283264, 0.3285956382751465, 0.33313724398612976, 0.33984375, 0.34895047545433044, 0.35841020941734314, 0.36455196142196655, 0.37191736698150635, 0.37852975726127625, 0.3874952793121338, 0.3904837965965271, 0.3973550498485565, 0.4020378291606903, 0.40735599398612976, 0.4143684208393097, 0.41620388627052307, 0.42241623997688293, 0.4264872074127197, 0.4343467652797699, 0.4366058111190796, 0.4398767054080963, 0.45020708441734314, 0.451783686876297, 0.45801958441734314, 0.46190229058265686, 0.46792638301849365, 0.47529178857803345], "val_loss": [8.728614807128906, 5.360891819000244, 3.94568133354187, 3.1877834796905518, 2.7080376148223877, 2.374253034591675, 2.1367099285125732, 1.9768882989883423, 1.8648803234100342, 1.7846662998199463, 1.729183554649353, 1.6961511373519897, 1.6631925106048584, 1.633989930152893, 1.6155693531036377, 1.6016550064086914, 1.5875457525253296, 1.586430549621582, 1.5769715309143066, 1.576137661933899, 1.5686521530151367, 1.567547082901001, 1.5661197900772095, 1.5650086402893066, 1.5688087940216064, 1.5711495876312256, 1.5752933025360107, 1.576129674911499, 1.5843288898468018, 1.5869364738464355, 1.5961743593215942, 1.5994952917099, 1.6069263219833374, 1.6168800592422485], "val_accuracy": [0.20810547471046448, 0.21201172471046448, 0.2431640625, 0.2750000059604645, 0.3013671934604645, 0.31523436307907104, 0.3252929747104645, 0.33203125, 0.33417969942092896, 0.3433593809604645, 0.3443359434604645, 0.345703125, 0.35429686307907104, 0.3638671934604645, 0.36962890625, 0.37275391817092896, 0.384765625, 0.38212889432907104, 0.38994139432907104, 0.3877929747104645, 0.39453125, 0.3926757872104645, 0.39238280057907104, 0.3951171934604645, 0.3975585997104645, 0.3963867127895355, 0.3954101502895355, 0.39521485567092896, 0.39960938692092896, 0.39921873807907104, 0.3980468809604645, 0.3984375, 0.39335936307907104, 0.3921875059604645]}