{"loss": [3.0568227767944336, 0.9170469045639038, 0.8742073774337769, 0.8617289662361145, 0.8515084385871887, 0.8438790440559387, 0.8381410837173462, 0.8332422971725464, 0.8294991254806519, 0.8262896537780762, 0.8234170079231262, 0.8209095001220703, 0.8191235065460205, 0.817527174949646, 0.8151480555534363, 0.8129671812057495, 0.811729907989502, 0.8100134134292603, 0.808276891708374, 0.807429313659668, 0.8057748079299927, 0.8049677014350891, 0.8033623695373535, 0.8021463751792908, 0.8003851175308228, 0.7992401123046875, 0.7981216907501221, 0.7970921993255615, 0.7960518598556519, 0.7948300242424011, 0.7929826378822327, 0.7915672659873962, 0.7902519106864929, 0.7889261841773987, 0.7879139184951782, 0.7873499393463135], "accuracy": [0.5775913596153259, 0.6227613091468811, 0.6285685896873474, 0.6343820691108704, 0.6408542990684509, 0.644977331161499, 0.6485313177108765, 0.6516246199607849, 0.6531941890716553, 0.6545261740684509, 0.6564521789550781, 0.6576236486434937, 0.6583177447319031, 0.6594933867454529, 0.6609920859336853, 0.6625491976737976, 0.663057804107666, 0.6643209457397461, 0.6650713682174683, 0.6650692820549011, 0.6666555404663086, 0.6676227450370789, 0.6681459546089172, 0.669377863407135, 0.6702678799629211, 0.6711162328720093, 0.671772837638855, 0.6722564697265625, 0.6734591722488403, 0.6740574240684509, 0.675581157207489, 0.6764608025550842, 0.6777281165122986, 0.6786619424819946, 0.6795415878295898, 0.6803378462791443], "val_loss": [1.0015944242477417, 0.8750942349433899, 0.8624572157859802, 0.8516014218330383, 0.8406261801719666, 0.8367109298706055, 0.8279018402099609, 0.8271521329879761, 0.8240378499031067, 0.8210290670394897, 0.819202184677124, 0.8173396587371826, 0.814875602722168, 0.8134256601333618, 0.8100415468215942, 0.8094979524612427, 0.8076711893081665, 0.8074958920478821, 0.8057048320770264, 0.8037506341934204, 0.8049766421318054, 0.8056365847587585, 0.802217423915863, 0.8028059601783752, 0.8031493425369263, 0.8017704486846924, 0.8029093146324158, 0.8029414415359497, 0.802213728427887, 0.8026594519615173, 0.8022671341896057, 0.8021503686904907, 0.8046647310256958, 0.8046091198921204, 0.8091894388198853, 0.8066500425338745], "val_accuracy": [0.6234725713729858, 0.6295740008354187, 0.6331881284713745, 0.6390475034713745, 0.6475193500518799, 0.6491052508354187, 0.6543385982513428, 0.6544972062110901, 0.65625, 0.6578191518783569, 0.6583283543586731, 0.6599892973899841, 0.66041499376297, 0.6614416241645813, 0.6631693840026855, 0.6639540195465088, 0.6645799875259399, 0.6648053526878357, 0.6659905910491943, 0.6664413213729858, 0.6660990715026855, 0.6646300554275513, 0.6673009991645813, 0.6665831804275513, 0.6661909222602844, 0.6677016615867615, 0.6663578152656555, 0.6664329767227173, 0.6669921875, 0.6667417883872986, 0.6668669581413269, 0.6664413213729858, 0.666624903678894, 0.6658069491386414, 0.6639205813407898, 0.6657068133354187]}