{"loss": [12.534107208251953, 6.890410900115967, 4.646331310272217, 3.6083149909973145, 2.9407501220703125, 2.512594699859619, 2.242292642593384, 2.0559751987457275, 1.924834966659546, 1.832855463027954, 1.76678466796875, 1.721558690071106, 1.6877459287643433, 1.6638387441635132, 1.6458994150161743, 1.6282925605773926, 1.6130632162094116, 1.602725625038147, 1.5908563137054443, 1.5806257724761963, 1.5680174827575684, 1.5630879402160645, 1.5529112815856934, 1.543946385383606, 1.540715217590332, 1.5316219329833984, 1.5300177335739136, 1.5187476873397827, 1.5072672367095947, 1.499377965927124, 1.4912779331207275, 1.4836808443069458], "accuracy": [0.19528897106647491, 0.2064194232225418, 0.21006682515144348, 0.21331419050693512, 0.2629188597202301, 0.28870952129364014, 0.29800450801849365, 0.30386388301849365, 0.3092997074127197, 0.3149237632751465, 0.32278332114219666, 0.3285956382751465, 0.3325960040092468, 0.3399614095687866, 0.34393826127052307, 0.3520331382751465, 0.36337536573410034, 0.3682464361190796, 0.37629422545433044, 0.3800828456878662, 0.38947194814682007, 0.39173099398612976, 0.39853161573410034, 0.4050498902797699, 0.4087678790092468, 0.4155685305595398, 0.41834524273872375, 0.42347514629364014, 0.4312170445919037, 0.43924134969711304, 0.4453360438346863, 0.4547957479953766], "val_loss": [8.834586143493652, 5.4347028732299805, 4.012760639190674, 3.257509231567383, 2.691682815551758, 2.3578953742980957, 2.1300978660583496, 1.9728864431381226, 1.8647916316986084, 1.793169617652893, 1.7379953861236572, 1.701015830039978, 1.678095817565918, 1.6564407348632812, 1.6387214660644531, 1.6259031295776367, 1.612043023109436, 1.6046435832977295, 1.597064733505249, 1.592858076095581, 1.5881421566009521, 1.5846341848373413, 1.5854980945587158, 1.5866281986236572, 1.5861310958862305, 1.5908012390136719, 1.5918372869491577, 1.5943373441696167, 1.6091225147247314, 1.6076202392578125, 1.622306227684021, 1.6227045059204102], "val_accuracy": [0.21269531548023224, 0.21269531548023224, 0.21503905951976776, 0.21992187201976776, 0.2872070372104645, 0.29853516817092896, 0.3056640625, 0.31230467557907104, 0.3184570372104645, 0.32343751192092896, 0.328125, 0.3267578184604645, 0.330078125, 0.3360351622104645, 0.34687501192092896, 0.35478514432907104, 0.36455076932907104, 0.3672851622104645, 0.37275391817092896, 0.3753906190395355, 0.38056641817092896, 0.38037109375, 0.380859375, 0.38154298067092896, 0.3827148377895355, 0.3819335997104645, 0.37968748807907104, 0.3809570372104645, 0.3790039122104645, 0.3819335997104645, 0.3802734315395355, 0.38251954317092896]}