{"loss": [12.496337890625, 6.835436820983887, 4.6053972244262695, 3.500471353530884, 2.895859956741333, 2.508025646209717, 2.240243673324585, 2.051298141479492, 1.9181592464447021, 1.823184609413147, 1.752689242362976, 1.7025976181030273, 1.663427710533142, 1.6333829164505005, 1.6096364259719849, 1.5940412282943726, 1.5799238681793213, 1.5675662755966187, 1.5576317310333252, 1.5515210628509521, 1.5457044839859009, 1.5372732877731323, 1.5314778089523315, 1.523252010345459, 1.5188592672348022, 1.5133577585220337, 1.5073635578155518, 1.5012108087539673, 1.4960153102874756, 1.4939862489700317, 1.4899669885635376, 1.4815542697906494, 1.4708043336868286, 1.4663344621658325, 1.458013653755188], "accuracy": [0.20053651928901672, 0.20896084606647491, 0.22004424035549164, 0.278685063123703, 0.2974397540092468, 0.30654650926589966, 0.3150884807109833, 0.3228303790092468, 0.32913684844970703, 0.3333960771560669, 0.34739741683006287, 0.3562217652797699, 0.3617752194404602, 0.3719644248485565, 0.37956514954566956, 0.3855421543121338, 0.3889777958393097, 0.39415475726127625, 0.3981080651283264, 0.39999058842658997, 0.4044615924358368, 0.4087914228439331, 0.412721186876297, 0.41909825801849365, 0.41848644614219666, 0.4243928790092468, 0.42942866683006287, 0.4334525465965271, 0.4393119215965271, 0.4406767785549164, 0.4430299401283264, 0.44990116357803345, 0.4545133709907532, 0.4600433111190796, 0.46489080786705017], "val_loss": [8.771292686462402, 5.390973091125488, 3.991865634918213, 3.220120668411255, 2.7317214012145996, 2.3885879516601562, 2.149376630783081, 1.9738394021987915, 1.8639402389526367, 1.7769412994384766, 1.7183287143707275, 1.678065299987793, 1.650360107421875, 1.6276824474334717, 1.6079012155532837, 1.6075067520141602, 1.5920217037200928, 1.5869035720825195, 1.5761538743972778, 1.5792070627212524, 1.5734773874282837, 1.570655107498169, 1.5710614919662476, 1.5750832557678223, 1.5692520141601562, 1.5743167400360107, 1.5747965574264526, 1.578102469444275, 1.5801007747650146, 1.576598882675171, 1.5819356441497803, 1.5866014957427979, 1.5889089107513428, 1.5919275283813477, 1.5969914197921753], "val_accuracy": [0.20878906548023224, 0.21318359673023224, 0.22197265923023224, 0.25029295682907104, 0.27509766817092896, 0.30732423067092896, 0.3216796815395355, 0.33076173067092896, 0.3333984315395355, 0.34326171875, 0.35478514432907104, 0.36259764432907104, 0.36308592557907104, 0.3695312440395355, 0.3797851502895355, 0.3719726502895355, 0.3792968690395355, 0.3807617127895355, 0.3861328065395355, 0.3843750059604645, 0.3846679627895355, 0.38984376192092896, 0.3892578184604645, 0.3871093690395355, 0.3916015625, 0.3926757872104645, 0.3936523497104645, 0.3892578184604645, 0.39189451932907104, 0.39599609375, 0.3941406309604645, 0.39375001192092896, 0.3958984315395355, 0.39531248807907104, 0.40068358182907104]}