{"loss": [12.30394172668457, 5.489065170288086, 4.103212356567383, 3.4425976276397705, 3.02604603767395, 2.7484090328216553, 2.548698663711548, 2.4089879989624023, 2.2836496829986572, 2.1809804439544678, 2.121858596801758, 2.032243490219116, 1.9715548753738403, 1.9225478172302246, 1.8745291233062744, 1.8433952331542969, 1.8109487295150757, 1.7804644107818604, 1.7597737312316895, 1.7465764284133911, 1.7336034774780273, 1.7169215679168701, 1.7011545896530151, 1.6754971742630005, 1.6435308456420898, 1.6164002418518066, 1.5971122980117798, 1.5837496519088745, 1.5602437257766724, 1.5688996315002441, 1.55720055103302, 1.548241376876831, 1.5629630088806152, 1.547463297843933, 1.5414930582046509, 1.537981390953064, 1.5130795240402222, 1.516606330871582, 1.5187205076217651, 1.4977903366088867, 1.5071903467178345, 1.5000903606414795, 1.4808807373046875, 1.45591139793396, 1.409492015838623, 1.41042160987854, 1.3957997560501099, 1.3864080905914307, 1.3676865100860596, 1.379784107208252, 1.3714922666549683, 1.3593215942382812, 1.363673210144043, 1.3363711833953857, 1.3320088386535645, 1.3204766511917114, 1.3026033639907837, 1.291075348854065, 1.281707763671875, 1.2836666107177734, 1.2971680164337158, 1.2801928520202637, 1.2587611675262451, 1.2466610670089722, 1.2393155097961426, 1.2429509162902832], "accuracy": [0.2376030832529068, 0.2613932192325592, 0.26416015625, 0.2648247480392456, 0.2740342915058136, 0.2766520082950592, 0.2831895649433136, 0.2839626669883728, 0.2874213457107544, 0.2865668535232544, 0.2808973491191864, 0.2899983823299408, 0.2916666567325592, 0.2902560830116272, 0.2963460385799408, 0.2897406816482544, 0.292724609375, 0.2946099042892456, 0.2910427451133728, 0.2885063886642456, 0.2884657084941864, 0.2896186113357544, 0.2901475727558136, 0.2987467348575592, 0.3221028745174408, 0.3393012285232544, 0.3515625, 0.3587917685508728, 0.3674723207950592, 0.3658447265625, 0.3711344301700592, 0.3762885332107544, 0.3668212890625, 0.3712565004825592, 0.3735487163066864, 0.3755696713924408, 0.3831244707107544, 0.3829345703125, 0.3808864951133728, 0.3917100727558136, 0.3873155415058136, 0.3920084536075592, 0.4075792133808136, 0.4329291582107544, 0.4636637270450592, 0.4642605185508728, 0.4729275107383728, 0.4780137836933136, 0.4856363832950592, 0.4803195595741272, 0.4839816689491272, 0.4901936948299408, 0.4874809980392456, 0.5095350742340088, 0.5143635869026184, 0.5202365517616272, 0.5314399003982544, 0.5372178554534912, 0.5383707880973816, 0.5402289628982544, 0.5348036289215088, 0.5426567792892456, 0.5535210371017456, 0.5529106855392456, 0.5599365234375, 0.5578477382659912], "val_loss": [6.7885637283325195, 4.620939254760742, 3.7269515991210938, 3.2236738204956055, 2.87027645111084, 2.656156539916992, 2.514202117919922, 2.3932013511657715, 2.2840683460235596, 2.194075584411621, 2.1287426948547363, 2.0635781288146973, 2.007688283920288, 1.9633208513259888, 1.9226434230804443, 1.8903573751449585, 1.8641352653503418, 1.8371511697769165, 1.8148525953292847, 1.8015856742858887, 1.7824052572250366, 1.7745602130889893, 1.7735999822616577, 1.7090643644332886, 1.7139530181884766, 1.6987214088439941, 1.6790447235107422, 1.6424808502197266, 1.6789318323135376, 1.6391894817352295, 1.6342030763626099, 1.6616425514221191, 1.7182340621948242, 1.6865473985671997, 1.6901755332946777, 1.616368055343628, 1.6526026725769043, 1.6506803035736084, 1.636570692062378, 1.6014379262924194, 1.6283376216888428, 1.5932574272155762, 1.6224266290664673, 1.562535047531128, 1.484079360961914, 1.520932912826538, 1.5407143831253052, 1.588297724723816, 1.4784471988677979, 1.5411139726638794, 1.5506231784820557, 1.4517123699188232, 1.5471508502960205, 1.4715393781661987, 1.4830760955810547, 1.4372144937515259, 1.462206482887268, 1.465477466583252, 1.4884787797927856, 1.4538769721984863, 1.4888523817062378, 1.441978931427002, 1.50941002368927, 1.4576694965362549, 1.5556954145431519, 1.5036225318908691], "val_accuracy": [0.2746853232383728, 0.2746853232383728, 0.2746853232383728, 0.2746853232383728, 0.2746853232383728, 0.2746853232383728, 0.2750108540058136, 0.2746853232383728, 0.2746853232383728, 0.2746853232383728, 0.2753363847732544, 0.2747938334941864, 0.2768012285232544, 0.2815755307674408, 0.2752278745174408, 0.2752821147441864, 0.2746853232383728, 0.2746310830116272, 0.2747395932674408, 0.2747938334941864, 0.2750650942325592, 0.2747938334941864, 0.2756618857383728, 0.3142903745174408, 0.3304036557674408, 0.3278537392616272, 0.3439670205116272, 0.3599175214767456, 0.3337673544883728, 0.3630642294883728, 0.3607856035232544, 0.3427734375, 0.2933485209941864, 0.3212348222732544, 0.3185763955116272, 0.3689236044883728, 0.3472222089767456, 0.3514539897441864, 0.3565538227558136, 0.3736436665058136, 0.3710395097732544, 0.3989800214767456, 0.3906792402267456, 0.466796875, 0.4879014790058136, 0.4698350727558136, 0.4595268964767456, 0.4226345419883728, 0.4541558027267456, 0.4558919370174408, 0.4347330629825592, 0.4793294370174408, 0.4263780415058136, 0.4782443642616272, 0.4652777910232544, 0.4651150107383728, 0.4645182192325592, 0.4574110209941864, 0.4373372495174408, 0.4641384482383728, 0.4677191972732544, 0.4724392294883728, 0.4524739682674408, 0.4377712607383728, 0.4407009482383728, 0.4046766459941864]}