{"loss": [41.30141830444336, 19.280929565429688, 11.775463104248047, 8.32718276977539, 6.188314914703369, 4.728353977203369, 3.714468240737915, 3.0110061168670654, 2.5248312950134277, 2.195070505142212, 1.9732885360717773, 1.8223992586135864, 1.7265430688858032, 1.6623108386993408, 1.618950366973877, 1.5895076990127563, 1.5694903135299683, 1.5554534196853638, 1.545145034790039, 1.533857822418213, 1.5268769264221191, 1.5199655294418335, 1.513548493385315, 1.5050458908081055, 1.4983476400375366, 1.4952263832092285, 1.4845162630081177, 1.4789437055587769, 1.4704501628875732, 1.4644254446029663, 1.4589735269546509, 1.4518671035766602, 1.4450445175170898, 1.438645601272583, 1.432576060295105, 1.425061583518982, 1.4152295589447021, 1.409467339515686, 1.4029371738433838, 1.3960477113723755, 1.3833427429199219, 1.378786563873291, 1.3654338121414185, 1.3546233177185059], "accuracy": [0.19564194977283478, 0.22289156913757324, 0.282591313123703, 0.3129470944404602, 0.33483150601387024, 0.3442206382751465, 0.34791508316993713, 0.3494917154312134, 0.35523343086242676, 0.35763365030288696, 0.3629518151283264, 0.36935240030288696, 0.37281155586242676, 0.3775178790092468, 0.3836831748485565, 0.3876129388809204, 0.39276638627052307, 0.39537838101387024, 0.3995199501514435, 0.4046027958393097, 0.4088384807109833, 0.4113328456878662, 0.41641566157341003, 0.42196911573410034, 0.4270049035549164, 0.42987576127052307, 0.4362998902797699, 0.44025319814682007, 0.44550076127052307, 0.4519013464450836, 0.45288968086242676, 0.45743128657341003, 0.46067866683006287, 0.46580854058265686, 0.46809110045433044, 0.4744446575641632, 0.4838102459907532, 0.4858574867248535, 0.49166980385780334, 0.49555251002311707, 0.5034591555595398, 0.5052005052566528, 0.5134365558624268, 0.5224021077156067], "val_loss": [26.11074447631836, 14.442602157592773, 9.821588516235352, 7.234071254730225, 5.434811592102051, 4.196163177490234, 3.3304011821746826, 2.7371156215667725, 2.337930202484131, 2.0640928745269775, 1.8806381225585938, 1.7643203735351562, 1.6886974573135376, 1.6398546695709229, 1.6078802347183228, 1.5872052907943726, 1.5734202861785889, 1.5619330406188965, 1.5582574605941772, 1.5473078489303589, 1.5454883575439453, 1.5411202907562256, 1.537520408630371, 1.5371114015579224, 1.5352871417999268, 1.5323472023010254, 1.528424859046936, 1.5289242267608643, 1.5297315120697021, 1.5330073833465576, 1.5303226709365845, 1.534426212310791, 1.535724401473999, 1.5256427526474, 1.5277677774429321, 1.5305235385894775, 1.535981297492981, 1.5328785181045532, 1.537790298461914, 1.54017972946167, 1.5485471487045288, 1.5538175106048584, 1.5637842416763306, 1.5740970373153687], "val_accuracy": [0.20976562798023224, 0.19814452528953552, 0.23593750596046448, 0.2679687440395355, 0.29462891817092896, 0.326171875, 0.34394532442092896, 0.3505859375, 0.3519531190395355, 0.36181640625, 0.37255859375, 0.37470704317092896, 0.3780273497104645, 0.37841796875, 0.3824218809604645, 0.38749998807907104, 0.3892578184604645, 0.39228516817092896, 0.3929687440395355, 0.3968749940395355, 0.39570313692092896, 0.40107423067092896, 0.40009766817092896, 0.4024414122104645, 0.404296875, 0.404296875, 0.40966796875, 0.4083007872104645, 0.4072265625, 0.40751951932907104, 0.40996092557907104, 0.4092773497104645, 0.41044920682907104, 0.41552734375, 0.4156250059604645, 0.4151367247104645, 0.412109375, 0.41748046875, 0.4161132872104645, 0.41914063692092896, 0.41845703125, 0.4175781309604645, 0.4151367247104645, 0.41582030057907104]}