{"loss": [12.441313743591309, 6.784741401672363, 4.579237461090088, 3.491024971008301, 2.889683961868286, 2.5049521923065186, 2.2407407760620117, 2.0539588928222656, 1.92178475856781, 1.8274999856948853, 1.7611351013183594, 1.7141269445419312, 1.6765002012252808, 1.645112156867981, 1.6233570575714111, 1.60357666015625, 1.5888566970825195, 1.5750582218170166, 1.5620331764221191, 1.550528883934021, 1.541929006576538, 1.5332670211791992, 1.52432119846344, 1.5170073509216309, 1.5112454891204834, 1.5034065246582031, 1.4961062669754028, 1.481825828552246], "accuracy": [0.19924227893352509, 0.2068900614976883, 0.2160673886537552, 0.27129611372947693, 0.29560428857803345, 0.30520519614219666, 0.31094691157341003, 0.3152296543121338, 0.32551297545433044, 0.3294898271560669, 0.3395143151283264, 0.3449736535549164, 0.3563394248485565, 0.3639872074127197, 0.3715643882751465, 0.3803652226924896, 0.3858480751514435, 0.39283695816993713, 0.4015672206878662, 0.40660297870635986, 0.4101327061653137, 0.41909825801849365, 0.4219926595687866, 0.428346186876297, 0.43145236372947693, 0.4391236901283264, 0.44270047545433044, 0.4532662034034729], "val_loss": [8.707180976867676, 5.35111665725708, 3.960261106491089, 3.169602870941162, 2.689136028289795, 2.357024669647217, 2.1262047290802, 1.9692802429199219, 1.858926773071289, 1.7828285694122314, 1.73089599609375, 1.6877577304840088, 1.658489465713501, 1.644280195236206, 1.6222553253173828, 1.619358777999878, 1.5940641164779663, 1.5858161449432373, 1.591875433921814, 1.5931752920150757, 1.5888594388961792, 1.5917458534240723, 1.5870792865753174, 1.5866663455963135, 1.593812346458435, 1.6135342121124268, 1.6263692378997803, 1.6096980571746826], "val_accuracy": [0.21494141221046448, 0.21728515625, 0.23359374701976776, 0.2923828065395355, 0.3028320372104645, 0.3125, 0.31953126192092896, 0.3291015625, 0.33320313692092896, 0.3363281190395355, 0.34208983182907104, 0.3514648377895355, 0.36113280057907104, 0.36474609375, 0.37236326932907104, 0.36865234375, 0.3866210877895355, 0.39091795682907104, 0.3863281309604645, 0.38652342557907104, 0.38994139432907104, 0.38945311307907104, 0.39111328125, 0.39111328125, 0.3926757872104645, 0.38603514432907104, 0.3829101622104645, 0.3939453065395355]}