{"loss": [41.048851013183594, 19.054058074951172, 11.734317779541016, 8.35250186920166, 6.244711875915527, 4.791340351104736, 3.771353006362915, 3.057875394821167, 2.564622163772583, 2.228283166885376, 2.000697612762451, 1.8470124006271362, 1.7465498447418213, 1.6800265312194824, 1.6364433765411377, 1.607116460800171, 1.5871179103851318, 1.5744472742080688, 1.5642157793045044, 1.5566569566726685, 1.550994634628296, 1.545684814453125, 1.5416759252548218, 1.5368223190307617, 1.533664345741272, 1.5300846099853516, 1.528322458267212, 1.5242398977279663, 1.5216394662857056, 1.5201627016067505, 1.516552448272705, 1.5136038064956665, 1.5128259658813477, 1.5117534399032593, 1.5081804990768433, 1.5052472352981567, 1.5025899410247803, 1.4986169338226318, 1.4970946311950684, 1.4931550025939941, 1.4923310279846191, 1.4879810810089111], "accuracy": [0.23232774436473846, 0.3106880784034729, 0.33612576127052307, 0.3374435305595398, 0.3453972041606903, 0.3457266688346863, 0.3483857214450836, 0.35130366683006287, 0.35403332114219666, 0.3557981848716736, 0.35883376002311707, 0.3652579188346863, 0.3688111901283264, 0.3715643882751465, 0.37372928857803345, 0.3782708942890167, 0.38095349073410034, 0.3835655152797699, 0.38787180185317993, 0.3892601728439331, 0.3918251097202301, 0.3911897540092468, 0.3941076695919037, 0.3984375, 0.39940229058265686, 0.40048474073410034, 0.401731938123703, 0.4046263098716736, 0.40467336773872375, 0.4066735804080963, 0.40723833441734314, 0.4106504023075104, 0.4101797938346863, 0.4106268882751465, 0.4145331382751465, 0.4149566888809204, 0.41832172870635986, 0.41971009969711304, 0.4208160638809204, 0.4244164228439331, 0.42526355385780334, 0.426393061876297], "val_loss": [25.90325355529785, 14.37693977355957, 9.823321342468262, 7.233719825744629, 5.4741716384887695, 4.234301567077637, 3.3663535118103027, 2.767810106277466, 2.3586127758026123, 2.08254075050354, 1.9025108814239502, 1.7771832942962646, 1.697405219078064, 1.6423448324203491, 1.609805703163147, 1.5881259441375732, 1.5723509788513184, 1.562720537185669, 1.5579969882965088, 1.5527708530426025, 1.5466299057006836, 1.5463883876800537, 1.54327392578125, 1.538670539855957, 1.5415815114974976, 1.5398005247116089, 1.5354557037353516, 1.5381962060928345, 1.5345978736877441, 1.5379749536514282, 1.5367896556854248, 1.5341309309005737, 1.5408856868743896, 1.5394642353057861, 1.5376170873641968, 1.538543462753296, 1.5360233783721924, 1.5380778312683105, 1.5370161533355713, 1.538570523262024, 1.5410045385360718, 1.5425084829330444], "val_accuracy": [0.20712891221046448, 0.21328124403953552, 0.25390625, 0.29345703125, 0.33476561307907104, 0.3536132872104645, 0.35615235567092896, 0.36005860567092896, 0.36279296875, 0.3670898377895355, 0.3682617247104645, 0.37226563692092896, 0.3759765625, 0.37714844942092896, 0.3798828125, 0.3828125, 0.38349610567092896, 0.38525390625, 0.3866210877895355, 0.38691407442092896, 0.39013671875, 0.3880859315395355, 0.38945311307907104, 0.3935546875, 0.3887695372104645, 0.39238280057907104, 0.3912109434604645, 0.39091795682907104, 0.3934570252895355, 0.39277344942092896, 0.3902343809604645, 0.39189451932907104, 0.3876953125, 0.39189451932907104, 0.3915039002895355, 0.39335936307907104, 0.3944335877895355, 0.39326173067092896, 0.39326173067092896, 0.3935546875, 0.39287108182907104, 0.3935546875]}