{"loss": [17.257064819335938, 10.765625, 7.255461692810059, 5.293741226196289, 4.10883903503418, 3.3391594886779785, 2.8172974586486816, 2.455451250076294, 2.169078826904297, 1.9368221759796143, 1.820116400718689, 1.7479974031448364, 1.698604941368103, 1.6672173738479614, 1.6461282968521118, 1.631726861000061, 1.6210116147994995, 1.6117631196975708, 1.604684829711914, 1.598941445350647, 1.5907423496246338, 1.5811183452606201, 1.5677056312561035, 1.552446722984314, 1.5354392528533936, 1.517591953277588, 1.501408576965332, 1.4861183166503906, 1.4780737161636353, 1.4565852880477905, 1.4422088861465454, 1.425470232963562, 1.4099115133285522, 1.3914217948913574, 1.373771071434021, 1.365405559539795, 1.3482812643051147, 1.3172578811645508, 1.2841989994049072], "accuracy": [0.19568900763988495, 0.20637236535549164, 0.20736069977283478, 0.20874905586242676, 0.20945501327514648, 0.20978444814682007, 0.21041980385780334, 0.21369069814682007, 0.24559958279132843, 0.280638188123703, 0.288450688123703, 0.2955101728439331, 0.30160486698150635, 0.30268731713294983, 0.30205196142196655, 0.31064099073410034, 0.31586501002311707, 0.3204537034034729, 0.3242422938346863, 0.33014872670173645, 0.3359610438346863, 0.3461502194404602, 0.35972797870635986, 0.37252917885780334, 0.38502445816993713, 0.4008142054080963, 0.4077560305595398, 0.4202513098716736, 0.42674604058265686, 0.4383941888809204, 0.4481362998485565, 0.45816075801849365, 0.46867939829826355, 0.4770566523075104, 0.4905638098716736, 0.49303463101387024, 0.5024943351745605, 0.5207078456878662, 0.5378859043121338], "val_loss": [13.324743270874023, 8.636369705200195, 6.087479591369629, 4.603453636169434, 3.6674530506134033, 3.04221773147583, 2.6118109226226807, 2.3135924339294434, 2.0090088844299316, 1.8517202138900757, 1.7633428573608398, 1.7073440551757812, 1.6716578006744385, 1.6480350494384766, 1.630110740661621, 1.620375394821167, 1.611562967300415, 1.605936050415039, 1.6023991107940674, 1.5971614122390747, 1.5880014896392822, 1.5831634998321533, 1.5728565454483032, 1.5662492513656616, 1.5470889806747437, 1.534748911857605, 1.5380288362503052, 1.5365769863128662, 1.5216090679168701, 1.525343418121338, 1.529593586921692, 1.5312397480010986, 1.5441181659698486, 1.5506361722946167, 1.5705286264419556, 1.5870132446289062, 1.6100921630859375, 1.6291892528533936, 1.6576042175292969], "val_accuracy": [0.20781250298023224, 0.20781250298023224, 0.20781250298023224, 0.20781250298023224, 0.20781250298023224, 0.20781250298023224, 0.20781250298023224, 0.23466797173023224, 0.2777343690395355, 0.29345703125, 0.2969726622104645, 0.2994140684604645, 0.3003906309604645, 0.30488282442092896, 0.31269532442092896, 0.31279295682907104, 0.3207031190395355, 0.32451170682907104, 0.32763671875, 0.33515626192092896, 0.34296876192092896, 0.34892576932907104, 0.35869139432907104, 0.3597656190395355, 0.3790039122104645, 0.3866210877895355, 0.38994139432907104, 0.39404296875, 0.39667969942092896, 0.39990234375, 0.4037109315395355, 0.4039062559604645, 0.40117186307907104, 0.40166014432907104, 0.40302735567092896, 0.38691407442092896, 0.3868164122104645, 0.3931640684604645, 0.3902343809604645]}