{"loss": [41.39865493774414, 19.39432716369629, 11.934496879577637, 8.436094284057617, 6.276350498199463, 4.788382530212402, 3.7495110034942627, 3.023716449737549, 2.5216612815856934, 2.1766421794891357, 1.9176347255706787, 1.7435698509216309, 1.6337480545043945, 1.563900351524353, 1.5163819789886475, 1.4862816333770752, 1.4659448862075806, 1.4487245082855225, 1.4353106021881104, 1.4263297319412231, 1.4175835847854614, 1.4111768007278442, 1.4021943807601929, 1.396161437034607, 1.3900312185287476, 1.3836040496826172, 1.379002571105957, 1.3740631341934204, 1.3689016103744507, 1.3658616542816162, 1.3610121011734009, 1.3582251071929932, 1.354068636894226, 1.3463054895401, 1.344531774520874, 1.336896538734436, 1.3341233730316162, 1.3318601846694946, 1.3247209787368774, 1.3222711086273193, 1.3169519901275635, 1.3059085607528687], "accuracy": [0.2431408166885376, 0.2774135172367096, 0.3340308666229248, 0.3686988353729248, 0.3810686469078064, 0.3869280219078064, 0.388090580701828, 0.3942987322807312, 0.3965076208114624, 0.4016461968421936, 0.4260370135307312, 0.4429175853729248, 0.4506603479385376, 0.4563336968421936, 0.459658682346344, 0.459379643201828, 0.4614490270614624, 0.46728515625, 0.4701683521270752, 0.4731212854385376, 0.477841317653656, 0.4795386791229248, 0.4829566478729248, 0.4857003390789032, 0.4909784197807312, 0.4896065890789032, 0.4927222728729248, 0.4974888265132904, 0.500674307346344, 0.498930424451828, 0.5058826208114624, 0.5041387677192688, 0.5078822374343872, 0.510137677192688, 0.512509286403656, 0.5169968605041504, 0.5190894603729248, 0.5200892686843872, 0.5249255895614624, 0.5262276530265808, 0.5315057635307312, 0.535040020942688], "val_loss": [26.159622192382812, 14.537778854370117, 9.911813735961914, 7.258748531341553, 5.47396183013916, 4.220792293548584, 3.3393242359161377, 2.7411162853240967, 2.3300211429595947, 2.0335891246795654, 1.8006991147994995, 1.6710152626037598, 1.5881534814834595, 1.5322110652923584, 1.4988714456558228, 1.4758862257003784, 1.4594472646713257, 1.4467594623565674, 1.4367738962173462, 1.432098388671875, 1.42548668384552, 1.4145044088363647, 1.4213173389434814, 1.407583475112915, 1.4076296091079712, 1.404866337776184, 1.4017199277877808, 1.4031826257705688, 1.4029805660247803, 1.4008514881134033, 1.396132469177246, 1.3943966627120972, 1.3955904245376587, 1.3972097635269165, 1.398625135421753, 1.4073137044906616, 1.40193510055542, 1.4071922302246094, 1.4076197147369385, 1.4138872623443604, 1.4214532375335693, 1.41848886013031], "val_accuracy": [0.2698102593421936, 0.277157723903656, 0.3172433078289032, 0.361514151096344, 0.370907723903656, 0.3834635317325592, 0.3915550708770752, 0.3930431604385376, 0.3934151828289032, 0.4058779776096344, 0.4428943395614624, 0.4520089328289032, 0.453311026096344, 0.4558221697807312, 0.4576822817325592, 0.4583333432674408, 0.4600074291229248, 0.4656808078289032, 0.4680059552192688, 0.472563236951828, 0.47265625, 0.4761904776096344, 0.4760974645614624, 0.4813058078289032, 0.480375736951828, 0.4811197817325592, 0.4819568395614624, 0.4809337854385376, 0.482421875, 0.4834449291229248, 0.484375, 0.48828125, 0.4853980541229248, 0.4867001473903656, 0.4840029776096344, 0.4817708432674408, 0.484188973903656, 0.4858630895614624, 0.4840029776096344, 0.4850260317325592, 0.48046875, 0.4866071343421936]}