{"loss": [3.0812699794769287, 0.8942797780036926, 0.8461905121803284, 0.8341443538665771, 0.8249118328094482, 0.8178589344024658, 0.8109836578369141, 0.8058716654777527, 0.8018405437469482, 0.7980676889419556, 0.7952427864074707, 0.792549729347229, 0.7896749973297119, 0.7884867787361145, 0.7862253785133362, 0.7847822308540344, 0.7831284999847412, 0.7820155024528503, 0.7800192832946777, 0.7787835597991943, 0.7780736684799194, 0.7760951519012451, 0.7748125791549683, 0.773225724697113, 0.7722401022911072, 0.771398663520813, 0.7695682644844055, 0.7680306434631348, 0.7671295404434204, 0.7661137580871582, 0.7645519375801086, 0.7631508708000183, 0.7613247036933899, 0.7599780559539795, 0.759033203125, 0.7576490640640259, 0.7553947567939758, 0.7540725469589233, 0.7522679567337036, 0.7502401471138, 0.7487770915031433, 0.7468457221984863, 0.7457324266433716], "accuracy": [0.5906462669372559, 0.6450565457344055, 0.6503260135650635, 0.654728353023529, 0.6587179899215698, 0.6625345945358276, 0.666317880153656, 0.6691589951515198, 0.6710057854652405, 0.6729484796524048, 0.6745118498802185, 0.6753789782524109, 0.6772591471672058, 0.6780178546905518, 0.6793727278709412, 0.680204451084137, 0.6812008023262024, 0.6813195943832397, 0.6827870607376099, 0.6831185221672058, 0.6838667988777161, 0.6846193075180054, 0.6856719255447388, 0.6865870356559753, 0.6867537498474121, 0.6882337331771851, 0.6895906925201416, 0.6903723478317261, 0.691006064414978, 0.691508412361145, 0.6926026940345764, 0.6935094594955444, 0.6946538090705872, 0.6951352953910828, 0.6964380741119385, 0.6974532008171082, 0.6990540623664856, 0.7001504898071289, 0.7015324831008911, 0.7028498649597168, 0.7038566470146179, 0.7052282094955444, 0.7059431672096252], "val_loss": [0.9800732135772705, 0.8437454104423523, 0.83856201171875, 0.8293336033821106, 0.8247354030609131, 0.831302285194397, 0.8239288330078125, 0.8257518410682678, 0.8172994256019592, 0.8188841938972473, 0.8111698031425476, 0.8125702738761902, 0.8111742734909058, 0.8034632205963135, 0.8090527653694153, 0.8033463954925537, 0.8003919720649719, 0.8017352223396301, 0.8002094626426697, 0.802759051322937, 0.7964556217193604, 0.7964879274368286, 0.794425368309021, 0.7902633547782898, 0.7944175601005554, 0.794353187084198, 0.7916932702064514, 0.7893128991127014, 0.7932843565940857, 0.7897130250930786, 0.7929100394248962, 0.7888880968093872, 0.7862927317619324, 0.7886739373207092, 0.7922318577766418, 0.7923644781112671, 0.786902904510498, 0.7950379252433777, 0.791976273059845, 0.7941247820854187, 0.7957465052604675, 0.7990206480026245, 0.8045780062675476], "val_accuracy": [0.6484208106994629, 0.6535289883613586, 0.6521684527397156, 0.6539212465286255, 0.6547893285751343, 0.6498981714248657, 0.6548477411270142, 0.6532618999481201, 0.6592965126037598, 0.6570512652397156, 0.6611411571502686, 0.6600894927978516, 0.6606069803237915, 0.6659655570983887, 0.6624933481216431, 0.6669337749481201, 0.6678268313407898, 0.6666082143783569, 0.6666917204856873, 0.6650474071502686, 0.669846773147583, 0.668302595615387, 0.6705479025840759, 0.6728265285491943, 0.6698217391967773, 0.6701722741127014, 0.6723006963729858, 0.6732104420661926, 0.671432614326477, 0.673828125, 0.671691358089447, 0.6743122339248657, 0.675856351852417, 0.6744624972343445, 0.6729433536529541, 0.6738531589508057, 0.6767160892486572, 0.6722756624221802, 0.6742955446243286, 0.6733356714248657, 0.673218846321106, 0.6722005009651184, 0.669020414352417]}