{"loss": [11.831219673156738, 6.410499095916748, 4.455501556396484, 3.5373079776763916, 2.9757487773895264, 2.590287208557129, 2.318195343017578, 2.1215310096740723, 1.982893943786621, 1.8834292888641357, 1.814448356628418, 1.7667511701583862, 1.7307711839675903, 1.7077667713165283, 1.6891939640045166, 1.6765978336334229, 1.6697180271148682, 1.6621555089950562, 1.6559749841690063, 1.6518501043319702, 1.6489921808242798, 1.6463637351989746, 1.6437758207321167, 1.6428213119506836, 1.642417311668396, 1.640505313873291, 1.6408430337905884, 1.638594150543213, 1.6365281343460083, 1.6373701095581055, 1.6357859373092651, 1.6357076168060303, 1.6333800554275513, 1.6344261169433594, 1.6329433917999268, 1.6324480772018433, 1.6332178115844727, 1.6321183443069458, 1.6308647394180298, 1.6309400796890259, 1.6310113668441772, 1.6293261051177979, 1.6299078464508057, 1.6293987035751343, 1.6299922466278076, 1.6293237209320068, 1.6281962394714355], "accuracy": [0.24778802692890167, 0.2749670445919037, 0.28402674198150635, 0.28748586773872375, 0.29125094413757324, 0.2938864827156067, 0.29440417885780334, 0.29560428857803345, 0.29621610045433044, 0.29965174198150635, 0.2972985804080963, 0.3021696209907532, 0.30264025926589966, 0.3004518151283264, 0.3019813597202301, 0.3034403324127197, 0.3012048304080963, 0.3039580285549164, 0.30339327454566956, 0.3040521442890167, 0.303346186876297, 0.30628764629364014, 0.30442866683006287, 0.30534639954566956, 0.3050169348716736, 0.30461689829826355, 0.305299311876297, 0.3057699501514435, 0.30715832114219666, 0.3078642785549164, 0.3072053790092468, 0.30777013301849365, 0.31000563502311707, 0.3075348138809204, 0.31259411573410034, 0.30986446142196655, 0.30911144614219666, 0.30824077129364014, 0.3116058111190796, 0.3111822307109833, 0.3097938597202301, 0.3112763464450836, 0.3108292520046234, 0.31290003657341003, 0.31017038226127625, 0.3119352459907532, 0.31424134969711304], "val_loss": [8.141485214233398, 5.130335807800293, 3.8833045959472656, 3.1958279609680176, 2.740753173828125, 2.4201889038085938, 2.1918864250183105, 2.02569317817688, 1.9124987125396729, 1.829916000366211, 1.772923231124878, 1.732203722000122, 1.7026405334472656, 1.6829652786254883, 1.669062614440918, 1.6589584350585938, 1.6512212753295898, 1.64468252658844, 1.6409215927124023, 1.637938141822815, 1.6366771459579468, 1.6339622735977173, 1.6322624683380127, 1.6312828063964844, 1.630920648574829, 1.6296104192733765, 1.629359483718872, 1.62824285030365, 1.6273558139801025, 1.627730131149292, 1.6273826360702515, 1.6269487142562866, 1.6264768838882446, 1.6265910863876343, 1.6266580820083618, 1.6266021728515625, 1.6258418560028076, 1.6265596151351929, 1.62571120262146, 1.626272201538086, 1.6257257461547852, 1.6260671615600586, 1.6259464025497437, 1.6274372339248657, 1.627126932144165, 1.6266300678253174, 1.6273181438446045], "val_accuracy": [0.2918945252895355, 0.29707032442092896, 0.3031249940395355, 0.30390626192092896, 0.3050781190395355, 0.30634766817092896, 0.3070312440395355, 0.31396484375, 0.30839842557907104, 0.3125, 0.31806641817092896, 0.3125976622104645, 0.3197265565395355, 0.3203125, 0.31640625, 0.3192382752895355, 0.31660157442092896, 0.32080078125, 0.31855469942092896, 0.3197265565395355, 0.3192382752895355, 0.31982421875, 0.3184570372104645, 0.3189453184604645, 0.3211914002895355, 0.3189453184604645, 0.3172851502895355, 0.31855469942092896, 0.32177734375, 0.32050782442092896, 0.3182617127895355, 0.3192382752895355, 0.31855469942092896, 0.32001954317092896, 0.31904298067092896, 0.3199218809604645, 0.3193359375, 0.3187499940395355, 0.3189453184604645, 0.31884765625, 0.3221679627895355, 0.31855469942092896, 0.31914061307907104, 0.3193359375, 0.32011717557907104, 0.32207030057907104, 0.3189453184604645]}