{"loss": [12.451873779296875, 6.8006486892700195, 4.574979305267334, 3.4848902225494385, 2.891486883163452, 2.5083250999450684, 2.2420287132263184, 2.0549657344818115, 1.9217575788497925, 1.8257431983947754, 1.7553269863128662, 1.7036319971084595, 1.6649706363677979, 1.6339490413665771, 1.6123322248458862, 1.5950431823730469, 1.581239104270935, 1.5687412023544312, 1.5588897466659546, 1.5494526624679565, 1.5408395528793335, 1.534401535987854, 1.5294156074523926, 1.520724892616272, 1.5152372121810913, 1.5105547904968262, 1.5034422874450684, 1.498709797859192, 1.4903819561004639, 1.486647605895996, 1.4788936376571655, 1.4738754034042358, 1.4690543413162231, 1.461624264717102, 1.456274390220642, 1.4451146125793457], "accuracy": [0.1974068135023117, 0.20851373672485352, 0.22336219251155853, 0.2800263464450836, 0.29678088426589966, 0.3071347773075104, 0.31362950801849365, 0.32591304183006287, 0.32956042885780334, 0.33483150601387024, 0.3461972773075104, 0.35537463426589966, 0.36321064829826355, 0.3704583942890167, 0.3765060305595398, 0.38137707114219666, 0.3883424401283264, 0.3924369215965271, 0.39836689829826355, 0.40154367685317993, 0.40559110045433044, 0.41083866357803345, 0.41307416558265686, 0.4197571575641632, 0.42420461773872375, 0.42540475726127625, 0.43168768286705017, 0.43159356713294983, 0.44145330786705017, 0.44314759969711304, 0.44959524273872375, 0.4537132978439331, 0.4574783444404602, 0.46119633316993713, 0.4673851728439331, 0.47242093086242676], "val_loss": [8.730690002441406, 5.3636884689331055, 3.9613749980926514, 3.2106223106384277, 2.7312850952148438, 2.3908467292785645, 2.151111125946045, 1.9771451950073242, 1.8589683771133423, 1.7778289318084717, 1.7185275554656982, 1.679960012435913, 1.6461279392242432, 1.6246923208236694, 1.6108920574188232, 1.5987913608551025, 1.5917221307754517, 1.5928934812545776, 1.5824953317642212, 1.5768873691558838, 1.5680336952209473, 1.5836427211761475, 1.5721510648727417, 1.5732555389404297, 1.5661962032318115, 1.5651084184646606, 1.5676360130310059, 1.567918062210083, 1.5720040798187256, 1.5753730535507202, 1.5764538049697876, 1.5820438861846924, 1.5944629907608032, 1.5952670574188232, 1.597627878189087, 1.6083770990371704], "val_accuracy": [0.21142578125, 0.21171875298023224, 0.22832031548023224, 0.2569335997104645, 0.2816406190395355, 0.3060546815395355, 0.32177734375, 0.33222657442092896, 0.34052735567092896, 0.3458007872104645, 0.3594726622104645, 0.36083984375, 0.37031251192092896, 0.375, 0.37617188692092896, 0.37919920682907104, 0.38017576932907104, 0.37568360567092896, 0.3824218809604645, 0.38349610567092896, 0.39277344942092896, 0.38154298067092896, 0.38886719942092896, 0.3877929747104645, 0.39697265625, 0.39677733182907104, 0.39697265625, 0.39960938692092896, 0.39990234375, 0.40068358182907104, 0.39765626192092896, 0.4002929627895355, 0.3974609375, 0.39794921875, 0.3963867127895355, 0.39501953125]}