{"loss": [12.34860610961914, 6.671395778656006, 4.52518892288208, 3.541579246520996, 2.9609715938568115, 2.569241523742676, 2.298372507095337, 2.1054205894470215, 1.9654344320297241, 1.86627197265625, 1.79635751247406, 1.7449344396591187, 1.7088768482208252, 1.680224895477295, 1.6610649824142456, 1.6455684900283813, 1.6347110271453857, 1.6243733167648315, 1.6164336204528809, 1.610167384147644, 1.6043531894683838, 1.6001237630844116, 1.5936574935913086, 1.5906063318252563, 1.5868347883224487, 1.5839937925338745, 1.5793206691741943, 1.5734572410583496, 1.5678833723068237, 1.5670243501663208], "accuracy": [0.20230139791965485, 0.25665944814682007, 0.28508564829826355, 0.2935335040092468, 0.3060052692890167, 0.31064099073410034, 0.31666508316993713, 0.3203125, 0.32233622670173645, 0.33003106713294983, 0.3330901861190796, 0.3364316523075104, 0.33782002329826355, 0.34306758642196655, 0.3470208942890167, 0.3503153324127197, 0.35417452454566956, 0.35958677530288696, 0.3597985804080963, 0.36198702454566956, 0.36558735370635986, 0.3713996708393097, 0.3735410273075104, 0.37914156913757324, 0.38092997670173645, 0.3831419348716736, 0.38961315155029297, 0.3942018151283264, 0.4008142054080963, 0.4033791422843933], "val_loss": [8.618522644042969, 5.313401699066162, 3.955406904220581, 3.216358184814453, 2.735002279281616, 2.405521869659424, 2.180661678314209, 2.0190510749816895, 1.9078096151351929, 1.8288065195083618, 1.766840934753418, 1.7329295873641968, 1.7009038925170898, 1.674045205116272, 1.665580153465271, 1.6528103351593018, 1.6426912546157837, 1.6369956731796265, 1.6373670101165771, 1.6327873468399048, 1.6339199542999268, 1.6332104206085205, 1.6370588541030884, 1.6381924152374268, 1.6408672332763672, 1.6430730819702148, 1.6485246419906616, 1.6553051471710205, 1.666158676147461, 1.668644666671753], "val_accuracy": [0.20791015028953552, 0.27314454317092896, 0.29443359375, 0.3028320372104645, 0.3145507872104645, 0.3226562440395355, 0.32451170682907104, 0.3238281309604645, 0.32373046875, 0.32304686307907104, 0.3316406309604645, 0.3290039002895355, 0.3309570252895355, 0.33837890625, 0.33642578125, 0.3373046815395355, 0.3412109315395355, 0.3443359434604645, 0.3412109315395355, 0.3426757752895355, 0.3467773497104645, 0.34443360567092896, 0.3426757752895355, 0.34453123807907104, 0.34697264432907104, 0.349609375, 0.3472656309604645, 0.3472656309604645, 0.34130859375, 0.34794920682907104]}