{"loss": [12.368788719177246, 6.7328290939331055, 4.590307235717773, 3.5859291553497314, 2.9914848804473877, 2.5922281742095947, 2.316969394683838, 2.1159355640411377, 1.9719123840332031, 1.8716838359832764, 1.7974077463150024, 1.74627685546875, 1.7083549499511719, 1.6805291175842285, 1.6588053703308105, 1.6440352201461792, 1.6330816745758057, 1.6228631734848022, 1.6163440942764282, 1.607430338859558, 1.6048505306243896, 1.5987548828125, 1.5939768552780151, 1.590849757194519, 1.584600806236267, 1.5830107927322388, 1.5783263444900513, 1.5752201080322266, 1.5687533617019653], "accuracy": [0.21070218086242676, 0.27353161573410034, 0.29021555185317993, 0.2984986901283264, 0.30475810170173645, 0.3147825598716736, 0.31664156913757324, 0.3227597773075104, 0.32683077454566956, 0.33299604058265686, 0.33734938502311707, 0.33753764629364014, 0.3429734706878662, 0.3484092652797699, 0.3520566523075104, 0.3547627925872803, 0.3570924401283264, 0.35961031913757324, 0.3604339361190796, 0.3666227459907532, 0.3666227459907532, 0.37132906913757324, 0.3751647174358368, 0.37763553857803345, 0.38316547870635986, 0.3844832479953766, 0.39130741357803345, 0.3938017785549164, 0.39862576127052307], "val_loss": [8.658876419067383, 5.395758628845215, 4.008030891418457, 3.2490592002868652, 2.7602601051330566, 2.428946018218994, 2.1951234340667725, 2.028803825378418, 1.9145119190216064, 1.8298404216766357, 1.7716114521026611, 1.7293354272842407, 1.6969401836395264, 1.6781444549560547, 1.664153814315796, 1.6561647653579712, 1.6479482650756836, 1.643968939781189, 1.6371294260025024, 1.6388496160507202, 1.6407883167266846, 1.6398427486419678, 1.644988775253296, 1.6455647945404053, 1.6456241607666016, 1.656789779663086, 1.6615514755249023, 1.6644513607025146, 1.671959638595581], "val_accuracy": [0.22216796875, 0.2706054747104645, 0.29472655057907104, 0.30693358182907104, 0.31562501192092896, 0.3208984434604645, 0.3248046934604645, 0.32783204317092896, 0.326171875, 0.3310546875, 0.3309570252895355, 0.3363281190395355, 0.3394531309604645, 0.34208983182907104, 0.34345704317092896, 0.33935546875, 0.3436523377895355, 0.34130859375, 0.3453125059604645, 0.34375, 0.34150391817092896, 0.3458007872104645, 0.3451171815395355, 0.3453125059604645, 0.3453125059604645, 0.34208983182907104, 0.3433593809604645, 0.34306639432907104, 0.34404295682907104]}