{"loss": [12.521425247192383, 6.88552713394165, 4.624271392822266, 3.506983995437622, 2.912668466567993, 2.5240817070007324, 2.254413604736328, 2.0644543170928955, 1.9307740926742554, 1.8324986696243286, 1.7640875577926636, 1.715606689453125, 1.6752592325210571, 1.6488806009292603, 1.6246484518051147, 1.6016030311584473, 1.583635687828064, 1.5711454153060913, 1.5621892213821411, 1.5501480102539062, 1.540948748588562, 1.5379520654678345, 1.5243573188781738, 1.5175138711929321, 1.5119215250015259, 1.5032105445861816, 1.502996563911438, 1.495035171508789, 1.4863895177841187, 1.480021357536316, 1.4751135110855103, 1.4662210941314697], "accuracy": [0.1974085420370102, 0.20603087544441223, 0.22632431983947754, 0.285299152135849, 0.3007097840309143, 0.30668824911117554, 0.3140958547592163, 0.32152724266052246, 0.32333746552467346, 0.3316025137901306, 0.3356040418148041, 0.34260669350624084, 0.35418254137039185, 0.36018481850624084, 0.3673780560493469, 0.37816786766052246, 0.38459888100624084, 0.39052972197532654, 0.39674636721611023, 0.39965224266052246, 0.40727418661117554, 0.40984660387039185, 0.4163728952407837, 0.4214462637901306, 0.4250905215740204, 0.429830402135849, 0.43433213233947754, 0.4363328814506531, 0.44073933362960815, 0.4477419853210449, 0.4486709237098694, 0.4568406939506531], "val_loss": [8.831608772277832, 5.434947490692139, 3.9933032989501953, 3.2291457653045654, 2.7470500469207764, 2.402757406234741, 2.158226490020752, 1.9863790273666382, 1.8729816675186157, 1.793747901916504, 1.7467886209487915, 1.6931098699569702, 1.6681327819824219, 1.6361582279205322, 1.6232216358184814, 1.603241205215454, 1.5942609310150146, 1.5935746431350708, 1.5829622745513916, 1.5795738697052002, 1.5805208683013916, 1.5703825950622559, 1.5774588584899902, 1.5726208686828613, 1.5758739709854126, 1.5842007398605347, 1.5874216556549072, 1.5853585004806519, 1.5919690132141113, 1.582480788230896, 1.6015840768814087, 1.6179606914520264], "val_accuracy": [0.21064452826976776, 0.21054688096046448, 0.24482421576976776, 0.26630860567092896, 0.2816406190395355, 0.29814451932907104, 0.3130859434604645, 0.3275390565395355, 0.3321289122104645, 0.3360351622104645, 0.3330078125, 0.3472656309604645, 0.35078126192092896, 0.36347657442092896, 0.3692382872104645, 0.37714844942092896, 0.3809570372104645, 0.3824218809604645, 0.3900390565395355, 0.38896483182907104, 0.3858398497104645, 0.3900390565395355, 0.3887695372104645, 0.3921875059604645, 0.39130860567092896, 0.38798826932907104, 0.38593751192092896, 0.38691407442092896, 0.38398438692092896, 0.39287108182907104, 0.3887695372104645, 0.3804687559604645]}