{"loss": [12.430180549621582, 6.782442092895508, 4.587064743041992, 3.551267385482788, 2.8960061073303223, 2.5093917846679688, 2.2429962158203125, 2.0589938163757324, 1.9260036945343018, 1.8326438665390015, 1.7681959867477417, 1.7204623222351074, 1.6860812902450562, 1.6609070301055908, 1.6391130685806274, 1.6197797060012817, 1.606688141822815, 1.5980664491653442, 1.5837910175323486, 1.5711164474487305, 1.5646185874938965, 1.5536344051361084, 1.544653058052063, 1.5400404930114746, 1.5330816507339478, 1.5213477611541748, 1.5116760730743408, 1.5026769638061523, 1.4921342134475708, 1.481066346168518, 1.4702955484390259], "accuracy": [0.2005600482225418, 0.2038544863462448, 0.20936088263988495, 0.23366905748844147, 0.2845208942890167, 0.29273343086242676, 0.29816922545433044, 0.3025931715965271, 0.31360599398612976, 0.31854763627052307, 0.32711315155029297, 0.3326666057109833, 0.33993786573410034, 0.34730327129364014, 0.3547627925872803, 0.36469313502311707, 0.3707643151283264, 0.37476468086242676, 0.3820830285549164, 0.39128389954566956, 0.3963667154312134, 0.4005318284034729, 0.4095208942890167, 0.4109092652797699, 0.418580561876297, 0.42465174198150635, 0.4331231117248535, 0.4402296543121338, 0.4472420811653137, 0.4546310305595398, 0.4624435305595398], "val_loss": [8.701047897338867, 5.353975772857666, 3.9715988636016846, 3.1738905906677246, 2.6820778846740723, 2.355560779571533, 2.1289825439453125, 1.9746946096420288, 1.869556188583374, 1.7919822931289673, 1.742234230041504, 1.7030550241470337, 1.673780083656311, 1.6519542932510376, 1.6343300342559814, 1.621710181236267, 1.6154158115386963, 1.6035839319229126, 1.5961143970489502, 1.5928099155426025, 1.5915539264678955, 1.5915778875350952, 1.5928797721862793, 1.5959111452102661, 1.5944883823394775, 1.6020004749298096, 1.6044174432754517, 1.6153579950332642, 1.6284477710723877, 1.6314159631729126, 1.6369060277938843], "val_accuracy": [0.21337890625, 0.21259765326976776, 0.21464844048023224, 0.2728515565395355, 0.2935546934604645, 0.30292969942092896, 0.30683594942092896, 0.31279295682907104, 0.3174804747104645, 0.3260742127895355, 0.3271484375, 0.33320313692092896, 0.3446289002895355, 0.3497070372104645, 0.36015623807907104, 0.361328125, 0.36689454317092896, 0.36982423067092896, 0.37255859375, 0.37675780057907104, 0.3780273497104645, 0.37919920682907104, 0.37841796875, 0.3768554627895355, 0.38017576932907104, 0.38359373807907104, 0.38505858182907104, 0.38056641817092896, 0.38310545682907104, 0.3788085877895355, 0.38251954317092896]}