{"loss": [8.566230773925781, 4.5080437660217285, 2.733837604522705, 2.0476744174957275, 1.7820535898208618, 1.6644976139068604, 1.6069817543029785, 1.5675147771835327, 1.5286493301391602, 1.4998717308044434, 1.4730713367462158, 1.4438221454620361, 1.4137930870056152, 1.3822519779205322, 1.3497859239578247, 1.315426230430603, 1.2804374694824219, 1.2472026348114014, 1.176788091659546, 1.112984538078308, 1.048518180847168], "accuracy": [0.20514872670173645, 0.2542356848716736, 0.30101656913757324, 0.3255365192890167, 0.337890625, 0.3528802692890167, 0.3647637367248535, 0.3823183476924896, 0.40064945816993713, 0.41592150926589966, 0.4274284541606903, 0.44583019614219666, 0.46792638301849365, 0.4810335040092468, 0.5032238364219666, 0.5250847339630127, 0.5429216623306274, 0.5598880052566528, 0.6017272472381592, 0.6385777592658997, 0.6722044348716736], "val_loss": [6.040165901184082, 3.4328932762145996, 2.383932113647461, 1.9490344524383545, 1.759818434715271, 1.6682809591293335, 1.617868185043335, 1.5703948736190796, 1.5525161027908325, 1.545233964920044, 1.542659044265747, 1.548635482788086, 1.554610013961792, 1.5895640850067139, 1.6348352432250977, 1.6112184524536133, 1.6593506336212158, 1.6858940124511719, 1.7227627038955688, 1.7916218042373657, 1.8898741006851196], "val_accuracy": [0.20927734673023224, 0.23388671875, 0.2513671815395355, 0.3172851502895355, 0.33710938692092896, 0.34697264432907104, 0.3544921875, 0.37617188692092896, 0.3809570372104645, 0.38310545682907104, 0.38749998807907104, 0.38740235567092896, 0.3921875059604645, 0.3833984434604645, 0.3749023377895355, 0.3866210877895355, 0.37763673067092896, 0.3804687559604645, 0.3690429627895355, 0.36503905057907104, 0.3614257872104645]}