{"loss": [41.20417404174805, 19.16922950744629, 11.807295799255371, 8.394100189208984, 6.2723846435546875, 4.809303283691406, 3.7822556495666504, 3.064178466796875, 2.568359851837158, 2.229722023010254, 2.0007777214050293, 1.845190405845642, 1.7442080974578857, 1.6787456274032593, 1.6347084045410156, 1.6064543724060059, 1.5865767002105713, 1.5747829675674438, 1.5650190114974976, 1.557633399963379, 1.550991177558899, 1.5461677312850952, 1.5403093099594116, 1.5362237691879272, 1.5318324565887451, 1.528526782989502, 1.5264915227890015, 1.5235134363174438, 1.5199579000473022, 1.517545223236084, 1.5145525932312012, 1.51162588596344, 1.5100656747817993, 1.5045677423477173, 1.504515528678894, 1.5016597509384155, 1.499094843864441, 1.496146559715271, 1.491466760635376, 1.4894837141036987, 1.4856231212615967, 1.4848288297653198, 1.4780157804489136, 1.477925181388855], "accuracy": [0.22359751164913177, 0.3165239095687866, 0.33407849073410034, 0.3407379388809204, 0.3466208577156067, 0.3463384807109833, 0.3494681715965271, 0.3515389561653137, 0.3545745611190796, 0.35735127329826355, 0.3592573404312134, 0.36756399273872375, 0.37109375, 0.37205854058265686, 0.37419992685317993, 0.37716490030288696, 0.37852975726127625, 0.3811888098716736, 0.3835655152797699, 0.38573041558265686, 0.39024850726127625, 0.39069560170173645, 0.3944135904312134, 0.39431947469711304, 0.3993552327156067, 0.40123775601387024, 0.40349680185317993, 0.40257906913757324, 0.4056146442890167, 0.4076383709907532, 0.4067206382751465, 0.4108622074127197, 0.4115446209907532, 0.41566264629364014, 0.4169098138809204, 0.41533321142196655, 0.41898059844970703, 0.4208160638809204, 0.4236634075641632, 0.42552241683006287, 0.4275931715965271, 0.43185240030288696, 0.43589985370635986, 0.4349115192890167], "val_loss": [26.065771102905273, 14.470927238464355, 9.876951217651367, 7.265305519104004, 5.49395751953125, 4.246575832366943, 3.373189926147461, 2.7701680660247803, 2.357933521270752, 2.0846991539001465, 1.8959734439849854, 1.775418996810913, 1.6946194171905518, 1.6445022821426392, 1.6109777688980103, 1.5884045362472534, 1.5740324258804321, 1.5628583431243896, 1.55495285987854, 1.5523432493209839, 1.544715404510498, 1.5414564609527588, 1.5379637479782104, 1.535844087600708, 1.5348689556121826, 1.5318396091461182, 1.5306404829025269, 1.5303831100463867, 1.5290122032165527, 1.5296317338943481, 1.529252290725708, 1.528773307800293, 1.5295472145080566, 1.5281383991241455, 1.5288774967193604, 1.5289769172668457, 1.528904676437378, 1.5305429697036743, 1.5330668687820435, 1.53378164768219, 1.5331686735153198, 1.535305380821228, 1.5380942821502686, 1.5415726900100708], "val_accuracy": [0.21250000596046448, 0.21406249701976776, 0.24580077826976776, 0.29570311307907104, 0.3359375, 0.35185545682907104, 0.3560546934604645, 0.36054688692092896, 0.36494141817092896, 0.3697265684604645, 0.37324219942092896, 0.3739257752895355, 0.3739257752895355, 0.37470704317092896, 0.37421876192092896, 0.3775390684604645, 0.38017576932907104, 0.3851562440395355, 0.38847655057907104, 0.3897460997104645, 0.39433592557907104, 0.396484375, 0.3983398377895355, 0.39775389432907104, 0.39873045682907104, 0.4014648497104645, 0.40234375, 0.4014648497104645, 0.4017578065395355, 0.40107423067092896, 0.4009765684604645, 0.39921873807907104, 0.39892578125, 0.39892578125, 0.40019530057907104, 0.3985351622104645, 0.3995117247104645, 0.3983398377895355, 0.3978515565395355, 0.39814454317092896, 0.39863282442092896, 0.3980468809604645, 0.3968749940395355, 0.39726561307907104]}