{"loss": [17.28717613220215, 10.80922794342041, 7.2834320068359375, 5.308496475219727, 4.115722179412842, 3.3426575660705566, 2.792625665664673, 2.3562567234039307, 2.098876476287842, 1.9364206790924072, 1.827012538909912, 1.7520273923873901, 1.7019633054733276, 1.6674468517303467, 1.6425020694732666, 1.6230446100234985, 1.6094492673873901, 1.5916626453399658, 1.5768253803253174, 1.5635666847229004, 1.5421222448349, 1.5251740217208862, 1.50922691822052, 1.4945913553237915, 1.4798356294631958, 1.467109203338623, 1.4559780359268188, 1.4423952102661133, 1.4299094676971436, 1.4117658138275146, 1.3931702375411987, 1.377598762512207, 1.3664593696594238, 1.337778925895691, 1.3495181798934937, 1.3389798402786255], "accuracy": [0.1945594847202301, 0.20660768449306488, 0.20830196142196655, 0.2087019979953766, 0.21011389791965485, 0.21011389791965485, 0.22578595578670502, 0.2768966555595398, 0.29047438502311707, 0.29287463426589966, 0.29788684844970703, 0.302734375, 0.30958208441734314, 0.31753575801849365, 0.3261954188346863, 0.3318900465965271, 0.3382200598716736, 0.34951525926589966, 0.3627164959907532, 0.36890530586242676, 0.3853303790092468, 0.3973785638809204, 0.4071206748485565, 0.4166039228439331, 0.42406344413757324, 0.43378201127052307, 0.43919429183006287, 0.4496893882751465, 0.45696064829826355, 0.4693853557109833, 0.48268070816993713, 0.4905638098716736, 0.4965643882751465, 0.5161191821098328, 0.5068947672843933, 0.5119776129722595], "val_loss": [13.371423721313477, 8.673616409301758, 6.107924461364746, 4.614404201507568, 3.6731598377227783, 3.0444934368133545, 2.527770519256592, 2.1891281604766846, 1.9935274124145508, 1.8594560623168945, 1.771762490272522, 1.7124465703964233, 1.6713001728057861, 1.6418920755386353, 1.622546911239624, 1.6086963415145874, 1.6003282070159912, 1.5894176959991455, 1.5719633102416992, 1.5617849826812744, 1.5391566753387451, 1.541030764579773, 1.5232566595077515, 1.5240224599838257, 1.5255342721939087, 1.5129070281982422, 1.533597707748413, 1.5397340059280396, 1.5423638820648193, 1.5344032049179077, 1.5445096492767334, 1.5571616888046265, 1.5740818977355957, 1.596875548362732, 1.5889062881469727, 1.629027009010315], "val_accuracy": [0.20781250298023224, 0.20781250298023224, 0.20781250298023224, 0.20781250298023224, 0.20781250298023224, 0.20781250298023224, 0.2767578065395355, 0.29619139432907104, 0.29765623807907104, 0.30322265625, 0.3055664002895355, 0.31640625, 0.3203125, 0.3267578184604645, 0.3321289122104645, 0.33740234375, 0.34228515625, 0.34785157442092896, 0.3623046875, 0.3677734434604645, 0.38652342557907104, 0.3837890625, 0.39453125, 0.39228516817092896, 0.39287108182907104, 0.4039062559604645, 0.3916015625, 0.3897460997104645, 0.38945311307907104, 0.400390625, 0.40058594942092896, 0.40351563692092896, 0.39794921875, 0.39677733182907104, 0.39599609375, 0.39238280057907104]}