{"loss": [17.246959686279297, 8.860465049743652, 6.631871223449707, 5.439047336578369, 4.713508129119873, 4.225870609283447, 3.873044729232788, 3.592373847961426, 3.3620083332061768, 3.1724908351898193, 3.0275304317474365, 2.894659996032715, 2.7801969051361084, 2.677490234375, 2.5905911922454834, 2.513972520828247, 2.446279287338257, 2.3819282054901123, 2.324215888977051, 2.2698471546173096, 2.2205634117126465, 2.177910566329956, 2.13815975189209, 2.0999691486358643, 2.0635464191436768, 2.0361428260803223, 2.0044236183166504, 1.973952054977417, 1.9471629858016968, 1.9224549531936646, 1.8995449542999268, 1.8774755001068115, 1.8567224740982056, 1.8374922275543213, 1.8193634748458862, 1.8038537502288818, 1.787503719329834, 1.773549199104309, 1.759294033050537, 1.7472227811813354, 1.7351267337799072, 1.7242170572280884, 1.7140564918518066, 1.7051122188568115, 1.6963303089141846, 1.6879706382751465, 1.6822062730789185, 1.6733869314193726, 1.6679131984710693, 1.661682367324829, 1.6552221775054932, 1.6508420705795288, 1.6458635330200195, 1.6412580013275146, 1.6372102499008179, 1.633329153060913, 1.6308097839355469, 1.627397894859314, 1.6246832609176636, 1.6213096380233765, 1.6193722486495972, 1.6176310777664185, 1.615041971206665, 1.6135004758834839, 1.6112852096557617, 1.6104010343551636, 1.6086719036102295, 1.6076288223266602, 1.6060724258422852, 1.6057686805725098, 1.6047497987747192, 1.6040723323822021, 1.6028159856796265, 1.6024900674819946, 1.6018162965774536, 1.6017491817474365, 1.6009024381637573, 1.6003614664077759, 1.6006343364715576, 1.5995450019836426, 1.5997823476791382, 1.5998125076293945, 1.5995478630065918, 1.5982956886291504, 1.5992223024368286, 1.5981746912002563, 1.5983425378799438, 1.5986124277114868, 1.598336100578308, 1.5982578992843628, 1.598204493522644, 1.5975744724273682, 1.5977219343185425, 1.5974541902542114, 1.597672700881958, 1.597327470779419, 1.5975263118743896, 1.5971753597259521, 1.5973870754241943, 1.597525715827942], "accuracy": [0.25422126054763794, 0.28726688027381897, 0.2984186112880707, 0.3081527352333069, 0.31284651160240173, 0.31268900632858276, 0.31820186972618103, 0.31722530722618103, 0.3236832022666931, 0.32261213660240173, 0.3223916292190552, 0.3227381408214569, 0.3266443908214569, 0.3271799385547638, 0.32831400632858276, 0.328125, 0.32695943117141724, 0.32894405722618103, 0.32878655195236206, 0.3291015625, 0.32941657304763794, 0.32938507199287415, 0.3295740783214569, 0.32941657304763794, 0.32929056882858276, 0.3300466239452362, 0.3290700614452362, 0.3290700614452362, 0.3290700614452362, 0.3290700614452362, 0.3290700614452362, 0.3291330635547638, 0.3290700614452362, 0.3290700614452362, 0.3290700614452362, 0.3290700614452362, 0.3290700614452362, 0.3290700614452362, 0.3290700614452362, 0.3290700614452362, 0.3290700614452362, 0.3290700614452362, 0.3290700614452362, 0.3291015625, 0.3291015625, 0.3289755582809448, 0.3290385603904724, 0.3290700614452362, 0.3290700614452362, 0.3290700614452362, 0.3290700614452362, 0.3290700614452362, 0.3290700614452362, 0.3290700614452362, 0.3290700614452362, 0.3290700614452362, 0.3290700614452362, 0.3290385603904724, 0.3290700614452362, 0.3290700614452362, 0.3290700614452362, 0.3290700614452362, 0.3290700614452362, 0.3290700614452362, 0.3290700614452362, 0.3290700614452362, 0.3290700614452362, 0.3290700614452362, 0.3290700614452362, 0.3290700614452362, 0.3290700614452362, 0.3290700614452362, 0.3290700614452362, 0.3290700614452362, 0.3290700614452362, 0.3290700614452362, 0.3290700614452362, 0.3290700614452362, 0.3290700614452362, 0.3290700614452362, 0.3290700614452362, 0.3290700614452362, 0.3290700614452362, 0.3290700614452362, 0.3290700614452362, 0.3290700614452362, 0.3290700614452362, 0.3290700614452362, 0.3290700614452362, 0.3290700614452362, 0.3290700614452362, 0.3290700614452362, 0.3290700614452362, 0.3290700614452362, 0.3290700614452362, 0.3290700614452362, 0.3290700614452362, 0.3290700614452362, 0.3290700614452362, 0.3290700614452362], "val_loss": [10.60544204711914, 7.471405982971191, 5.927428245544434, 5.0209879875183105, 4.412384033203125, 4.029664516448975, 3.7079808712005615, 3.4671669006347656, 3.2374002933502197, 3.0818517208099365, 2.9420063495635986, 2.817519187927246, 2.7118818759918213, 2.6233761310577393, 2.547835111618042, 2.469571828842163, 2.402634620666504, 2.344714641571045, 2.2870330810546875, 2.233759641647339, 2.1843276023864746, 2.145827531814575, 2.109633445739746, 2.0706729888916016, 2.038212776184082, 2.0096678733825684, 1.9780235290527344, 1.9498040676116943, 1.9237983226776123, 1.899727463722229, 1.8772324323654175, 1.8570629358291626, 1.8364391326904297, 1.8178958892822266, 1.8006619215011597, 1.7845944166183472, 1.7695915699005127, 1.7555965185165405, 1.7425415515899658, 1.7303801774978638, 1.7190518379211426, 1.7085198163986206, 1.6988736391067505, 1.6902613639831543, 1.681518793106079, 1.6754399538040161, 1.667224645614624, 1.6617988348007202, 1.654154896736145, 1.6478441953659058, 1.6423529386520386, 1.6373732089996338, 1.6328409910202026, 1.6286828517913818, 1.624860405921936, 1.6213610172271729, 1.618158221244812, 1.6161987781524658, 1.6125950813293457, 1.6100821495056152, 1.6078287363052368, 1.6063865423202515, 1.6039683818817139, 1.6022326946258545, 1.6006824970245361, 1.5992965698242188, 1.5980217456817627, 1.5968700647354126, 1.5958422422409058, 1.5949175357818604, 1.5940794944763184, 1.5933247804641724, 1.592627763748169, 1.5920323133468628, 1.5914826393127441, 1.5909963846206665, 1.5905529260635376, 1.590154767036438, 1.5898231267929077, 1.5895079374313354, 1.5892502069473267, 1.5890114307403564, 1.588788390159607, 1.5885918140411377, 1.5884279012680054, 1.588286280632019, 1.588158369064331, 1.588053584098816, 1.5879498720169067, 1.5878596305847168, 1.5877951383590698, 1.587706208229065, 1.5876563787460327, 1.5876071453094482, 1.5875667333602905, 1.5875282287597656, 1.5875091552734375, 1.587465763092041, 1.5874463319778442, 1.5874249935150146],