{"loss": [12.484591484069824, 6.820064067840576, 4.602538108825684, 3.5034737586975098, 2.8964293003082275, 2.51100754737854, 2.2422757148742676, 2.0552103519439697, 1.9207026958465576, 1.8286749124526978, 1.7600493431091309, 1.7106025218963623, 1.6756716966629028, 1.6466095447540283, 1.6231893301010132, 1.60475492477417, 1.592413067817688, 1.5780231952667236, 1.5669324398040771, 1.5553257465362549, 1.5433624982833862, 1.535912275314331, 1.526838779449463, 1.5187026262283325, 1.516054391860962, 1.5086876153945923, 1.505977749824524, 1.4934327602386475, 1.4851828813552856, 1.4767276048660278, 1.4644898176193237, 1.4585011005401611], "accuracy": [0.19359469413757324, 0.20646649599075317, 0.21505554020404816, 0.2725433111190796, 0.29320406913757324, 0.30252259969711304, 0.3108292520046234, 0.3183829188346863, 0.3245481848716736, 0.3294898271560669, 0.33918485045433044, 0.34786802530288696, 0.35433924198150635, 0.3620340824127197, 0.36939945816993713, 0.3745293617248535, 0.3837302327156067, 0.3909309208393097, 0.3954254388809204, 0.4004141688346863, 0.41109752655029297, 0.4126976728439331, 0.4214279055595398, 0.4230751097202301, 0.42808735370635986, 0.4331466555595398, 0.4349821209907532, 0.44326525926589966, 0.45016002655029297, 0.455689936876297, 0.46449077129364014, 0.4694794714450836], "val_loss": [8.752623558044434, 5.378700256347656, 3.980700731277466, 3.18351674079895, 2.701382875442505, 2.3639779090881348, 2.1302123069763184, 1.9677770137786865, 1.8569839000701904, 1.7806040048599243, 1.7259433269500732, 1.6860926151275635, 1.6610006093978882, 1.6422981023788452, 1.6196167469024658, 1.6073493957519531, 1.5951616764068604, 1.5878193378448486, 1.5825841426849365, 1.5764248371124268, 1.5764398574829102, 1.573089599609375, 1.5753496885299683, 1.575868844985962, 1.5747984647750854, 1.5854331254959106, 1.5808491706848145, 1.5850563049316406, 1.592456579208374, 1.5938327312469482, 1.6045846939086914, 1.6121160984039307], "val_accuracy": [0.20908203721046448, 0.2099609375, 0.22900390625, 0.29121094942092896, 0.31132811307907104, 0.3182617127895355, 0.3267578184604645, 0.3291992247104645, 0.33378905057907104, 0.3365234434604645, 0.34062498807907104, 0.34882813692092896, 0.3541015684604645, 0.3587890565395355, 0.3648437559604645, 0.3661132752895355, 0.3758789002895355, 0.3779296875, 0.3804687559604645, 0.38652342557907104, 0.38671875, 0.38896483182907104, 0.39042967557907104, 0.39042967557907104, 0.3887695372104645, 0.3822265565395355, 0.39189451932907104, 0.38691407442092896, 0.38525390625, 0.3890624940395355, 0.38701170682907104, 0.3885742127895355]}