{"loss": [8.790189743041992, 4.911205768585205, 3.0024383068084717, 2.2135448455810547, 1.8754078149795532, 1.7151132822036743, 1.6297101974487305, 1.576514720916748, 1.5350698232650757, 1.4999629259109497, 1.4715527296066284, 1.4480715990066528, 1.41964590549469, 1.394883394241333, 1.372328281402588, 1.3370226621627808, 1.2932195663452148, 1.2516061067581177, 1.212703824043274, 1.175327181816101, 1.1782649755477905], "accuracy": [0.20590172708034515, 0.21743223071098328, 0.2912980020046234, 0.31751224398612976, 0.33734938502311707, 0.3542215824127197, 0.3700348138809204, 0.3842714726924896, 0.4017789959907532, 0.4170745611190796, 0.42738139629364014, 0.44284167885780334, 0.4604433476924896, 0.4742799401283264, 0.48686936497688293, 0.5089655518531799, 0.5347797274589539, 0.556852400302887, 0.5811606049537659, 0.5992563962936401, 0.5991151928901672], "val_loss": [6.391180992126465, 3.7590842247009277, 2.58378267288208, 2.0793097019195557, 1.8373525142669678, 1.6996008157730103, 1.6146037578582764, 1.5774264335632324, 1.5570558309555054, 1.5529744625091553, 1.5421956777572632, 1.5504238605499268, 1.568533182144165, 1.5521010160446167, 1.5665067434310913, 1.5935558080673218, 1.6424720287322998, 1.6753044128417969, 1.6999950408935547, 1.8389232158660889, 1.8103452920913696], "val_accuracy": [0.20849609375, 0.22431640326976776, 0.2621093690395355, 0.30253905057907104, 0.3236328065395355, 0.35322266817092896, 0.3744140565395355, 0.3809570372104645, 0.38691407442092896, 0.3863281309604645, 0.39404296875, 0.3900390565395355, 0.38798826932907104, 0.3926757872104645, 0.39208984375, 0.38701170682907104, 0.3798828125, 0.37861329317092896, 0.3765625059604645, 0.34589844942092896, 0.3564453125]}