{"loss": [12.89525032043457, 8.932992935180664, 6.266308784484863, 4.582973003387451, 3.5277609825134277, 2.8536412715911865, 2.425905227661133, 2.1512064933776855, 1.9723049402236938, 1.8542989492416382, 1.7766615152359009, 1.7230864763259888, 1.686990737915039, 1.6603753566741943, 1.6419246196746826, 1.626588225364685, 1.6164530515670776, 1.605713963508606, 1.5984843969345093, 1.588761329650879, 1.5814564228057861, 1.573326587677002, 1.5654900074005127, 1.5557864904403687, 1.545674204826355, 1.5364723205566406, 1.5245503187179565, 1.5115362405776978, 1.4982880353927612, 1.4827090501785278, 1.46625816822052], "accuracy": [0.1963478922843933, 0.21298475563526154, 0.25611820816993713, 0.28237950801849365, 0.28339138627052307, 0.29075679183006287, 0.291627436876297, 0.2986869215965271, 0.30101656913757324, 0.30958208441734314, 0.3124764561653137, 0.318971186876297, 0.32381871342658997, 0.3287132978439331, 0.3329019248485565, 0.3385259807109833, 0.34085559844970703, 0.34429123997688293, 0.3470914959907532, 0.3506918251514435, 0.35600998997688293, 0.3609045445919037, 0.37024661898612976, 0.37278804183006287, 0.38064759969711304, 0.3892601728439331, 0.3949783444404602, 0.4016142785549164, 0.4107210040092468, 0.4197806715965271, 0.43293485045433044], "val_loss": [10.636022567749023, 7.424436092376709, 5.312254428863525, 3.984020233154297, 3.1377131938934326, 2.600581407546997, 2.260768413543701, 2.0467865467071533, 1.9030252695083618, 1.8116133213043213, 1.7480287551879883, 1.708420753479004, 1.679944634437561, 1.661924958229065, 1.6478163003921509, 1.637647271156311, 1.6303479671478271, 1.6225591897964478, 1.619284987449646, 1.6203947067260742, 1.6189985275268555, 1.6215025186538696, 1.6210155487060547, 1.619145393371582, 1.6232471466064453, 1.6296371221542358, 1.6359574794769287, 1.645050048828125, 1.6535800695419312, 1.6740325689315796, 1.6964662075042725], "val_accuracy": [0.20937499403953552, 0.22333984076976776, 0.2708984315395355, 0.29082030057907104, 0.2978515625, 0.30322265625, 0.30488282442092896, 0.30517578125, 0.3099609315395355, 0.3121093809604645, 0.3199218809604645, 0.3250976502895355, 0.328125, 0.3310546875, 0.33330076932907104, 0.33349609375, 0.3363281190395355, 0.33906251192092896, 0.33906251192092896, 0.3368164002895355, 0.33857423067092896, 0.33671873807907104, 0.3375000059604645, 0.3392578065395355, 0.33935546875, 0.33984375, 0.3375000059604645, 0.33906251192092896, 0.33544921875, 0.3277343809604645, 0.32646483182907104]}