{"loss": [9.176030158996582, 7.174675941467285, 5.645358085632324, 4.552591800689697, 3.7457327842712402, 3.15331768989563, 2.717803955078125, 2.4019923210144043, 2.1730077266693115, 2.009709119796753, 1.8961637020111084, 1.8131816387176514, 1.7561097145080566, 1.7177890539169312, 1.688027024269104, 1.6682193279266357, 1.6548939943313599, 1.6447621583938599, 1.6349666118621826, 1.6288760900497437, 1.6235731840133667, 1.6190822124481201, 1.612866997718811, 1.6080207824707031, 1.6025017499923706, 1.5977247953414917, 1.5911983251571655, 1.5872578620910645, 1.5810461044311523, 1.576041340827942, 1.5719865560531616, 1.564017653465271, 1.5594217777252197, 1.5526028871536255, 1.5454827547073364, 1.5392746925354004], "accuracy": [0.19813629984855652, 0.22653897106647491, 0.2654837965965271, 0.2827795445919037, 0.28779178857803345, 0.2914392054080963, 0.2934629023075104, 0.2962396442890167, 0.29983997344970703, 0.30247554183006287, 0.3022637367248535, 0.30449923872947693, 0.30388742685317993, 0.3053228557109833, 0.3072759807109833, 0.30882906913757324, 0.3112763464450836, 0.3084525465965271, 0.31014683842658997, 0.3132765293121338, 0.3189947307109833, 0.3203125, 0.32398343086242676, 0.3276543617248535, 0.33285486698150635, 0.33692583441734314, 0.34003201127052307, 0.34219691157341003, 0.34697383642196655, 0.3474915325641632, 0.35076242685317993, 0.35480985045433044, 0.3588102459907532, 0.3612104654312134, 0.3659638464450836, 0.36681100726127625], "val_loss": [8.082792282104492, 6.334237098693848, 5.044060230255127, 4.0998430252075195, 3.4044880867004395, 2.897550582885742, 2.527815580368042, 2.2619338035583496, 2.071939706802368, 1.93649423122406, 1.842037558555603, 1.7759320735931396, 1.7298812866210938, 1.6989444494247437, 1.6769094467163086, 1.6615709066390991, 1.6514949798583984, 1.6436458826065063, 1.6384836435317993, 1.634555459022522, 1.6313272714614868, 1.6279045343399048, 1.6245224475860596, 1.6224994659423828, 1.6221952438354492, 1.6219701766967773, 1.6231893301010132, 1.6284570693969727, 1.629293441772461, 1.6279277801513672, 1.6305828094482422, 1.6363471746444702, 1.6423547267913818, 1.6517388820648193, 1.6556005477905273, 1.6669623851776123], "val_accuracy": [0.2177734375, 0.24853515625, 0.2889648377895355, 0.3023437559604645, 0.3028320372104645, 0.30390626192092896, 0.3057617247104645, 0.30419921875, 0.3042968809604645, 0.30517578125, 0.30517578125, 0.3067382872104645, 0.3080078065395355, 0.30585938692092896, 0.30732423067092896, 0.3086914122104645, 0.3080078065395355, 0.30878907442092896, 0.30859375, 0.3096679747104645, 0.31074219942092896, 0.3128906190395355, 0.31611329317092896, 0.3155273497104645, 0.3155273497104645, 0.3158203065395355, 0.31962889432907104, 0.31806641817092896, 0.3189453184604645, 0.32177734375, 0.3238281309604645, 0.32011717557907104, 0.3179687559604645, 0.31474608182907104, 0.3155273497104645, 0.3114257752895355]}