{"loss": [41.43622589111328, 19.4348087310791, 11.871508598327637, 8.398988723754883, 6.2339677810668945, 4.751241207122803, 3.7290098667144775, 3.018592119216919, 2.530228853225708, 2.1969003677368164, 1.969186782836914, 1.812549114227295, 1.7044830322265625, 1.6356925964355469, 1.5883879661560059, 1.5590790510177612, 1.5368869304656982, 1.522707223892212, 1.5120857954025269, 1.5022199153900146, 1.495922327041626, 1.4894087314605713, 1.4845573902130127, 1.4778038263320923, 1.472801685333252, 1.4675406217575073, 1.4599778652191162, 1.4548704624176025, 1.4488953351974487, 1.4442387819290161, 1.438915729522705, 1.4312710762023926, 1.4284477233886719, 1.422892451286316, 1.4176580905914307, 1.41411292552948, 1.406577467918396, 1.3981444835662842, 1.3923221826553345], "accuracy": [0.1969597190618515, 0.22465643286705017, 0.28645047545433044, 0.29859280586242676, 0.3249247074127197, 0.34231457114219666, 0.3447853922843933, 0.3511154055595398, 0.35568052530288696, 0.3593985438346863, 0.3712114095687866, 0.3856598138809204, 0.39761388301849365, 0.4065323770046234, 0.40980327129364014, 0.41293299198150635, 0.41940417885780334, 0.42149850726127625, 0.425169438123703, 0.4272637367248535, 0.4303228557109833, 0.43229952454566956, 0.4330054521560669, 0.4362528324127197, 0.44117093086242676, 0.44192394614219666, 0.4485833942890167, 0.4514777958393097, 0.4559723138809204, 0.45858433842658997, 0.4617140293121338, 0.46484375, 0.4675028324127197, 0.4702560305595398, 0.47482115030288696, 0.4756447672843933, 0.4807746708393097, 0.48672816157341003, 0.4883047938346863], "val_loss": [26.296091079711914, 14.558744430541992, 9.878793716430664, 7.250999450683594, 5.45413875579834, 4.209360122680664, 3.340100049972534, 2.7436845302581787, 2.3380937576293945, 2.0658299922943115, 1.867107629776001, 1.7409613132476807, 1.6582838296890259, 1.6045074462890625, 1.5696996450424194, 1.5494194030761719, 1.5339769124984741, 1.5247890949249268, 1.5155547857284546, 1.5135462284088135, 1.508876919746399, 1.5063883066177368, 1.5029529333114624, 1.4986015558242798, 1.4999889135360718, 1.4950724840164185, 1.4939662218093872, 1.4923850297927856, 1.4907207489013672, 1.4924923181533813, 1.4921513795852661, 1.4965541362762451, 1.4972600936889648, 1.4950716495513916, 1.4939700365066528, 1.491718053817749, 1.4937150478363037, 1.49838387966156, 1.4983270168304443], "val_accuracy": [0.20791015028953552, 0.22968749701976776, 0.22919921576976776, 0.2535156309604645, 0.3013671934604645, 0.3282226622104645, 0.3466796875, 0.35283201932907104, 0.3612304627895355, 0.36250001192092896, 0.3829101622104645, 0.3951171934604645, 0.4024414122104645, 0.40478515625, 0.4097656309604645, 0.41132813692092896, 0.4159179627895355, 0.41796875, 0.4198242127895355, 0.41972655057907104, 0.4203124940395355, 0.4214843809604645, 0.42158204317092896, 0.42431640625, 0.42626953125, 0.42646485567092896, 0.4268554747104645, 0.4296875, 0.42949217557907104, 0.4292968809604645, 0.4302734434604645, 0.42890626192092896, 0.43134766817092896, 0.43310546875, 0.43505859375, 0.4330078065395355, 0.4351562559604645, 0.43310546875, 0.4374023377895355]}