{"loss": [40.85429000854492, 18.85952377319336, 11.627132415771484, 8.251298904418945, 6.157846927642822, 4.708491802215576, 3.692650556564331, 2.956597328186035, 2.4444243907928467, 2.108384132385254, 1.8806626796722412, 1.7308199405670166, 1.6316801309585571, 1.5668489933013916, 1.5228372812271118, 1.4912816286087036, 1.4700549840927124, 1.4527887105941772, 1.4437421560287476, 1.43315589427948, 1.4256035089492798, 1.4204679727554321, 1.4110808372497559, 1.4102783203125, 1.4046845436096191, 1.3987778425216675, 1.3931975364685059, 1.3892136812210083, 1.3839402198791504, 1.3817065954208374, 1.3768372535705566, 1.3746435642242432, 1.367218255996704, 1.3666601181030273, 1.3605711460113525, 1.3608675003051758, 1.3568366765975952, 1.3515043258666992, 1.3471078872680664, 1.3430726528167725, 1.340262770652771, 1.3343279361724854, 1.3300987482070923, 1.3259402513504028, 1.3225717544555664, 1.3188145160675049], "accuracy": [0.2438848614692688, 0.2762044370174408, 0.328799307346344, 0.3665597140789032, 0.3790225088596344, 0.3835565447807312, 0.3883928656578064, 0.411714106798172, 0.4324776828289032, 0.4382440447807312, 0.443452388048172, 0.4471028745174408, 0.4490094780921936, 0.4530552327632904, 0.4538457989692688, 0.4577985405921936, 0.4610770046710968, 0.464750736951828, 0.4670293927192688, 0.4705868661403656, 0.4756557047367096, 0.4741675853729248, 0.479585200548172, 0.4799572229385376, 0.4786551296710968, 0.4843982458114624, 0.4882114827632904, 0.4900948703289032, 0.49267578125, 0.4921410083770752, 0.49609375, 0.497465580701828, 0.5005115270614624, 0.5023949146270752, 0.5066731572151184, 0.507626473903656, 0.5106026530265808, 0.510858416557312, 0.513299822807312, 0.5181361436843872, 0.522158682346344, 0.5224841833114624, 0.5253208875656128, 0.5282505750656128, 0.5305989384651184, 0.5361793041229248], "val_loss": [25.524492263793945, 14.130664825439453, 9.680027961730957, 7.134479999542236, 5.397948265075684, 4.166866302490234, 3.2988462448120117, 2.6594443321228027, 2.245802640914917, 1.9704493284225464, 1.7901978492736816, 1.6702662706375122, 1.5923947095870972, 1.5443629026412964, 1.5123258829116821, 1.4856168031692505, 1.4715254306793213, 1.4618291854858398, 1.445103645324707, 1.4433362483978271, 1.4342706203460693, 1.4344149827957153, 1.4272364377975464, 1.4219012260437012, 1.4244390726089478, 1.4226667881011963, 1.422628402709961, 1.4190964698791504, 1.4187418222427368, 1.4195928573608398, 1.4200448989868164, 1.4214106798171997, 1.4156347513198853, 1.4161815643310547, 1.4159213304519653, 1.412540078163147, 1.41739022731781, 1.416703462600708, 1.4190021753311157, 1.4197752475738525, 1.4277676343917847, 1.434255838394165, 1.4362865686416626, 1.4481871128082275, 1.452972412109375, 1.4613107442855835], "val_accuracy": [0.2707403302192688, 0.2838541567325592, 0.3445870578289032, 0.3629092276096344, 0.3714657723903656, 0.378720223903656, 0.3917410671710968, 0.4329427182674408, 0.4398251473903656, 0.4406622052192688, 0.441592276096344, 0.445126473903656, 0.4461495578289032, 0.4461495578289032, 0.4498697817325592, 0.4520089328289032, 0.455171138048172, 0.4573102593421936, 0.4640997052192688, 0.4635416567325592, 0.466889888048172, 0.4653087854385376, 0.4709821343421936, 0.4730282723903656, 0.4697730541229248, 0.4710751473903656, 0.46875, 0.470610111951828, 0.472749263048172, 0.4700520932674408, 0.472563236951828, 0.4716331958770752, 0.4768415093421936, 0.4752604067325592, 0.4778645932674408, 0.480282723903656, 0.4770275354385376, 0.4780505895614624, 0.4770275354385376, 0.4778645932674408, 0.474795401096344, 0.4743303656578064, 0.4740513265132904, 0.4702380895614624, 0.4701450765132904, 0.466796875]}