{"loss": [12.456972122192383, 6.802065849304199, 4.563083648681641, 3.489133834838867, 2.902505397796631, 2.51753568649292, 2.249485731124878, 2.0572617053985596, 1.9251240491867065, 1.8269603252410889, 1.7573356628417969, 1.7081067562103271, 1.6672465801239014, 1.6371638774871826, 1.6138224601745605, 1.5946340560913086, 1.580040454864502, 1.5672235488891602, 1.5563195943832397, 1.5496559143066406, 1.5419085025787354, 1.5345299243927002, 1.527262806892395, 1.520481824874878, 1.5118860006332397, 1.5054235458374023, 1.5019572973251343, 1.49186372756958, 1.4856960773468018, 1.4776668548583984, 1.4699548482894897, 1.461483359336853, 1.459280252456665, 1.4457087516784668], "accuracy": [0.1981598287820816, 0.2091490924358368, 0.23849304020404816, 0.28885072469711304, 0.29861634969711304, 0.30654650926589966, 0.31720632314682007, 0.32697194814682007, 0.3306664228439331, 0.34050264954566956, 0.34680911898612976, 0.3560335040092468, 0.3625047206878662, 0.3708113729953766, 0.3814476728439331, 0.3833066523075104, 0.38966020941734314, 0.3940841555595398, 0.400390625, 0.4057558476924896, 0.4086737632751465, 0.4154273271560669, 0.4179922938346863, 0.42225149273872375, 0.4286285638809204, 0.43218186497688293, 0.4338761270046234, 0.4418298304080963, 0.4459007978439331, 0.4524896442890167, 0.45893731713294983, 0.46507906913757324, 0.4696206748485565, 0.47724491357803345], "val_loss": [8.724210739135742, 5.371872425079346, 3.976738452911377, 3.2159790992736816, 2.725893259048462, 2.386139392852783, 2.146723747253418, 1.9782180786132812, 1.8640257120132446, 1.7812812328338623, 1.7201420068740845, 1.6824805736541748, 1.6473510265350342, 1.6241220235824585, 1.604941725730896, 1.5924268960952759, 1.5853958129882812, 1.5767486095428467, 1.573734998703003, 1.5713145732879639, 1.5708609819412231, 1.5655134916305542, 1.5656259059906006, 1.5635226964950562, 1.5692317485809326, 1.56925630569458, 1.5691686868667603, 1.5738766193389893, 1.5819803476333618, 1.585886001586914, 1.5885026454925537, 1.5979969501495361, 1.6047542095184326, 1.615532636642456], "val_accuracy": [0.21308593451976776, 0.21240234375, 0.23525390028953552, 0.26103514432907104, 0.2955078184604645, 0.31474608182907104, 0.3267578184604645, 0.33447265625, 0.34257811307907104, 0.34785157442092896, 0.3568359315395355, 0.3570312559604645, 0.36689454317092896, 0.3775390684604645, 0.3836914002895355, 0.38544923067092896, 0.38984376192092896, 0.3907226622104645, 0.39570313692092896, 0.3919921815395355, 0.39208984375, 0.39238280057907104, 0.3960937559604645, 0.39375001192092896, 0.3973632752895355, 0.3993164002895355, 0.4002929627895355, 0.40166014432907104, 0.3994140625, 0.40302735567092896, 0.3968749940395355, 0.3998046815395355, 0.39716798067092896, 0.3958984315395355]}