{"loss": [12.367143630981445, 6.682586193084717, 4.548048496246338, 3.5563292503356934, 2.969595193862915, 2.576488494873047, 2.29931902885437, 2.1021909713745117, 1.9623857736587524, 1.8626400232315063, 1.7892134189605713, 1.7370848655700684, 1.6996694803237915, 1.670835018157959, 1.6503459215164185, 1.635216236114502, 1.6217126846313477, 1.613480567932129, 1.6072100400924683, 1.5979509353637695, 1.5917659997940063, 1.587982177734375, 1.5861790180206299, 1.581242561340332, 1.575675368309021, 1.5739901065826416, 1.5691357851028442, 1.5658667087554932, 1.5617408752441406, 1.5562578439712524, 1.5518745183944702], "accuracy": [0.20488987863063812, 0.26783695816993713, 0.29214513301849365, 0.3054169714450836, 0.31214702129364014, 0.3172769248485565, 0.3186888098716736, 0.32428935170173645, 0.3285485804080963, 0.3341490924358368, 0.33767884969711304, 0.34217336773872375, 0.3458207845687866, 0.3477739095687866, 0.35419803857803345, 0.35826900601387024, 0.3626458942890167, 0.36471667885780334, 0.3668815791606903, 0.3696347773075104, 0.3733292520046234, 0.3765295445919037, 0.3782002925872803, 0.3814947307109833, 0.38516566157341003, 0.38890719413757324, 0.3921310305595398, 0.3976844847202301, 0.4015672206878662, 0.4050263464450836, 0.41500377655029297], "val_loss": [8.636874198913574, 5.3645429611206055, 3.9845619201660156, 3.2305445671081543, 2.747431516647339, 2.414127826690674, 2.179814577102661, 2.0204122066497803, 1.8968122005462646, 1.8170000314712524, 1.7567211389541626, 1.7207660675048828, 1.6895763874053955, 1.6689128875732422, 1.6565189361572266, 1.6408179998397827, 1.6355972290039062, 1.6257671117782593, 1.6269958019256592, 1.618828535079956, 1.6171458959579468, 1.6212612390518188, 1.6292963027954102, 1.6270112991333008, 1.6284494400024414, 1.631364107131958, 1.6353836059570312, 1.6414566040039062, 1.6468532085418701, 1.6534255743026733, 1.6628074645996094], "val_accuracy": [0.21064452826976776, 0.2665039002895355, 0.2984375059604645, 0.3174804747104645, 0.31855469942092896, 0.32568359375, 0.3291992247104645, 0.32763671875, 0.33818358182907104, 0.3379882872104645, 0.34394532442092896, 0.3427734375, 0.34619140625, 0.345703125, 0.34990233182907104, 0.35283201932907104, 0.35380858182907104, 0.3587890565395355, 0.3555664122104645, 0.36181640625, 0.36250001192092896, 0.35917967557907104, 0.35429686307907104, 0.35771483182907104, 0.35869139432907104, 0.359375, 0.3607421815395355, 0.3580078184604645, 0.35722655057907104, 0.35888671875, 0.35722655057907104]}