{"loss": [11.925196647644043, 6.512079238891602, 4.525489330291748, 3.58626651763916, 3.011624574661255, 2.6183230876922607, 2.3394968509674072, 2.140192747116089, 1.9989409446716309, 1.8992259502410889, 1.825453758239746, 1.7741022109985352, 1.73887300491333, 1.713304042816162, 1.695160984992981, 1.681413173675537, 1.6725680828094482, 1.6642746925354004, 1.6585134267807007, 1.655252456665039, 1.650994896888733, 1.6482561826705933, 1.6471234560012817, 1.6440374851226807, 1.642781138420105, 1.6418277025222778, 1.641003131866455, 1.6397663354873657, 1.638343334197998, 1.6383764743804932, 1.6356713771820068, 1.6362674236297607, 1.6354566812515259, 1.6342850923538208, 1.634821891784668, 1.634163498878479, 1.6332186460494995, 1.6317237615585327, 1.631503701210022, 1.6311790943145752, 1.6312638521194458, 1.6308579444885254, 1.6298279762268066, 1.6290161609649658, 1.6302326917648315, 1.6293847560882568], "accuracy": [0.2457878440618515, 0.27470821142196655, 0.28506213426589966, 0.28463855385780334, 0.2944747805595398, 0.29125094413757324, 0.29303935170173645, 0.2994634807109833, 0.297486811876297, 0.29847514629364014, 0.3006635904312134, 0.3018637001514435, 0.3012754023075104, 0.3037933111190796, 0.3018637001514435, 0.3020990192890167, 0.3020990192890167, 0.3016989827156067, 0.30595821142196655, 0.303346186876297, 0.3051110804080963, 0.30551111698150635, 0.3056052327156067, 0.3051110804080963, 0.30673474073410034, 0.3082878291606903, 0.3097938597202301, 0.307252436876297, 0.3073700964450836, 0.31064099073410034, 0.3080289959907532, 0.3084290325641632, 0.30958208441734314, 0.3104056715965271, 0.3090879023075104, 0.30913498997688293, 0.30854669213294983, 0.3119352459907532, 0.31108811497688293, 0.31155872344970703, 0.3130882978439331, 0.3119352459907532, 0.31346479058265686, 0.31379422545433044, 0.31254705786705017, 0.31426486372947693], "val_loss": [8.245283126831055, 5.209949493408203, 3.9399654865264893, 3.2360928058624268, 2.7709298133850098, 2.443857192993164, 2.209636688232422, 2.043520212173462, 1.9239046573638916, 1.8420512676239014, 1.782930612564087, 1.741355299949646, 1.7101948261260986, 1.6902364492416382, 1.674660086631775, 1.6628320217132568, 1.6555742025375366, 1.649082899093628, 1.645686388015747, 1.6418120861053467, 1.6387544870376587, 1.6368131637573242, 1.635030746459961, 1.6335179805755615, 1.6329799890518188, 1.6324646472930908, 1.6305797100067139, 1.6308705806732178, 1.6294422149658203, 1.6292774677276611, 1.628845453262329, 1.6291210651397705, 1.6291239261627197, 1.6285088062286377, 1.6284115314483643, 1.6281135082244873, 1.6293251514434814, 1.628088355064392, 1.629425287246704, 1.629258394241333, 1.6291338205337524, 1.6285444498062134, 1.6287486553192139, 1.629237413406372, 1.6291606426239014, 1.6306610107421875], "val_accuracy": [0.28730469942092896, 0.2999023497104645, 0.30615234375, 0.30830079317092896, 0.30732423067092896, 0.3094726502895355, 0.3082031309604645, 0.3111328184604645, 0.3173828125, 0.31074219942092896, 0.3109374940395355, 0.3128906190395355, 0.3169921934604645, 0.31523436307907104, 0.3154296875, 0.3153320252895355, 0.3165039122104645, 0.3193359375, 0.3154296875, 0.31855469942092896, 0.31718748807907104, 0.31669920682907104, 0.31494140625, 0.3165039122104645, 0.31328123807907104, 0.31494140625, 0.3153320252895355, 0.31884765625, 0.31767576932907104, 0.31708985567092896, 0.3202148377895355, 0.3193359375, 0.31855469942092896, 0.31953126192092896, 0.3182617127895355, 0.3193359375, 0.31855469942092896, 0.3187499940395355, 0.31523436307907104, 0.3169921934604645, 0.3174804747104645, 0.3179687559604645, 0.32001954317092896, 0.31669920682907104, 0.3213867247104645, 0.31640625]}