{"loss": [11.243915557861328, 5.530828475952148, 4.038562774658203, 3.30705189704895, 2.8480613231658936, 2.559235095977783, 2.37359356880188, 2.22753643989563, 2.116772413253784, 2.0385313034057617, 1.974954605102539, 1.9166840314865112, 1.8636218309402466, 1.8411988019943237, 1.81245756149292, 1.790539264678955, 1.7723760604858398, 1.7581454515457153, 1.7469619512557983, 1.7378939390182495, 1.7307581901550293, 1.7250961065292358, 1.7206825017929077, 1.7174100875854492, 1.7151457071304321, 1.7128838300704956, 1.7114295959472656, 1.7100414037704468, 1.7095502614974976, 1.7088619470596313, 1.7083172798156738, 1.7077604532241821, 1.7071412801742554, 1.7073971033096313, 1.7070794105529785, 1.6965789794921875, 1.7098859548568726, 1.6969558000564575, 1.7003859281539917, 1.7089720964431763, 1.7076112031936646, 1.7072129249572754, 1.7069991827011108, 1.7070763111114502, 1.7070006132125854], "accuracy": [0.2636447548866272, 0.2731526792049408, 0.2747395932674408, 0.2744818925857544, 0.2748209536075592, 0.2748209536075592, 0.2812364399433136, 0.2762857973575592, 0.2782796323299408, 0.2788221538066864, 0.2747802734375, 0.2747938334941864, 0.2788221538066864, 0.2748209536075592, 0.2748209536075592, 0.2748209536075592, 0.2748209536075592, 0.2748073935508728, 0.2749159038066864, 0.2748209536075592, 0.2748209536075592, 0.2748209536075592, 0.2748209536075592, 0.2748209536075592, 0.2748209536075592, 0.2748209536075592, 0.2748209536075592, 0.2748209536075592, 0.2748752236366272, 0.2748209536075592, 0.2748209536075592, 0.2748209536075592, 0.2748209536075592, 0.2748209536075592, 0.2748209536075592, 0.2800971269607544, 0.2747938334941864, 0.2788899838924408, 0.2776828408241272, 0.2748073935508728, 0.2748209536075592, 0.2748209536075592, 0.2748209536075592, 0.2748209536075592, 0.2748209536075592], "val_loss": [6.839047908782959, 4.588938236236572, 3.6021461486816406, 3.0365042686462402, 2.6886355876922607, 2.449106454849243, 2.309464693069458, 2.1785778999328613, 2.0854523181915283, 2.0219063758850098, 1.9442174434661865, 1.897136926651001, 1.8618049621582031, 1.828127145767212, 1.8031671047210693, 1.7832611799240112, 1.7673707008361816, 1.7548253536224365, 1.7446517944335938, 1.7366620302200317, 1.7303791046142578, 1.725462555885315, 1.7216317653656006, 1.7186633348464966, 1.7164533138275146, 1.714665174484253, 1.7133255004882812, 1.7123253345489502, 1.7133852243423462, 1.7111886739730835, 1.7106876373291016, 1.710355281829834, 1.7101309299468994, 1.709954857826233, 1.709836483001709, 1.7187622785568237, 1.7108906507492065, 1.7146860361099243, 1.7138301134109497, 1.71080482006073, 1.7102535963058472, 1.7100104093551636, 1.7098761796951294, 1.709790825843811, 1.70973539352417], "val_accuracy": [0.2746853232383728, 0.2746853232383728, 0.2746853232383728, 0.2746853232383728, 0.2746853232383728, 0.2746853232383728, 0.2746853232383728, 0.2746310830116272, 0.2746853232383728, 0.2746853232383728, 0.2746853232383728, 0.2746853232383728, 0.2746853232383728, 0.2746853232383728, 0.2746853232383728, 0.2746853232383728, 0.2746853232383728, 0.2746853232383728, 0.2746853232383728, 0.2746853232383728, 0.2746853232383728, 0.2746853232383728, 0.2746853232383728, 0.2746853232383728, 0.2746853232383728, 0.2746853232383728, 0.2746853232383728, 0.2746853232383728, 0.2746853232383728, 0.2746853232383728, 0.2746853232383728, 0.2746853232383728, 0.2746853232383728, 0.2746853232383728, 0.2746853232383728, 0.2746853232383728, 0.2746853232383728, 0.2746853232383728, 0.2746853232383728, 0.2746853232383728, 0.2746853232383728, 0.2746853232383728, 0.2746853232383728, 0.2746853232383728, 0.2746853232383728]}