{"loss": [12.505187034606934, 6.836038112640381, 4.607873439788818, 3.525256872177124, 2.8881325721740723, 2.501035213470459, 2.234006881713867, 2.047177314758301, 1.913265585899353, 1.8210736513137817, 1.754815936088562, 1.706294059753418, 1.6667572259902954, 1.6407300233840942, 1.6185115575790405, 1.599181890487671, 1.5846143960952759, 1.5706614255905151, 1.5599724054336548, 1.5469177961349487, 1.5401523113250732, 1.530539631843567, 1.525010108947754, 1.522128701210022, 1.5099965333938599, 1.5042273998260498, 1.4953819513320923, 1.4842034578323364, 1.4768637418746948, 1.468348741531372, 1.4613767862319946, 1.4543952941894531, 1.4413117170333862], "accuracy": [0.19463008642196655, 0.2049134075641632, 0.21159638464450836, 0.25684770941734314, 0.29468655586242676, 0.302122563123703, 0.30897024273872375, 0.31755930185317993, 0.32833677530288696, 0.33304309844970703, 0.33706700801849365, 0.34730327129364014, 0.3565512001514435, 0.36483433842658997, 0.3722938597202301, 0.38078877329826355, 0.3868599534034729, 0.3949548304080963, 0.399049311876297, 0.40721479058265686, 0.41114458441734314, 0.416015625, 0.4199454188346863, 0.42448702454566956, 0.4306052327156067, 0.4357115924358368, 0.4393354654312134, 0.4475480020046234, 0.45394861698150635, 0.4595726728439331, 0.4649849534034729, 0.47211501002311707, 0.4813864827156067], "val_loss": [8.774834632873535, 5.3865485191345215, 3.984168291091919, 3.181797504425049, 2.6896169185638428, 2.3548338413238525, 2.1247706413269043, 1.962881326675415, 1.8507194519042969, 1.7748578786849976, 1.7191509008407593, 1.6860780715942383, 1.6553891897201538, 1.6309177875518799, 1.612064003944397, 1.5993436574935913, 1.5880630016326904, 1.5827128887176514, 1.575697422027588, 1.5739212036132812, 1.5767747163772583, 1.5727344751358032, 1.5707582235336304, 1.576435923576355, 1.5719285011291504, 1.5773499011993408, 1.5819573402404785, 1.5859911441802979, 1.5912858247756958, 1.5955429077148438, 1.6072502136230469, 1.616389513015747, 1.6266752481460571], "val_accuracy": [0.20371094346046448, 0.21025390923023224, 0.21298828721046448, 0.2870117127895355, 0.3116210997104645, 0.3202148377895355, 0.32392579317092896, 0.3299804627895355, 0.33320313692092896, 0.33906251192092896, 0.3448242247104645, 0.34492188692092896, 0.36113280057907104, 0.36542969942092896, 0.3690429627895355, 0.37480467557907104, 0.38134765625, 0.38134765625, 0.38496094942092896, 0.38720703125, 0.3873046934604645, 0.38945311307907104, 0.39111328125, 0.38623046875, 0.38994139432907104, 0.38984376192092896, 0.38984376192092896, 0.3905273377895355, 0.39091795682907104, 0.3939453065395355, 0.39326173067092896, 0.39189451932907104, 0.39013671875]}