{"loss": [41.03828430175781, 19.043981552124023, 11.74504566192627, 8.361076354980469, 6.254197597503662, 4.799543857574463, 3.7786574363708496, 3.062349319458008, 2.5681393146514893, 2.227356433868408, 1.998447060585022, 1.8438594341278076, 1.742483139038086, 1.67652428150177, 1.633330225944519, 1.603951096534729, 1.5846564769744873, 1.5712873935699463, 1.5592272281646729, 1.551429271697998, 1.5467041730880737, 1.541395902633667, 1.5381801128387451, 1.5346494913101196, 1.5309231281280518, 1.5277398824691772, 1.525370717048645, 1.5209286212921143, 1.5180622339248657, 1.5175279378890991, 1.512712001800537, 1.510038137435913, 1.507123589515686, 1.5071736574172974, 1.5015268325805664, 1.5005722045898438, 1.4974266290664673, 1.4957756996154785, 1.4922410249710083, 1.4887505769729614, 1.4848253726959229, 1.4810150861740112, 1.4776315689086914, 1.473479986190796, 1.4695429801940918], "accuracy": [0.2322571575641632, 0.31694748997688293, 0.3329489827156067, 0.34320876002311707, 0.3435852825641632, 0.34850338101387024, 0.3508330285549164, 0.3553510904312134, 0.35897496342658997, 0.3640342652797699, 0.3680581748485565, 0.37118786573410034, 0.3756353557109833, 0.3786238729953766, 0.3809770345687866, 0.3841302692890167, 0.3858010172843933, 0.38921311497688293, 0.3904602825641632, 0.3945547938346863, 0.39535486698150635, 0.3977315425872803, 0.39817866683006287, 0.39970821142196655, 0.40076711773872375, 0.4037085771560669, 0.4047439694404602, 0.40992093086242676, 0.4075677692890167, 0.408203125, 0.41100338101387024, 0.41500377655029297, 0.41486257314682007, 0.41486257314682007, 0.41803935170173645, 0.41728633642196655, 0.4196394979953766, 0.42267507314682007, 0.4259459674358368, 0.42604008316993713, 0.42959338426589966, 0.4330289959907532, 0.4354056715965271, 0.43731173872947693, 0.4421357214450836], "val_loss": [25.893123626708984, 14.383227348327637, 9.83806037902832, 7.243460178375244, 5.482955455780029, 4.2454023361206055, 3.374055862426758, 2.7713634967803955, 2.3609490394592285, 2.084557056427002, 1.898164987564087, 1.7745954990386963, 1.6934044361114502, 1.640816330909729, 1.6062523126602173, 1.5817116498947144, 1.5674437284469604, 1.558488130569458, 1.551599144935608, 1.5441663265228271, 1.5415371656417847, 1.5435842275619507, 1.542060375213623, 1.5374703407287598, 1.5408371686935425, 1.5350617170333862, 1.537103295326233, 1.5343035459518433, 1.534272313117981, 1.5340441465377808, 1.5314157009124756, 1.531517744064331, 1.5312060117721558, 1.5319761037826538, 1.5308362245559692, 1.530800461769104, 1.5331909656524658, 1.5327050685882568, 1.5334824323654175, 1.5347883701324463, 1.5440119504928589, 1.546834945678711, 1.5481928586959839, 1.5515865087509155, 1.5537973642349243], "val_accuracy": [0.20820312201976776, 0.21357421576976776, 0.24785156548023224, 0.2978515625, 0.33330076932907104, 0.35371094942092896, 0.35966795682907104, 0.36474609375, 0.36835938692092896, 0.37060546875, 0.376953125, 0.38037109375, 0.3858398497104645, 0.38994139432907104, 0.3900390565395355, 0.3944335877895355, 0.39531248807907104, 0.39453125, 0.39453125, 0.39863282442092896, 0.3968749940395355, 0.3912109434604645, 0.3912109434604645, 0.3924804627895355, 0.38847655057907104, 0.39619141817092896, 0.39091795682907104, 0.3936523497104645, 0.39619141817092896, 0.39501953125, 0.39765626192092896, 0.39570313692092896, 0.39873045682907104, 0.3935546875, 0.3974609375, 0.39775389432907104, 0.39453125, 0.39716798067092896, 0.39677733182907104, 0.39765626192092896, 0.3924804627895355, 0.3916015625, 0.39306640625, 0.3907226622104645, 0.39140623807907104]}