{"loss": [12.705100059509277, 8.813355445861816, 6.243908405303955, 4.560765266418457, 3.403679609298706, 2.716984987258911, 2.281142234802246, 1.996354103088379, 1.8104345798492432, 1.6739816665649414, 1.5782698392868042, 1.5031254291534424, 1.4193124771118164, 1.3748970031738281, 1.3373161554336548, 1.2210735082626343, 1.1504391431808472, 1.1311463117599487, 1.047857403755188, 0.942646324634552, 1.04063081741333, 0.9893221855163574, 0.9561404585838318, 0.9113343954086304], "accuracy": [0.20333679020404816, 0.20710185170173645, 0.21296122670173645, 0.23425734043121338, 0.31033509969711304, 0.34455007314682007, 0.3703407347202301, 0.39267224073410034, 0.40665003657341003, 0.42646366357803345, 0.4417121708393097, 0.4609139561653137, 0.4911050498485565, 0.5025649666786194, 0.5107304453849792, 0.5698889493942261, 0.6018683910369873, 0.6041509509086609, 0.6451665759086609, 0.6927240490913391, 0.6456137299537659, 0.6740869879722595, 0.6871941089630127, 0.7001364827156067], "val_loss": [10.477274894714355, 7.329497337341309, 5.281335830688477, 3.937974214553833, 3.0239243507385254, 2.4753003120422363, 2.125265121459961, 1.9079784154891968, 1.7738670110702515, 1.6840293407440186, 1.6367318630218506, 1.6082273721694946, 1.6005868911743164, 1.5990878343582153, 1.6450300216674805, 1.7225271463394165, 1.8430500030517578, 1.8631961345672607, 1.997581124305725, 2.184845447540283, 2.143939733505249, 2.1931278705596924, 2.144406318664551, 2.205148458480835], "val_accuracy": [0.20781250298023224, 0.20781250298023224, 0.21279296278953552, 0.24960938096046448, 0.3414062559604645, 0.3580078184604645, 0.3716796934604645, 0.3837890625, 0.38652342557907104, 0.3968749940395355, 0.39404296875, 0.39990234375, 0.3974609375, 0.3951171934604645, 0.3895507752895355, 0.3848632872104645, 0.37421876192092896, 0.3702148497104645, 0.3631835877895355, 0.3539062440395355, 0.3516601622104645, 0.3599609434604645, 0.34394532442092896, 0.34716796875]}