{"loss": [12.921446800231934, 8.967710494995117, 6.303365230560303, 4.622284412384033, 3.5543129444122314, 2.872730255126953, 2.4367918968200684, 2.157696008682251, 1.9765536785125732, 1.8568687438964844, 1.7758185863494873, 1.7227411270141602, 1.683587908744812, 1.656524896621704, 1.6373614072799683, 1.6226383447647095, 1.6104966402053833, 1.600090503692627, 1.5891509056091309, 1.5809763669967651, 1.5714389085769653, 1.5635112524032593, 1.5567762851715088, 1.547566294670105, 1.5382190942764282, 1.5298811197280884, 1.515730857849121, 1.508286952972412, 1.4965969324111938, 1.4788787364959717, 1.464560866355896], "accuracy": [0.19954819977283478, 0.22157379984855652, 0.2672486901283264, 0.28294429183006287, 0.28779178857803345, 0.29438063502311707, 0.2979574501514435, 0.3049934208393097, 0.3073936402797699, 0.3130882978439331, 0.31932416558265686, 0.32384225726127625, 0.330078125, 0.33149001002311707, 0.33499622344970703, 0.34069088101387024, 0.3452089726924896, 0.3460090458393097, 0.35375094413757324, 0.35871610045433044, 0.36422252655029297, 0.3649519979953766, 0.3743646442890167, 0.3773767054080963, 0.38502445816993713, 0.38886013627052307, 0.39973172545433044, 0.4041556715965271, 0.4124388098716736, 0.4217102825641632, 0.4311699867248535], "val_loss": [10.67669677734375, 7.462215423583984, 5.358053684234619, 4.017579078674316, 3.1617166996002197, 2.615222454071045, 2.2708168029785156, 2.0489840507507324, 1.9047060012817383, 1.8077576160430908, 1.7439289093017578, 1.7001454830169678, 1.6727482080459595, 1.6558067798614502, 1.6405439376831055, 1.6297767162322998, 1.622531533241272, 1.6165621280670166, 1.61105477809906, 1.6074117422103882, 1.6053301095962524, 1.6076233386993408, 1.6112676858901978, 1.6136443614959717, 1.622380018234253, 1.6233742237091064, 1.6326706409454346, 1.6411720514297485, 1.6421970129013062, 1.6519052982330322, 1.6625028848648071], "val_accuracy": [0.21455077826976776, 0.23994140326976776, 0.28095704317092896, 0.2901367247104645, 0.2967773377895355, 0.30000001192092896, 0.30419921875, 0.3075195252895355, 0.3140625059604645, 0.31962889432907104, 0.3257812559604645, 0.3294921815395355, 0.3291015625, 0.3309570252895355, 0.3335937559604645, 0.33613282442092896, 0.34003907442092896, 0.341796875, 0.3458007872104645, 0.34833985567092896, 0.34833985567092896, 0.3428710997104645, 0.34345704317092896, 0.34375, 0.3408203125, 0.3453125059604645, 0.34296876192092896, 0.3387695252895355, 0.3407226502895355, 0.3404296934604645, 0.34160155057907104]}