{"loss": [12.265597343444824, 6.686394691467285, 4.58616304397583, 3.5940515995025635, 3.005659818649292, 2.6091136932373047, 2.3308563232421875, 2.131145715713501, 1.9879000186920166, 1.8861660957336426, 1.8139513731002808, 1.7609829902648926, 1.7233736515045166, 1.6977360248565674, 1.6775363683700562, 1.6631940603256226, 1.6535212993621826, 1.644583821296692, 1.6387711763381958, 1.6333973407745361, 1.6280828714370728, 1.6240780353546143, 1.6200326681137085, 1.6188082695007324, 1.6158132553100586, 1.614648461341858, 1.6120930910110474, 1.607479214668274, 1.6085923910140991, 1.6052266359329224, 1.603547215461731], "accuracy": [0.22178557515144348, 0.2719079554080963, 0.2880271077156067, 0.29527485370635986, 0.30266377329826355, 0.30866435170173645, 0.3119352459907532, 0.3143354654312134, 0.31600621342658997, 0.3197477459907532, 0.319700688123703, 0.3221009075641632, 0.32621893286705017, 0.3284309208393097, 0.33240774273872375, 0.3327372074127197, 0.3344550132751465, 0.3355139195919037, 0.3383142054080963, 0.3397260904312134, 0.34290286898612976, 0.3471620976924896, 0.3481268882751465, 0.3505035638809204, 0.35316264629364014, 0.3559629023075104, 0.3579160273075104, 0.3625282347202301, 0.36457547545433044, 0.36744633316993713, 0.3726232945919037], "val_loss": [8.546937942504883, 5.345582008361816, 3.9843623638153076, 3.2434258460998535, 2.765599489212036, 2.437443971633911, 2.204603433609009, 2.03944993019104, 1.9207931756973267, 1.8390257358551025, 1.7779076099395752, 1.736908197402954, 1.7071247100830078, 1.6878511905670166, 1.672605276107788, 1.662984848022461, 1.6557962894439697, 1.6495025157928467, 1.6470792293548584, 1.6432170867919922, 1.642696738243103, 1.6439712047576904, 1.645263910293579, 1.6461375951766968, 1.649553656578064, 1.6519752740859985, 1.6565946340560913, 1.6629931926727295, 1.666590929031372, 1.6765305995941162, 1.6829315423965454], "val_accuracy": [0.24169921875, 0.2950195372104645, 0.30546873807907104, 0.306640625, 0.3148437440395355, 0.31816405057907104, 0.31855469942092896, 0.3212890625, 0.31982421875, 0.32001954317092896, 0.32402342557907104, 0.3255859315395355, 0.32548826932907104, 0.32548826932907104, 0.3290039002895355, 0.3296875059604645, 0.3275390565395355, 0.32695311307907104, 0.3267578184604645, 0.32958984375, 0.33476561307907104, 0.3301757872104645, 0.3280273377895355, 0.3301757872104645, 0.33447265625, 0.3331054747104645, 0.33378905057907104, 0.33085936307907104, 0.3291992247104645, 0.32666015625, 0.32499998807907104]}