{"loss": [12.29988956451416, 6.623136043548584, 4.506086826324463, 3.5318453311920166, 2.9568493366241455, 2.5682454109191895, 2.293558359146118, 2.0999717712402344, 1.9621813297271729, 1.8624999523162842, 1.7925446033477783, 1.7429934740066528, 1.7064443826675415, 1.6788252592086792, 1.65792977809906, 1.6434648036956787, 1.6317096948623657, 1.621650218963623, 1.6152522563934326, 1.609700083732605, 1.603241205215454, 1.5985829830169678, 1.5940111875534058, 1.589587688446045, 1.5859575271606445, 1.5813452005386353, 1.577165126800537, 1.5723934173583984, 1.568698525428772, 1.5627695322036743, 1.5586069822311401], "accuracy": [0.20576053857803345, 0.26256588101387024, 0.28986257314682007, 0.30233433842658997, 0.3074171543121338, 0.31198230385780334, 0.31753575801849365, 0.32327747344970703, 0.32697194814682007, 0.3309723138809204, 0.33374905586242676, 0.33647873997688293, 0.34174981713294983, 0.3443147540092468, 0.34579724073410034, 0.3494446575641632, 0.3544333577156067, 0.35688063502311707, 0.36038684844970703, 0.3616105020046234, 0.36457547545433044, 0.3686464726924896, 0.37339985370635986, 0.3746705651283264, 0.38020047545433044, 0.38544803857803345, 0.3910485804080963, 0.39217808842658997, 0.39928463101387024, 0.40213197469711304, 0.40721479058265686], "val_loss": [8.556474685668945, 5.300100326538086, 3.942892551422119, 3.2091128826141357, 2.730956554412842, 2.4043476581573486, 2.175185203552246, 2.0153603553771973, 1.9049352407455444, 1.8235563039779663, 1.7670961618423462, 1.7296359539031982, 1.696523666381836, 1.6765722036361694, 1.6649872064590454, 1.6509215831756592, 1.6479495763778687, 1.636592149734497, 1.63735830783844, 1.633554458618164, 1.6313263177871704, 1.633278250694275, 1.6388309001922607, 1.6431125402450562, 1.6431680917739868, 1.6533863544464111, 1.6528921127319336, 1.6569452285766602, 1.668602705001831, 1.6720218658447266, 1.6866767406463623], "val_accuracy": [0.21220703423023224, 0.2626953125, 0.2940429747104645, 0.30302733182907104, 0.31591796875, 0.3218750059604645, 0.3226562440395355, 0.32978516817092896, 0.32841795682907104, 0.32783204317092896, 0.32958984375, 0.3294921815395355, 0.3349609375, 0.33710938692092896, 0.341796875, 0.34394532442092896, 0.34404295682907104, 0.3490234315395355, 0.35087889432907104, 0.3516601622104645, 0.3509765565395355, 0.34990233182907104, 0.34794920682907104, 0.34785157442092896, 0.34843748807907104, 0.34746092557907104, 0.3487304747104645, 0.3453125059604645, 0.34687501192092896, 0.34785157442092896, 0.34296876192092896]}