{"loss": [12.9066162109375, 8.94775104522705, 6.274446487426758, 4.588513374328613, 3.52789044380188, 2.8528664112091064, 2.424572229385376, 2.149332046508789, 1.968528151512146, 1.8508836030960083, 1.771507740020752, 1.7153191566467285, 1.6791460514068604, 1.6518648862838745, 1.6303054094314575, 1.614673137664795, 1.6025872230529785, 1.5910234451293945, 1.580915093421936, 1.571241021156311, 1.5618770122528076, 1.5496386289596558, 1.5439603328704834, 1.5316147804260254, 1.520972728729248, 1.5079448223114014, 1.4955501556396484, 1.4805654287338257, 1.464057445526123, 1.4482203722000122, 1.4261906147003174], "accuracy": [0.19879518449306488, 0.2122787982225418, 0.26117751002311707, 0.2806146442890167, 0.2897684574127197, 0.29694560170173645, 0.3003341555595398, 0.3083113729953766, 0.3110410273075104, 0.3178887367248535, 0.3225715458393097, 0.33076053857803345, 0.32998400926589966, 0.33692583441734314, 0.34189099073410034, 0.3452560305595398, 0.3509977459907532, 0.3556334674358368, 0.3596573770046234, 0.36518731713294983, 0.3725527226924896, 0.3765295445919037, 0.382200688123703, 0.3902955651283264, 0.3982962965965271, 0.4059676229953766, 0.4131918251514435, 0.4245811402797699, 0.4342997074127197, 0.44521838426589966, 0.45576053857803345], "val_loss": [10.648391723632812, 7.4413323402404785, 5.31939697265625, 3.9865849018096924, 3.1386570930480957, 2.6003737449645996, 2.259195327758789, 2.0398881435394287, 1.8961769342422485, 1.8014360666275024, 1.740077257156372, 1.6985292434692383, 1.6678617000579834, 1.650415062904358, 1.6356899738311768, 1.6262836456298828, 1.6192266941070557, 1.6147798299789429, 1.6105073690414429, 1.6081445217132568, 1.606889009475708, 1.6088758707046509, 1.6177852153778076, 1.6260430812835693, 1.6261848211288452, 1.6288127899169922, 1.6410576105117798, 1.653302788734436, 1.6659681797027588, 1.6778711080551147, 1.7020435333251953], "val_accuracy": [0.21445313096046448, 0.22519531846046448, 0.2911132872104645, 0.30195313692092896, 0.3038085997104645, 0.3077148497104645, 0.30986326932907104, 0.3130859434604645, 0.32080078125, 0.3267578184604645, 0.3285156190395355, 0.33076173067092896, 0.3369140625, 0.33623045682907104, 0.33916014432907104, 0.34130859375, 0.3433593809604645, 0.3441406190395355, 0.34794920682907104, 0.3497070372104645, 0.3477539122104645, 0.34814453125, 0.34355467557907104, 0.3412109315395355, 0.3456054627895355, 0.34599608182907104, 0.3438476622104645, 0.3416992127895355, 0.34199219942092896, 0.34111326932907104, 0.3407226502895355]}