{"loss": [12.453672409057617, 6.795844554901123, 4.564301013946533, 3.4740452766418457, 2.889430284500122, 2.5043885707855225, 2.2387471199035645, 2.0498037338256836, 1.9169673919677734, 1.8204702138900757, 1.7533856630325317, 1.7043341398239136, 1.662869930267334, 1.6351697444915771, 1.608978271484375, 1.5947736501693726, 1.574798822402954, 1.565402626991272, 1.552575945854187, 1.5408804416656494, 1.5351663827896118, 1.525961995124817, 1.5183424949645996, 1.5085431337356567, 1.502311110496521, 1.5004154443740845, 1.4888211488723755, 1.4838610887527466, 1.4783496856689453, 1.4685583114624023, 1.460915446281433, 1.4499926567077637, 1.4410079717636108], "accuracy": [0.19921875, 0.2058076113462448, 0.2262565940618515, 0.2837914228439331, 0.2992517054080963, 0.3088996708393097, 0.317747563123703, 0.3248541057109833, 0.32941922545433044, 0.3386436402797699, 0.3476797938346863, 0.3530920445919037, 0.3638460040092468, 0.36968186497688293, 0.3807181715965271, 0.3797769248485565, 0.3943900465965271, 0.3960372805595398, 0.40272024273872375, 0.4098503291606903, 0.41262707114219666, 0.41759225726127625, 0.42135730385780334, 0.4291933476924896, 0.43291133642196655, 0.4367705285549164, 0.44150036573410034, 0.44719502329826355, 0.4531485438346863, 0.4583490192890167, 0.4632200598716736, 0.47032663226127625, 0.4765389561653137], "val_loss": [8.726806640625, 5.357950210571289, 3.9378714561462402, 3.1825356483459473, 2.7045249938964844, 2.3668293952941895, 2.13112473487854, 1.969008207321167, 1.8615086078643799, 1.7810052633285522, 1.7272840738296509, 1.6871811151504517, 1.6473238468170166, 1.6253888607025146, 1.6067873239517212, 1.6002247333526611, 1.5836464166641235, 1.5789539813995361, 1.5745418071746826, 1.5717815160751343, 1.5714795589447021, 1.5697579383850098, 1.5687836408615112, 1.572912335395813, 1.5770241022109985, 1.5729589462280273, 1.578450083732605, 1.5841007232666016, 1.5854690074920654, 1.5899168252944946, 1.596956729888916, 1.6045011281967163, 1.6171150207519531], "val_accuracy": [0.20908203721046448, 0.21220703423023224, 0.2451171875, 0.2823242247104645, 0.302734375, 0.3160156309604645, 0.3246093690395355, 0.33349609375, 0.3375000059604645, 0.341796875, 0.34208983182907104, 0.3467773497104645, 0.3671875, 0.37031251192092896, 0.38203126192092896, 0.38066405057907104, 0.3896484375, 0.38798826932907104, 0.3910156190395355, 0.39306640625, 0.39375001192092896, 0.39472657442092896, 0.3949218690395355, 0.3946289122104645, 0.3924804627895355, 0.39580076932907104, 0.39423829317092896, 0.3936523497104645, 0.3951171934604645, 0.39775389432907104, 0.3968749940395355, 0.39697265625, 0.3934570252895355]}