{"loss": [8.63454532623291, 4.662671089172363, 2.813107490539551, 2.0746238231658936, 1.789979338645935, 1.663077473640442, 1.601022720336914, 1.5534518957138062, 1.5214866399765015, 1.4859886169433594, 1.459370732307434, 1.432058334350586, 1.4184373617172241, 1.3814913034439087, 1.3437021970748901, 1.3081594705581665, 1.2744897603988647, 1.2449196577072144, 1.2262004613876343, 1.1820847988128662, 1.1281418800354004, 1.0410555601119995], "accuracy": [0.20486633479595184, 0.2190323770046234, 0.27734375, 0.3165474534034729, 0.33424320816993713, 0.3556099534034729, 0.36979952454566956, 0.38982492685317993, 0.4038027226924896, 0.41999247670173645, 0.4353821575641632, 0.45227786898612976, 0.4583960771560669, 0.47891566157341003, 0.5032944083213806, 0.5206607580184937, 0.5435099601745605, 0.5600292086601257, 0.5714420080184937, 0.5946677327156067, 0.6246941089630127, 0.6692630052566528], "val_loss": [6.146190643310547, 3.5210704803466797, 2.4109995365142822, 1.9626436233520508, 1.7623465061187744, 1.6669089794158936, 1.5998700857162476, 1.5576053857803345, 1.5447968244552612, 1.5395935773849487, 1.5470253229141235, 1.5371863842010498, 1.5398766994476318, 1.5542012453079224, 1.588616132736206, 1.6121991872787476, 1.6173183917999268, 1.650712013244629, 1.7017602920532227, 1.796932578086853, 1.8159593343734741, 1.874044418334961], "val_accuracy": [0.20839843153953552, 0.21826171875, 0.25439453125, 0.3133789002895355, 0.34306639432907104, 0.34599608182907104, 0.3662109375, 0.3827148377895355, 0.3902343809604645, 0.39472657442092896, 0.39208984375, 0.3998046815395355, 0.39765626192092896, 0.3980468809604645, 0.38554686307907104, 0.3861328065395355, 0.39208984375, 0.3877929747104645, 0.3753906190395355, 0.35576170682907104, 0.36054688692092896, 0.3580078184604645]}