{"loss": [9.206124305725098, 7.195693492889404, 5.6774492263793945, 4.57954740524292, 3.7709920406341553, 3.170956611633301, 2.731534481048584, 2.4137322902679443, 2.1828248500823975, 2.0165133476257324, 1.9002413749694824, 1.8175146579742432, 1.7581108808517456, 1.718529224395752, 1.689574122428894, 1.6696674823760986, 1.6555613279342651, 1.6446231603622437, 1.6360650062561035, 1.63003671169281, 1.625942349433899, 1.6205674409866333, 1.6164780855178833, 1.6137027740478516, 1.6093186140060425, 1.6032512187957764, 1.60057532787323, 1.5957916975021362, 1.5925390720367432, 1.5878065824508667, 1.5819674730300903, 1.5773413181304932, 1.5715293884277344, 1.5643974542617798], "accuracy": [0.19573606550693512, 0.2325865924358368, 0.26736634969711304, 0.28221479058265686, 0.28534451127052307, 0.293580561876297, 0.2947806715965271, 0.2974397540092468, 0.29951053857803345, 0.30144014954566956, 0.30144014954566956, 0.3027108311653137, 0.3051345944404602, 0.30624058842658997, 0.3058640956878662, 0.3069465458393097, 0.30960559844970703, 0.30939382314682007, 0.31078219413757324, 0.31245294213294983, 0.31468844413757324, 0.3145707845687866, 0.3164297938346863, 0.31737104058265686, 0.3180299401283264, 0.32327747344970703, 0.3219832479953766, 0.32266566157341003, 0.32652485370635986, 0.33028990030288696, 0.33137235045433044, 0.3354668617248535, 0.34153804183006287, 0.3448324501514435], "val_loss": [8.111172676086426, 6.360727787017822, 5.077073097229004, 4.1256585121154785, 3.427346706390381, 2.9134576320648193, 2.5412683486938477, 2.272547483444214, 2.0803513526916504, 1.9428253173828125, 1.8466224670410156, 1.7800830602645874, 1.732887625694275, 1.7008283138275146, 1.6783654689788818, 1.6635662317276, 1.652197241783142, 1.6459051370620728, 1.6395561695098877, 1.6363677978515625, 1.6332327127456665, 1.631801962852478, 1.6302568912506104, 1.6295967102050781, 1.6300395727157593, 1.6318747997283936, 1.6332610845565796, 1.6367164850234985, 1.6372244358062744, 1.6363646984100342, 1.6395788192749023, 1.6449306011199951, 1.6507108211517334, 1.6593745946884155], "val_accuracy": [0.2177734375, 0.25146484375, 0.2874999940395355, 0.30058592557907104, 0.3013671934604645, 0.3018554747104645, 0.30439454317092896, 0.3075195252895355, 0.3084960877895355, 0.3094726502895355, 0.30878907442092896, 0.30937498807907104, 0.3080078065395355, 0.3077148497104645, 0.30888670682907104, 0.30859375, 0.3095703125, 0.3075195252895355, 0.3072265684604645, 0.3060546815395355, 0.3056640625, 0.30195313692092896, 0.30322265625, 0.3018554747104645, 0.3021484315395355, 0.3003906309604645, 0.2998046875, 0.29902344942092896, 0.2989257872104645, 0.2987304627895355, 0.2994140684604645, 0.2972656190395355, 0.2958007752895355, 0.29218751192092896]}