{"loss": [11.931253433227539, 6.515900611877441, 4.5244340896606445, 3.5757031440734863, 3.0017974376678467, 2.6100354194641113, 2.331035852432251, 2.133714199066162, 1.992362380027771, 1.8914076089859009, 1.819366216659546, 1.7695640325546265, 1.736324667930603, 1.7092678546905518, 1.693339467048645, 1.6787540912628174, 1.670854091644287, 1.662792682647705, 1.6587592363357544, 1.655311107635498, 1.651545524597168, 1.6482510566711426, 1.6469513177871704, 1.644649863243103, 1.6426546573638916, 1.6411265134811401, 1.6402075290679932, 1.6395100355148315, 1.6388318538665771, 1.6377325057983398, 1.6363532543182373, 1.6353464126586914, 1.6342397928237915, 1.634873390197754, 1.633776068687439, 1.634153962135315, 1.632676601409912, 1.6318668127059937, 1.6331909894943237, 1.6310924291610718, 1.631408929824829, 1.6309218406677246, 1.6303188800811768, 1.6295613050460815, 1.6286258697509766, 1.6291816234588623, 1.627258062362671], "accuracy": [0.2537885904312134, 0.27604952454566956, 0.2824265956878662, 0.2884271442890167, 0.2926863729953766, 0.29318052530288696, 0.29527485370635986, 0.2947806715965271, 0.29572194814682007, 0.30113422870635986, 0.29781627655029297, 0.3016989827156067, 0.3001929521560669, 0.30369916558265686, 0.30099302530288696, 0.3045698404312134, 0.3014872074127197, 0.30689945816993713, 0.3047110438346863, 0.30341678857803345, 0.3039109706878662, 0.306028813123703, 0.306028813123703, 0.3054405152797699, 0.3060523271560669, 0.30654650926589966, 0.30645236372947693, 0.3062170445919037, 0.30838197469711304, 0.3059346675872803, 0.3090173304080963, 0.3090173304080963, 0.3104056715965271, 0.30899378657341003, 0.31078219413757324, 0.30854669213294983, 0.30835843086242676, 0.31226468086242676, 0.30960559844970703, 0.3117940425872803, 0.31377071142196655, 0.31153520941734314, 0.3091820478439331, 0.3139589726924896, 0.3111116290092468, 0.3129235804080963, 0.31737104058265686], "val_loss": [8.256059646606445, 5.210522651672363, 3.936354398727417, 3.2269415855407715, 2.7620158195495605, 2.4365932941436768, 2.204357624053955, 2.0378329753875732, 1.9199873208999634, 1.8376209735870361, 1.778127908706665, 1.737038254737854, 1.7080543041229248, 1.687695860862732, 1.673921823501587, 1.6621944904327393, 1.6558135747909546, 1.6500200033187866, 1.644584059715271, 1.6418167352676392, 1.6390002965927124, 1.6377500295639038, 1.6362364292144775, 1.6346410512924194, 1.6328468322753906, 1.6317707300186157, 1.6311028003692627, 1.6306180953979492, 1.6304823160171509, 1.629776954650879, 1.6300376653671265, 1.6287133693695068, 1.6287389993667603, 1.6290239095687866, 1.6290638446807861, 1.6283814907073975, 1.6278711557388306, 1.6285009384155273, 1.6282771825790405, 1.6285505294799805, 1.6291834115982056, 1.6288913488388062, 1.62838876247406, 1.6298748254776, 1.629276990890503, 1.6295206546783447, 1.6300652027130127], "val_accuracy": [0.2874999940395355, 0.2978515625, 0.3031249940395355, 0.3076171875, 0.30585938692092896, 0.30595701932907104, 0.30644530057907104, 0.3114257752895355, 0.3154296875, 0.3084960877895355, 0.31367188692092896, 0.31591796875, 0.31611329317092896, 0.31660157442092896, 0.31611329317092896, 0.31513673067092896, 0.31914061307907104, 0.3150390684604645, 0.3194335997104645, 0.3165039122104645, 0.3172851502895355, 0.31660157442092896, 0.3194335997104645, 0.3187499940395355, 0.31718748807907104, 0.31787109375, 0.3192382752895355, 0.31816405057907104, 0.31816405057907104, 0.3189453184604645, 0.31757813692092896, 0.31855469942092896, 0.31611329317092896, 0.3174804747104645, 0.31621092557907104, 0.31855469942092896, 0.3167968690395355, 0.3160156309604645, 0.31914061307907104, 0.31718748807907104, 0.31621092557907104, 0.31787109375, 0.31689453125, 0.31621092557907104, 0.32099610567092896, 0.31611329317092896, 0.31767576932907104]}