{"loss": [21.033323287963867, 10.004706382751465, 6.468647480010986, 4.701413154602051, 3.632802724838257, 2.925593852996826, 2.4536378383636475, 2.1363565921783447, 1.9219812154769897, 1.7816755771636963, 1.6889950037002563, 1.6285027265548706, 1.5859344005584717, 1.5593122243881226, 1.5387150049209595, 1.5245342254638672, 1.510532259941101, 1.499171495437622, 1.491575002670288, 1.4855611324310303, 1.4793167114257812, 1.47323477268219, 1.467365026473999, 1.4632052183151245, 1.4603310823440552, 1.4558602571487427, 1.4506345987319946, 1.4466311931610107, 1.4442188739776611, 1.4410364627838135, 1.4337246417999268, 1.4301484823226929, 1.4241749048233032, 1.41816246509552, 1.4140408039093018, 1.4047527313232422, 1.4007205963134766, 1.3951807022094727, 1.3787295818328857, 1.372705340385437, 1.3628835678100586, 1.350325107574463], "accuracy": [0.240234375, 0.27291804552078247, 0.2994930148124695, 0.35983210802078247, 0.3796958029270172, 0.3857629597187042, 0.3903133273124695, 0.3908120095729828, 0.394946813583374, 0.3965674936771393, 0.40180352330207825, 0.4032164216041565, 0.40689411759376526, 0.408410906791687, 0.4095536768436432, 0.41383394598960876, 0.41898685693740845, 0.42143866419792175, 0.4258643686771393, 0.42943817377090454, 0.4299575984477997, 0.43342751264572144, 0.4392661154270172, 0.4397440254688263, 0.43978556990623474, 0.44117769598960876, 0.44751495122909546, 0.44674617052078247, 0.44921875, 0.45152509212493896, 0.4548080265522003, 0.4567611515522003, 0.4608336091041565, 0.46598654985427856, 0.4683760106563568, 0.472864031791687, 0.4771650731563568, 0.48042720556259155, 0.4899434745311737, 0.4948470890522003, 0.5020154714584351, 0.5100772976875305], "val_loss": [13.253082275390625, 7.69765567779541, 5.4646687507629395, 4.128646373748779, 3.253298282623291, 2.6635544300079346, 2.276221990585327, 2.0188770294189453, 1.8351433277130127, 1.725136637687683, 1.6576423645019531, 1.6031694412231445, 1.5714882612228394, 1.5566424131393433, 1.536879301071167, 1.5212420225143433, 1.5144766569137573, 1.5082389116287231, 1.504077434539795, 1.4947595596313477, 1.4995558261871338, 1.494126319885254, 1.496699333190918, 1.50094473361969, 1.4928263425827026, 1.4930258989334106, 1.4919509887695312, 1.496212124824524, 1.4945018291473389, 1.492551565170288, 1.49725341796875, 1.4890360832214355, 1.4901946783065796, 1.4937753677368164, 1.498692512512207, 1.5013927221298218, 1.507430076599121, 1.5095516443252563, 1.5170013904571533, 1.524401068687439, 1.5338749885559082, 1.5432442426681519], "val_accuracy": [0.26783287525177, 0.27700406312942505, 0.31046196818351746, 0.35988450050354004, 0.38315218687057495, 0.39427649974823, 0.39283287525177, 0.39223843812942505, 0.3966542184352875, 0.39818274974823, 0.397333562374115, 0.40234375, 0.40242865681648254, 0.40327784419059753, 0.4066745936870575, 0.41355299949645996, 0.4153362810611725, 0.41610053181648254, 0.414911687374115, 0.42263928055763245, 0.4153362810611725, 0.4177989065647125, 0.41771399974823, 0.41465693712234497, 0.41788384318351746, 0.419072687625885, 0.41856318712234497, 0.41788384318351746, 0.419921875, 0.42221468687057495, 0.4172894060611725, 0.42552649974823, 0.4256114065647125, 0.424932062625885, 0.42459240555763245, 0.42289403080940247, 0.42017662525177, 0.42246943712234497, 0.42280909419059753, 0.42331862449645996, 0.41830843687057495, 0.41915759444236755]}