{"loss": [12.612648963928223, 6.971789836883545, 4.689201354980469, 3.5716640949249268, 2.92034912109375, 2.5249791145324707, 2.2521402835845947, 2.0608584880828857, 1.9266237020492554, 1.830466628074646, 1.7617727518081665, 1.7107235193252563, 1.675281047821045, 1.6468141078948975, 1.6216166019439697, 1.6008447408676147, 1.5834218263626099, 1.5703678131103516, 1.5592268705368042, 1.550464153289795, 1.5436395406723022, 1.5362898111343384, 1.52703857421875, 1.519643783569336, 1.5135170221328735, 1.5095714330673218, 1.5029454231262207, 1.4955607652664185, 1.494112253189087, 1.4840784072875977, 1.479612946510315, 1.4703378677368164, 1.4674042463302612, 1.457173466682434], "accuracy": [0.19702744483947754, 0.2041730135679245, 0.20953220129013062, 0.256693035364151, 0.29580315947532654, 0.304830402135849, 0.3131192922592163, 0.3220750689506531, 0.32405200600624084, 0.330221027135849, 0.3369140625, 0.34294018149375916, 0.35151487588882446, 0.3588986396789551, 0.36861661076545715, 0.37819167971611023, 0.38286012411117554, 0.3912681043148041, 0.39665111899375916, 0.4010813534259796, 0.40167683362960815, 0.41010862588882446, 0.4157297909259796, 0.41715893149375916, 0.42275628447532654, 0.42706745862960815, 0.4284251034259796, 0.43314120173454285, 0.4349752366542816, 0.44109660387039185, 0.44981420040130615, 0.451171875, 0.4546017646789551, 0.46300971508026123], "val_loss": [8.940533638000488, 5.495265960693359, 4.0503764152526855, 3.2393271923065186, 2.751986026763916, 2.402043581008911, 2.1647205352783203, 1.9862064123153687, 1.8694655895233154, 1.7931511402130127, 1.7413030862808228, 1.6897478103637695, 1.661794662475586, 1.6361840963363647, 1.6205412149429321, 1.6020647287368774, 1.5931339263916016, 1.588367223739624, 1.5780905485153198, 1.5732427835464478, 1.5711053609848022, 1.5708633661270142, 1.5670678615570068, 1.5656979084014893, 1.571990728378296, 1.5717265605926514, 1.5716394186019897, 1.5823795795440674, 1.5761044025421143, 1.5765657424926758, 1.5851057767868042, 1.5876232385635376, 1.58601713180542, 1.5944517850875854], "val_accuracy": [0.21318359673023224, 0.21376952528953552, 0.21357421576976776, 0.2578125, 0.27490234375, 0.2974609434604645, 0.30781251192092896, 0.32158201932907104, 0.3310546875, 0.33251953125, 0.33349609375, 0.3462890684604645, 0.3490234315395355, 0.3619140684604645, 0.3670898377895355, 0.3750976622104645, 0.38056641817092896, 0.3804687559604645, 0.3868164122104645, 0.38896483182907104, 0.3905273377895355, 0.3875976502895355, 0.3916015625, 0.39033204317092896, 0.3877929747104645, 0.3892578184604645, 0.3897460997104645, 0.38749998807907104, 0.3876953125, 0.3912109434604645, 0.39208984375, 0.39375001192092896, 0.3941406309604645, 0.3935546875]}