{"loss": [9.193751335144043, 7.194025039672852, 5.654594898223877, 4.553060531616211, 3.7448601722717285, 3.148940086364746, 2.713890790939331, 2.3984386920928955, 2.170570135116577, 2.0081989765167236, 1.8928452730178833, 1.8123319149017334, 1.7538669109344482, 1.7157800197601318, 1.6875956058502197, 1.6675617694854736, 1.6544151306152344, 1.6435829401016235, 1.6351521015167236, 1.629058599472046, 1.6234763860702515, 1.6200062036514282, 1.6161243915557861, 1.6116443872451782, 1.607574462890625, 1.6040215492248535, 1.5981886386871338, 1.5930694341659546, 1.5891330242156982, 1.5828237533569336, 1.5773967504501343, 1.570931077003479, 1.5644854307174683, 1.5571855306625366], "accuracy": [0.19648908078670502, 0.22058546543121338, 0.26237764954566956, 0.28099116683006287, 0.2851797938346863, 0.2902861535549164, 0.29303935170173645, 0.2947806715965271, 0.2965690791606903, 0.2991340458393097, 0.3012518882751465, 0.30158132314682007, 0.3052757978439331, 0.3078172206878662, 0.30598172545433044, 0.3097938597202301, 0.30805251002311707, 0.30972325801849365, 0.3107115924358368, 0.3139589726924896, 0.3143119215965271, 0.31725338101387024, 0.31407663226127625, 0.3197242021560669, 0.3165239095687866, 0.3219597041606903, 0.32516002655029297, 0.32577183842658997, 0.3287603557109833, 0.33017224073410034, 0.337278813123703, 0.33974963426589966, 0.34393826127052307, 0.34850338101387024], "val_loss": [8.097092628479004, 6.348394393920898, 5.046850204467773, 4.097771167755127, 3.4015560150146484, 2.892451524734497, 2.5234854221343994, 2.257568120956421, 2.0681164264678955, 1.9330604076385498, 1.8390281200408936, 1.7732919454574585, 1.7279285192489624, 1.6968028545379639, 1.6767295598983765, 1.6615207195281982, 1.6513054370880127, 1.6439695358276367, 1.6385128498077393, 1.6352949142456055, 1.632629156112671, 1.6314399242401123, 1.6306318044662476, 1.6297519207000732, 1.630200743675232, 1.6322600841522217, 1.6349691152572632, 1.6397740840911865, 1.6415411233901978, 1.6417057514190674, 1.6454617977142334, 1.6525020599365234, 1.6598011255264282, 1.6709277629852295], "val_accuracy": [0.2177734375, 0.24794921278953552, 0.28632813692092896, 0.29570311307907104, 0.30449217557907104, 0.30351561307907104, 0.3023437559604645, 0.30322265625, 0.3013671934604645, 0.30488282442092896, 0.30205076932907104, 0.30498045682907104, 0.3060546815395355, 0.3052734434604645, 0.3045898377895355, 0.30537110567092896, 0.3042968809604645, 0.3052734434604645, 0.30537110567092896, 0.30439454317092896, 0.3070312440395355, 0.30488282442092896, 0.3052734434604645, 0.30683594942092896, 0.30517578125, 0.3060546815395355, 0.30205076932907104, 0.2987304627895355, 0.29765623807907104, 0.2999023497104645, 0.2979492247104645, 0.2994140684604645, 0.29570311307907104, 0.29374998807907104]}