{"loss": [12.856545448303223, 8.162790298461914, 5.487832546234131, 3.931703567504883, 2.983222484588623, 2.453566789627075, 2.122251510620117, 1.8963440656661987, 1.7430815696716309, 1.6279877424240112, 1.5220842361450195, 1.436872124671936, 1.3619048595428467, 1.28396475315094, 1.2482337951660156, 1.169213056564331, 1.0773853063583374, 1.0173486471176147, 1.0227241516113281, 0.8682908415794373, 0.9168517589569092], "accuracy": [0.2020896077156067, 0.20769013464450836, 0.21046686172485352, 0.24870575964450836, 0.3165709674358368, 0.3511154055595398, 0.37716490030288696, 0.4021790325641632, 0.4204160273075104, 0.43655872344970703, 0.46463197469711304, 0.4897402226924896, 0.5166133046150208, 0.5499576330184937, 0.5587114095687866, 0.5930911302566528, 0.6344597339630127, 0.6566970944404602, 0.6511671543121338, 0.7251035571098328, 0.7016895413398743], "val_loss": [10.053730964660645, 6.557462215423584, 4.578968048095703, 3.3813107013702393, 2.6990599632263184, 2.2804741859436035, 2.0204615592956543, 1.8439085483551025, 1.736525535583496, 1.6698453426361084, 1.6357791423797607, 1.6473840475082397, 1.6608492136001587, 1.6641395092010498, 1.675686240196228, 1.827867865562439, 1.8775526285171509, 2.0405983924865723, 1.9081594944000244, 2.0569310188293457, 1.997361421585083], "val_accuracy": [0.20781250298023224, 0.20781250298023224, 0.21484375, 0.296875, 0.3387695252895355, 0.3594726622104645, 0.36796873807907104, 0.39013671875, 0.3929687440395355, 0.4037109315395355, 0.39482420682907104, 0.39531248807907104, 0.3863281309604645, 0.3880859315395355, 0.3714843690395355, 0.35224610567092896, 0.36738282442092896, 0.35029298067092896, 0.34345704317092896, 0.34833985567092896, 0.34687501192092896]}