{"loss": [11.893120765686035, 6.465132236480713, 4.4809136390686035, 3.5500059127807617, 2.9834325313568115, 2.5968101024627686, 2.323162078857422, 2.1268844604492188, 1.9876220226287842, 1.8885619640350342, 1.8175504207611084, 1.7669769525527954, 1.7311482429504395, 1.7077443599700928, 1.6899316310882568, 1.677604079246521, 1.6682974100112915, 1.6606045961380005, 1.6565680503845215, 1.6532691717147827, 1.6480501890182495, 1.6481279134750366, 1.6448862552642822, 1.643701195716858, 1.641567349433899, 1.6411254405975342, 1.6391041278839111, 1.6383578777313232, 1.6376736164093018, 1.6376394033432007, 1.6362695693969727, 1.635138988494873, 1.6349910497665405, 1.635262131690979, 1.633143424987793, 1.6339056491851807, 1.633002758026123, 1.6321638822555542, 1.6320295333862305, 1.62993323802948, 1.6305705308914185, 1.6292195320129395, 1.6295294761657715, 1.6294080018997192, 1.629091739654541, 1.6295000314712524, 1.6272838115692139, 1.6271629333496094, 1.6268630027770996, 1.6267421245574951], "accuracy": [0.2456466555595398, 0.27233150601387024, 0.2796263098716736, 0.2864034175872803, 0.2941688597202301, 0.29318052530288696, 0.294921875, 0.2980986535549164, 0.29788684844970703, 0.3003106117248535, 0.299439936876297, 0.30129894614219666, 0.30219313502311707, 0.3021696209907532, 0.30179309844970703, 0.30266377329826355, 0.30191075801849365, 0.30624058842658997, 0.3071347773075104, 0.30508753657341003, 0.3063347041606903, 0.3049698770046234, 0.30553463101387024, 0.30308735370635986, 0.3052522540092468, 0.30522873997688293, 0.30668768286705017, 0.3063582479953766, 0.3073700964450836, 0.3089231848716736, 0.3089231848716736, 0.307252436876297, 0.3087584674358368, 0.30899378657341003, 0.30899378657341003, 0.3087349534034729, 0.30868786573410034, 0.3120764195919037, 0.3087584674358368, 0.3120764195919037, 0.31033509969711304, 0.3130647540092468, 0.31169992685317993, 0.31231173872947693, 0.31228822469711304, 0.31405308842658997, 0.3140295445919037, 0.31513553857803345, 0.31485316157341003, 0.3165474534034729], "val_loss": [8.211508750915527, 5.1600661277771, 3.901364803314209, 3.2086377143859863, 2.750005006790161, 2.4263954162597656, 2.1971118450164795, 2.033449649810791, 1.916008710861206, 1.832434892654419, 1.7746388912200928, 1.7328901290893555, 1.7049812078475952, 1.6843105554580688, 1.6697313785552979, 1.659714937210083, 1.6507880687713623, 1.6467584371566772, 1.6433426141738892, 1.6394453048706055, 1.6367864608764648, 1.634399652481079, 1.6333332061767578, 1.6323015689849854, 1.6315057277679443, 1.6307032108306885, 1.6297547817230225, 1.6289479732513428, 1.6283471584320068, 1.6282539367675781, 1.6274515390396118, 1.626970648765564, 1.6283190250396729, 1.6268961429595947, 1.6272790431976318, 1.6271473169326782, 1.6271682977676392, 1.6270745992660522, 1.6274389028549194, 1.6266639232635498, 1.6265933513641357, 1.6268813610076904, 1.6266191005706787, 1.62824285030365, 1.6284757852554321, 1.6291061639785767, 1.629319190979004, 1.6305787563323975, 1.630898118019104, 1.6310466527938843], "val_accuracy": [0.29423826932907104, 0.2977539002895355, 0.30693358182907104, 0.3016601502895355, 0.3046875, 0.30781251192092896, 0.3091796934604645, 0.3094726502895355, 0.3128906190395355, 0.3135742247104645, 0.3140625059604645, 0.31494140625, 0.31669920682907104, 0.3138671815395355, 0.31904298067092896, 0.31806641817092896, 0.3172851502895355, 0.31591796875, 0.31962889432907104, 0.3155273497104645, 0.3194335997104645, 0.31640625, 0.31621092557907104, 0.318359375, 0.31718748807907104, 0.31718748807907104, 0.3182617127895355, 0.31884765625, 0.3197265565395355, 0.3203125, 0.3197265565395355, 0.3197265565395355, 0.3199218809604645, 0.3202148377895355, 0.3212890625, 0.3189453184604645, 0.3208984434604645, 0.3182617127895355, 0.3169921934604645, 0.3212890625, 0.3207031190395355, 0.32050782442092896, 0.3193359375, 0.3192382752895355, 0.318359375, 0.3177734315395355, 0.3184570372104645, 0.3165039122104645, 0.31660157442092896, 0.3177734315395355]}