{"loss": [11.861724853515625, 6.432956218719482, 4.464386940002441, 3.540469169616699, 2.97702956199646, 2.590911388397217, 2.316037893295288, 2.121974229812622, 1.9830472469329834, 1.8847910165786743, 1.815153956413269, 1.766645908355713, 1.7306389808654785, 1.70620596408844, 1.6897860765457153, 1.6770884990692139, 1.6680034399032593, 1.66051185131073, 1.6572436094284058, 1.6532127857208252, 1.6504144668579102, 1.6484527587890625, 1.6455684900283813, 1.6436129808425903, 1.641897201538086, 1.641241431236267, 1.640406608581543, 1.639037013053894, 1.6374542713165283, 1.6369779109954834, 1.6378343105316162, 1.6357699632644653, 1.6364346742630005, 1.6357160806655884, 1.6328657865524292, 1.6335035562515259, 1.6329400539398193, 1.6322472095489502, 1.6320481300354004, 1.6322451829910278, 1.6314857006072998, 1.6308382749557495, 1.6304832696914673, 1.630578637123108, 1.62985360622406, 1.6285284757614136], "accuracy": [0.24952936172485352, 0.2751082479953766, 0.280638188123703, 0.2886389195919037, 0.2907097041606903, 0.29261577129364014, 0.29496893286705017, 0.294921875, 0.29694560170173645, 0.2974632978439331, 0.3003106117248535, 0.3004988729953766, 0.30099302530288696, 0.3023107945919037, 0.30219313502311707, 0.3052522540092468, 0.3033226728439331, 0.30522873997688293, 0.30534639954566956, 0.3033697307109833, 0.3051110804080963, 0.30626413226127625, 0.3059111535549164, 0.3054405152797699, 0.3068053424358368, 0.3069700598716736, 0.30626413226127625, 0.30911144614219666, 0.3090173304080963, 0.3080289959907532, 0.3074171543121338, 0.30791133642196655, 0.3067582845687866, 0.3081701695919037, 0.30925264954566956, 0.3099585771560669, 0.31028804183006287, 0.30897024273872375, 0.31078219413757324, 0.3090173304080963, 0.31035861372947693, 0.3108763098716736, 0.3105233311653137, 0.3116058111190796, 0.3109939694404602, 0.31301769614219666], "val_loss": [8.172653198242188, 5.138607978820801, 3.887281894683838, 3.1971399784088135, 2.7398030757904053, 2.4185991287231445, 2.191040515899658, 2.027984619140625, 1.9119274616241455, 1.8296840190887451, 1.77242910861969, 1.7319176197052002, 1.7032337188720703, 1.6838476657867432, 1.6696449518203735, 1.6595075130462646, 1.6524484157562256, 1.6466028690338135, 1.6418968439102173, 1.639571189880371, 1.6369171142578125, 1.635310173034668, 1.6338552236557007, 1.6319490671157837, 1.6320154666900635, 1.6307373046875, 1.6302289962768555, 1.6293138265609741, 1.628944993019104, 1.627759337425232, 1.6284286975860596, 1.627537727355957, 1.6272411346435547, 1.6275345087051392, 1.627182960510254, 1.626352310180664, 1.6263792514801025, 1.6268991231918335, 1.62636399269104, 1.6264288425445557, 1.6269233226776123, 1.627088189125061, 1.626938819885254, 1.627835988998413, 1.6272681951522827, 1.6282145977020264], "val_accuracy": [0.29218751192092896, 0.29931640625, 0.30644530057907104, 0.3065429627895355, 0.30488282442092896, 0.30742186307907104, 0.3101562559604645, 0.30888670682907104, 0.3128906190395355, 0.31201171875, 0.31367188692092896, 0.3148437440395355, 0.31523436307907104, 0.3160156309604645, 0.3165039122104645, 0.3153320252895355, 0.31591796875, 0.3169921934604645, 0.31816405057907104, 0.32001954317092896, 0.31816405057907104, 0.318359375, 0.3158203065395355, 0.3177734315395355, 0.31669920682907104, 0.3169921934604645, 0.3163085877895355, 0.31904298067092896, 0.31914061307907104, 0.3184570372104645, 0.3203125, 0.3177734315395355, 0.31884765625, 0.3189453184604645, 0.31884765625, 0.3212890625, 0.31962889432907104, 0.31914061307907104, 0.3204101622104645, 0.32148438692092896, 0.31962889432907104, 0.31904298067092896, 0.31982421875, 0.31865233182907104, 0.3221679627895355, 0.31669920682907104]}