{"loss": [3.0586724281311035, 0.8839971423149109, 0.8336593508720398, 0.8213285207748413, 0.8103906512260437, 0.8003338575363159, 0.7935909032821655, 0.7886636257171631, 0.7848216891288757, 0.7823437452316284, 0.7793586850166321, 0.7764550447463989, 0.7746374607086182, 0.7731093764305115, 0.7708467841148376, 0.7695337533950806, 0.7679203152656555, 0.7671753168106079, 0.7655503749847412, 0.7639740705490112, 0.7629274725914001, 0.7617034912109375, 0.7603628039360046, 0.758665144443512, 0.7571494579315186, 0.7563852667808533, 0.7551534175872803, 0.7542727589607239, 0.7525524497032166, 0.7515727281570435, 0.7503618597984314, 0.7482136487960815, 0.7472926378250122, 0.7460591793060303, 0.7445772886276245], "accuracy": [0.608626663684845, 0.6507366299629211, 0.6563125252723694, 0.660629391670227, 0.6667284965515137, 0.6724398732185364, 0.6755269765853882, 0.6782721877098083, 0.6803086400032043, 0.6814321875572205, 0.682701587677002, 0.6843128800392151, 0.6844066977500916, 0.6855134963989258, 0.6867683529853821, 0.6872019171714783, 0.6880502700805664, 0.6887840032577515, 0.6898595690727234, 0.6909643411636353, 0.6908455491065979, 0.6917439103126526, 0.6931571960449219, 0.6938263177871704, 0.6945475339889526, 0.6953208446502686, 0.6961483359336853, 0.6970300674438477, 0.69792640209198, 0.6991186738014221, 0.6997794508934021, 0.7011343836784363, 0.7026268243789673, 0.7031729221343994, 0.70443195104599], "val_loss": [0.9749299883842468, 0.8309493064880371, 0.8147671818733215, 0.811356782913208, 0.81169193983078, 0.7943395376205444, 0.7893577218055725, 0.7849195599555969, 0.7789198756217957, 0.7763263583183289, 0.773270845413208, 0.7703009247779846, 0.7689772844314575, 0.7696170210838318, 0.7692252993583679, 0.7669550180435181, 0.7649901509284973, 0.7645918726921082, 0.7651045322418213, 0.7641745209693909, 0.7678321599960327, 0.7699311375617981, 0.765468418598175, 0.7746717929840088, 0.7664505243301392, 0.7670369744300842, 0.7651596069335938, 0.7669849991798401, 0.7657181024551392, 0.7699724435806274, 0.7700396180152893, 0.7725062966346741, 0.7691905498504639, 0.7715883851051331, 0.7733819484710693], "val_accuracy": [0.6540631651878357, 0.6608573794364929, 0.6650557518005371, 0.6651726365089417, 0.6639122366905212, 0.6732605695724487, 0.6737864017486572, 0.6771166920661926, 0.6808393597602844, 0.6821914911270142, 0.6839693784713745, 0.6853715777397156, 0.6859558820724487, 0.6851879954338074, 0.68626469373703, 0.6870075464248657, 0.687683641910553, 0.6880007982254028, 0.687316358089447, 0.6885015964508057, 0.6853548884391785, 0.68385249376297, 0.6861478090286255, 0.6817407608032227, 0.6863147616386414, 0.6856804490089417, 0.6871160268783569, 0.6864399909973145, 0.6870075464248657, 0.6840862035751343, 0.6841362714767456, 0.6831847429275513, 0.6846036911010742, 0.6836521625518799, 0.6828175187110901]}