{"loss": [41.31641387939453, 19.308570861816406, 11.791215896606445, 8.347417831420898, 6.209421157836914, 4.727454662322998, 3.702434539794922, 2.9983468055725098, 2.5141429901123047, 2.1773664951324463, 1.943694829940796, 1.7912262678146362, 1.6877954006195068, 1.62041175365448, 1.5792436599731445, 1.5482368469238281, 1.5305954217910767, 1.5150898694992065, 1.5045236349105835, 1.4982670545578003, 1.4898957014083862, 1.4834849834442139, 1.4783740043640137, 1.4739564657211304, 1.4660578966140747, 1.4636602401733398, 1.4595104455947876, 1.4545754194259644, 1.4487453699111938, 1.439880609512329, 1.4352930784225464, 1.431447982788086, 1.4265779256820679, 1.4202110767364502, 1.4165595769882202, 1.411242127418518, 1.4063513278961182, 1.3994735479354858, 1.3924486637115479, 1.3867313861846924, 1.380529761314392], "accuracy": [0.1954536885023117, 0.22239740192890167, 0.2836267054080963, 0.29379236698150635, 0.3099585771560669, 0.3360551595687866, 0.34455007314682007, 0.3503388464450836, 0.3544098138809204, 0.3667639195919037, 0.37942394614219666, 0.3912603557109833, 0.4050263464450836, 0.4087914228439331, 0.41387423872947693, 0.4178040325641632, 0.42046311497688293, 0.4230986535549164, 0.4278990924358368, 0.4272402226924896, 0.4304169714450836, 0.43488797545433044, 0.43486446142196655, 0.43940606713294983, 0.44175922870635986, 0.442747563123703, 0.4457360804080963, 0.4493364095687866, 0.45286616683006287, 0.45547816157341003, 0.4609139561653137, 0.46161991357803345, 0.46594974398612976, 0.46898531913757324, 0.47093844413757324, 0.4723503291606903, 0.47832736372947693, 0.4825865924358368, 0.48548099398612976, 0.4888460040092468, 0.4920227825641632], "val_loss": [26.138126373291016, 14.447113037109375, 9.821208953857422, 7.202752590179443, 5.459031105041504, 4.183684825897217, 3.3234341144561768, 2.730783224105835, 2.3144288063049316, 2.0365209579467773, 1.8476927280426025, 1.7217130661010742, 1.6457840204238892, 1.5924077033996582, 1.561034083366394, 1.5416067838668823, 1.5260436534881592, 1.518051266670227, 1.5117895603179932, 1.5099200010299683, 1.5037918090820312, 1.499755859375, 1.498317003250122, 1.493043303489685, 1.492344617843628, 1.4910480976104736, 1.4898864030838013, 1.490037441253662, 1.489808440208435, 1.4863333702087402, 1.4859259128570557, 1.4859598875045776, 1.4884779453277588, 1.492039442062378, 1.495971918106079, 1.4918397665023804, 1.496057391166687, 1.490796685218811, 1.4928977489471436, 1.4987809658050537, 1.5063868761062622], "val_accuracy": [0.20947265625, 0.19677734375, 0.23652343451976776, 0.24697265028953552, 0.28544920682907104, 0.32490235567092896, 0.34062498807907104, 0.34912109375, 0.36308592557907104, 0.37519532442092896, 0.38798826932907104, 0.4037109315395355, 0.40849608182907104, 0.4131835997104645, 0.416015625, 0.41679686307907104, 0.42070311307907104, 0.42138671875, 0.42167967557907104, 0.42207032442092896, 0.42363280057907104, 0.4249023497104645, 0.42451173067092896, 0.427734375, 0.427734375, 0.42705076932907104, 0.4292968809604645, 0.43046873807907104, 0.4291015565395355, 0.43037110567092896, 0.4292968809604645, 0.431640625, 0.43085938692092896, 0.43085938692092896, 0.43134766817092896, 0.4351562559604645, 0.43476563692092896, 0.43525391817092896, 0.4332031309604645, 0.43427735567092896, 0.4326171875]}