{"loss": [40.79902267456055, 18.977977752685547, 11.741338729858398, 8.383306503295898, 6.279721736907959, 4.827949047088623, 3.806002616882324, 3.0900216102600098, 2.5938658714294434, 2.257396697998047, 2.029716968536377, 1.8797649145126343, 1.7813336849212646, 1.716030478477478, 1.6748735904693604, 1.648467779159546, 1.631600260734558, 1.6197295188903809, 1.610703945159912, 1.6057058572769165, 1.6002343893051147, 1.596627116203308, 1.5947805643081665, 1.5920592546463013, 1.5898760557174683, 1.5883022546768188, 1.5860031843185425, 1.584617018699646, 1.582769751548767, 1.5825169086456299, 1.58001708984375, 1.5794358253479004, 1.5782517194747925, 1.5772972106933594, 1.576000690460205, 1.5753878355026245, 1.5749763250350952, 1.572869896888733, 1.5719032287597656, 1.5711168050765991, 1.569849967956543, 1.569070816040039, 1.5680687427520752, 1.5674546957015991, 1.5660516023635864, 1.5666145086288452, 1.5634185075759888, 1.5642499923706055, 1.562501311302185, 1.5628224611282349, 1.5612447261810303, 1.561706304550171, 1.5597188472747803, 1.559460163116455, 1.5571004152297974], "accuracy": [0.2758142054080963, 0.3207595944404602, 0.3294427692890167, 0.3337019979953766, 0.3374199867248535, 0.3365257978439331, 0.33854952454566956, 0.341185063123703, 0.34156155586242676, 0.3422204554080963, 0.34323230385780334, 0.34429123997688293, 0.3437735438346863, 0.34560900926589966, 0.34549134969711304, 0.34683263301849365, 0.34669145941734314, 0.3488328456878662, 0.3493269979953766, 0.3472326695919037, 0.3515389561653137, 0.34998586773872375, 0.3524802327156067, 0.3518919348716736, 0.35271555185317993, 0.35313913226127625, 0.3544333577156067, 0.3561747074127197, 0.3551393151283264, 0.35582172870635986, 0.35600998997688293, 0.35902202129364014, 0.35704538226127625, 0.3585043251514435, 0.35796311497688293, 0.3600809574127197, 0.36052805185317993, 0.3613516688346863, 0.3608339726924896, 0.36050450801849365, 0.36231645941734314, 0.3639166057109833, 0.36422252655029297, 0.363893061876297, 0.3629753291606903, 0.36394014954566956, 0.36577561497688293, 0.36634036898612976, 0.36699923872947693, 0.36514025926589966, 0.3656814694404602, 0.3658697307109833, 0.3684346675872803, 0.370481938123703, 0.3707643151283264], "val_loss": [25.74277114868164, 14.321520805358887, 9.799101829528809, 7.219974517822266, 5.470666408538818, 4.246201515197754, 3.389340877532959, 2.794774055480957, 2.3863301277160645, 2.110412120819092, 1.9273741245269775, 1.8064569234848022, 1.727530837059021, 1.6760212182998657, 1.643293023109436, 1.6231091022491455, 1.6077654361724854, 1.5971505641937256, 1.5901119709014893, 1.5859127044677734, 1.5833027362823486, 1.5800917148590088, 1.5781420469284058, 1.5764739513397217, 1.5755927562713623, 1.5747401714324951, 1.5731453895568848, 1.5715419054031372, 1.5702340602874756, 1.570861577987671, 1.5694881677627563, 1.5700603723526, 1.5692038536071777, 1.568589448928833, 1.5675796270370483, 1.5663650035858154, 1.5674784183502197, 1.566077470779419, 1.5667989253997803, 1.5656776428222656, 1.5658581256866455, 1.565690279006958, 1.5638326406478882, 1.5643768310546875, 1.5636112689971924, 1.5642452239990234, 1.5654382705688477, 1.5648722648620605, 1.5637413263320923, 1.5645549297332764, 1.5660377740859985, 1.566218614578247, 1.5656729936599731, 1.5648137331008911, 1.5660650730133057], "val_accuracy": [0.2540039122104645, 0.2881835997104645, 0.31982421875, 0.3447265625, 0.34931641817092896, 0.3487304747104645, 0.35224610567092896, 0.35371094942092896, 0.3555664122104645, 0.35722655057907104, 0.35673826932907104, 0.3573242127895355, 0.35908204317092896, 0.3584960997104645, 0.36015623807907104, 0.35859376192092896, 0.3602539002895355, 0.3626953065395355, 0.36210936307907104, 0.36064451932907104, 0.36113280057907104, 0.3624023497104645, 0.3612304627895355, 0.3599609434604645, 0.3614257872104645, 0.35869139432907104, 0.3633789122104645, 0.3609375059604645, 0.3623046875, 0.3626953065395355, 0.3636718690395355, 0.36328125, 0.3619140684604645, 0.36357420682907104, 0.36455076932907104, 0.36474609375, 0.3626953065395355, 0.3670898377895355, 0.3636718690395355, 0.36542969942092896, 0.3636718690395355, 0.3641601502895355, 0.3628906309604645, 0.36347657442092896, 0.3636718690395355, 0.3658203184604645, 0.36181640625, 0.36308592557907104, 0.36279296875, 0.3643554747104645, 0.36181640625, 0.3656249940395355, 0.3624023497104645, 0.36308592557907104, 0.36152344942092896]}