{"loss": [40.82029724121094, 19.008974075317383, 11.770113945007324, 8.402331352233887, 6.295365333557129, 4.836874485015869, 3.810002088546753, 3.0932319164276123, 2.5963354110717773, 2.2586565017700195, 2.030585527420044, 1.8790422677993774, 1.7802354097366333, 1.7154399156570435, 1.6734538078308105, 1.6463602781295776, 1.6284599304199219, 1.61752188205719, 1.6095266342163086, 1.6026852130889893, 1.60038423538208, 1.5965813398361206, 1.5934940576553345, 1.5916348695755005, 1.5900503396987915, 1.5881205797195435, 1.586977481842041, 1.5858126878738403, 1.584100365638733, 1.5815455913543701, 1.5817148685455322, 1.5793932676315308, 1.5791605710983276, 1.5784709453582764, 1.5773444175720215, 1.5762993097305298, 1.5752525329589844, 1.574049949645996, 1.5741126537322998, 1.5726308822631836, 1.5726861953735352, 1.5711734294891357, 1.5708202123641968, 1.5698354244232178, 1.5684705972671509, 1.5685608386993408, 1.567444920539856, 1.5663275718688965, 1.5658619403839111, 1.5659698247909546, 1.5646992921829224, 1.5641628503799438, 1.56296968460083, 1.5624756813049316, 1.5610750913619995], "accuracy": [0.2815559208393097, 0.32381871342658997, 0.3287603557109833, 0.33076053857803345, 0.33751413226127625, 0.33734938502311707, 0.33949077129364014, 0.3407379388809204, 0.34184393286705017, 0.3424322307109833, 0.34400883316993713, 0.34490305185317993, 0.3467385172843933, 0.3454207479953766, 0.34624436497688293, 0.34760919213294983, 0.3491622805595398, 0.3508330285549164, 0.34859752655029297, 0.3503859043121338, 0.34935054183006287, 0.3510683476924896, 0.35118600726127625, 0.35325679183006287, 0.3526214361190796, 0.35431569814682007, 0.35452747344970703, 0.3554922938346863, 0.3560570478439331, 0.35702183842658997, 0.3561747074127197, 0.3545980751514435, 0.3548333942890167, 0.3578925132751465, 0.3590926229953766, 0.35841020941734314, 0.3589279055595398, 0.36019861698150635, 0.3608339726924896, 0.3614693284034729, 0.35902202129364014, 0.3625517785549164, 0.36212819814682007, 0.3623635172843933, 0.3633989095687866, 0.36276355385780334, 0.36309298872947693, 0.3647402226924896, 0.3657050132751465, 0.3667404055595398, 0.36438724398612976, 0.36664626002311707, 0.36907002329826355, 0.36608150601387024, 0.369140625], "val_loss": [25.779277801513672, 14.358312606811523, 9.82293701171875, 7.241117000579834, 5.484137535095215, 4.253641605377197, 3.3943817615509033, 2.7967591285705566, 2.3880667686462402, 2.1120996475219727, 1.9279930591583252, 1.8061091899871826, 1.7269017696380615, 1.6758047342300415, 1.6422500610351562, 1.6218137741088867, 1.6070247888565063, 1.5983469486236572, 1.5908929109573364, 1.5867023468017578, 1.5836273431777954, 1.5805208683013916, 1.5781867504119873, 1.576806664466858, 1.5752712488174438, 1.5745588541030884, 1.5727566480636597, 1.5717684030532837, 1.5709974765777588, 1.570751428604126, 1.5694739818572998, 1.5692431926727295, 1.568535566329956, 1.567254900932312, 1.5676182508468628, 1.567173957824707, 1.5668437480926514, 1.5665013790130615, 1.5655632019042969, 1.5655066967010498, 1.5662939548492432, 1.5652310848236084, 1.5650289058685303, 1.5647234916687012, 1.5642775297164917, 1.5647224187850952, 1.565342664718628, 1.5644896030426025, 1.5657594203948975, 1.5652282238006592, 1.5657554864883423, 1.564839482307434, 1.5651203393936157, 1.564920425415039, 1.5657020807266235], "val_accuracy": [0.23085936903953552, 0.29150390625, 0.31962889432907104, 0.3382812440395355, 0.35175782442092896, 0.35322266817092896, 0.3505859375, 0.35595703125, 0.35615235567092896, 0.357421875, 0.35859376192092896, 0.3603515625, 0.359375, 0.35957032442092896, 0.3607421815395355, 0.36113280057907104, 0.36083984375, 0.3622070252895355, 0.361328125, 0.36152344942092896, 0.3623046875, 0.3612304627895355, 0.36308592557907104, 0.361328125, 0.3626953065395355, 0.3624023497104645, 0.36250001192092896, 0.36259764432907104, 0.3628906309604645, 0.36250001192092896, 0.36259764432907104, 0.36152344942092896, 0.3638671934604645, 0.3628906309604645, 0.36298829317092896, 0.3638671934604645, 0.3626953065395355, 0.36279296875, 0.36406248807907104, 0.36298829317092896, 0.36455076932907104, 0.3641601502895355, 0.3661132752895355, 0.36328125, 0.36689454317092896, 0.36347657442092896, 0.36455076932907104, 0.36591798067092896, 0.36474609375, 0.36601561307907104, 0.36503905057907104, 0.36396485567092896, 0.3653320372104645, 0.3656249940395355, 0.36689454317092896]}