{"loss": [12.911381721496582, 8.943635940551758, 6.290584564208984, 4.625011920928955, 3.557422637939453, 2.8756072521209717, 2.4374845027923584, 2.157472610473633, 1.9763014316558838, 1.8554775714874268, 1.7755941152572632, 1.7217477560043335, 1.6810846328735352, 1.6539112329483032, 1.6337177753448486, 1.6174230575561523, 1.6065021753311157, 1.5952411890029907, 1.5853872299194336, 1.574669361114502, 1.5670095682144165, 1.5557976961135864, 1.5475136041641235, 1.5369685888290405, 1.5228670835494995, 1.5102697610855103, 1.4950731992721558, 1.4820585250854492, 1.4663052558898926, 1.4452930688858032], "accuracy": [0.19957172870635986, 0.2313864827156067, 0.2731315791606903, 0.2853209674358368, 0.2928510904312134, 0.2956278324127197, 0.30132248997688293, 0.30701711773872375, 0.30925264954566956, 0.3132294714450836, 0.3171357214450836, 0.3234657347202301, 0.3305252194404602, 0.33527860045433044, 0.33871424198150635, 0.3425028324127197, 0.3452089726924896, 0.3495858311653137, 0.35662180185317993, 0.3613045811653137, 0.3647637367248535, 0.37264683842658997, 0.3768119215965271, 0.38530686497688293, 0.39358997344970703, 0.40046122670173645, 0.41429781913757324, 0.4200865924358368, 0.4286050498485565, 0.4459478557109833], "val_loss": [10.661307334899902, 7.440435886383057, 5.358005046844482, 4.023356914520264, 3.1651992797851562, 2.618107795715332, 2.27071213722229, 2.0482444763183594, 1.9039332866668701, 1.8076093196868896, 1.745131254196167, 1.702488660812378, 1.674373984336853, 1.653639793395996, 1.6387195587158203, 1.6306079626083374, 1.6232407093048096, 1.6198698282241821, 1.614762544631958, 1.6142797470092773, 1.6168997287750244, 1.6232168674468994, 1.6323878765106201, 1.6329107284545898, 1.6313899755477905, 1.638464331626892, 1.6489585638046265, 1.6633001565933228, 1.6744409799575806, 1.6918106079101562], "val_accuracy": [0.21464844048023224, 0.24423828721046448, 0.28105467557907104, 0.29658204317092896, 0.30009764432907104, 0.30488282442092896, 0.3070312440395355, 0.31035155057907104, 0.31425780057907104, 0.3216796815395355, 0.32539063692092896, 0.3282226622104645, 0.3316406309604645, 0.33320313692092896, 0.3377929627895355, 0.33955079317092896, 0.34111326932907104, 0.34355467557907104, 0.3431640565395355, 0.34589844942092896, 0.34443360567092896, 0.34257811307907104, 0.34033203125, 0.34208983182907104, 0.34208983182907104, 0.34326171875, 0.3409179747104645, 0.33662110567092896, 0.33466798067092896, 0.33222657442092896]}