{"loss": [16.551498413085938, 9.271036148071289, 6.898597240447998, 5.587103843688965, 4.776456356048584, 4.226508140563965, 3.8273046016693115, 3.542485475540161, 3.276984691619873, 3.0933008193969727, 2.923327922821045, 2.7850561141967773, 2.6763722896575928, 2.5755198001861572, 2.480750799179077, 2.3982489109039307, 2.3326079845428467, 2.2734477519989014, 2.2160189151763916, 2.1668527126312256, 2.12455153465271, 2.087488889694214, 2.050276279449463, 2.011368989944458, 1.978385329246521, 1.943908929824829, 1.9295679330825806, 1.9004881381988525, 1.8741977214813232, 1.8516627550125122, 1.8313740491867065, 1.8125061988830566, 1.7955873012542725, 1.7796156406402588, 1.7641932964324951, 1.7498708963394165, 1.7374542951583862, 1.725516676902771, 1.7153187990188599, 1.704664707183838, 1.695438265800476, 1.687281608581543, 1.6797451972961426, 1.6711844205856323, 1.6649887561798096, 1.659146785736084, 1.6537985801696777, 1.6487282514572144, 1.642928957939148, 1.638716697692871, 1.6353517770767212, 1.632080316543579, 1.6279466152191162, 1.6253138780593872, 1.621761441230774, 1.6196869611740112, 1.6170251369476318, 1.6152352094650269, 1.614020824432373, 1.6121007204055786, 1.6102139949798584, 1.6086461544036865, 1.606796145439148, 1.6075701713562012, 1.6055461168289185, 1.6044337749481201, 1.603617548942566, 1.6031219959259033, 1.6026663780212402, 1.6025346517562866, 1.6009776592254639, 1.6003594398498535, 1.6005594730377197, 1.5999468564987183, 1.6001631021499634, 1.5991159677505493, 1.5986696481704712, 1.5985709428787231, 1.5990551710128784, 1.59859037399292, 1.5989434719085693, 1.5983309745788574, 1.5979995727539062, 1.5979645252227783, 1.5978062152862549, 1.5975035429000854, 1.5981806516647339, 1.5979197025299072, 1.5976778268814087, 1.5981104373931885, 1.5974891185760498, 1.5971627235412598, 1.597937822341919, 1.5979422330856323, 1.5977213382720947, 1.5976388454437256, 1.5977582931518555, 1.5978447198867798, 1.5972579717636108, 1.5972771644592285], "accuracy": [0.2631678283214569, 0.3106728792190552, 0.3164377510547638, 0.3100113272666931, 0.3134135603904724, 0.3158392012119293, 0.3203125, 0.3212890625, 0.32198211550712585, 0.3197139501571655, 0.3251638114452362, 0.32689642906188965, 0.3270224332809448, 0.3257623612880707, 0.3285660147666931, 0.3291960656642914, 0.32847151160240173, 0.32894405722618103, 0.3290700614452362, 0.3286920487880707, 0.3285030126571655, 0.3285030126571655, 0.3290700614452362, 0.32881805300712585, 0.3289755582809448, 0.3286920487880707, 0.3290700614452362, 0.3290700614452362, 0.3290700614452362, 0.3290700614452362, 0.3290700614452362, 0.3290700614452362, 0.3290700614452362, 0.3290700614452362, 0.3290700614452362, 0.3290700614452362, 0.3290700614452362, 0.3290700614452362, 0.3290700614452362, 0.3290700614452362, 0.3290700614452362, 0.3290700614452362, 0.3290700614452362, 0.3290700614452362, 0.3290700614452362, 0.3290700614452362, 0.3290700614452362, 0.3290700614452362, 0.3290700614452362, 0.3290700614452362, 0.3290700614452362, 0.3290700614452362, 0.3290700614452362, 0.3290700614452362, 0.3290700614452362, 0.3290700614452362, 0.3290700614452362, 0.3290700614452362, 0.3290700614452362, 0.3290700614452362, 0.3290700614452362, 0.3290700614452362, 0.3290700614452362, 0.3290700614452362, 0.3290700614452362, 0.3290700614452362, 0.3290700614452362, 0.3290700614452362, 0.3290700614452362, 0.3290700614452362, 0.3290700614452362, 0.3290700614452362, 0.3290700614452362, 0.3290700614452362, 0.3290700614452362, 0.3290700614452362, 0.3290700614452362, 0.3290700614452362, 0.3290700614452362, 0.3290700614452362, 0.3290700614452362, 0.3290700614452362, 0.3290700614452362, 0.3290700614452362, 0.3290700614452362, 0.3290700614452362, 0.3290700614452362, 0.3290700614452362, 0.3290700614452362, 0.3290700614452362, 0.3290700614452362, 0.3290700614452362, 0.3290700614452362, 0.3290700614452362, 0.3290700614452362, 0.3290700614452362, 0.3290700614452362, 0.3290700614452362, 0.3290700614452362, 0.3290700614452362], "val_loss": [11.05346393585205, 7.807698726654053, 6.115356922149658, 5.086592674255371, 4.485025405883789, 4.00600528717041, 3.6536865234375, 3.384507417678833, 3.1565921306610107, 2.989684820175171, 2.8297650814056396, 2.721125841140747, 2.616534471511841, 2.5164718627929688, 2.422776222229004, 2.3579046726226807, 2.292217254638672, 2.238372564315796, 2.1816136837005615, 2.1374168395996094, 2.0992326736450195, 2.056220769882202, 2.020967960357666, 1.9879212379455566, 1.9546576738357544, 1.9314359426498413, 1.906930923461914, 1.8753725290298462, 1.8515756130218506, 1.8304080963134766, 1.8109155893325806, 1.7929178476333618, 1.7762603759765625, 1.7608259916305542, 1.7465208768844604, 1.7332451343536377, 1.7209722995758057, 1.7096235752105713, 1.6991446018218994, 1.689456820487976, 1.6805108785629272, 1.6722782850265503, 1.6650313138961792, 1.6577718257904053, 1.6512882709503174, 1.6453779935836792, 1.6399787664413452, 1.6350229978561401, 1.630461573600769, 1.6263021230697632, 1.6236445903778076, 1.6194268465042114, 1.6160197257995605, 1.6130670309066772, 1.6104180812835693, 1.608026385307312, 1.605852484703064, 1.6039049625396729, 1.6021307706832886, 1.6005390882492065, 1.59909188747406, 1.5977904796600342, 1.5966017246246338, 1.5960612297058105, 1.594685673713684, 1.593801498413086, 1.5930438041687012, 1.5923717021942139, 1.591762900352478, 1.5912206172943115, 1.5907329320907593, 1.5903074741363525, 1.589943766593933, 1.589601755142212, 1.5893186330795288, 1.589048981666565, 1.588814616203308, 1.5886162519454956, 1.5884562730789185, 1.5881006717681885, 1.588361144065857, 1.5880943536758423, 1.5879652500152588, 1.5878742933273315, 1.5877872705459595, 1.587710976600647, 1.587664008140564, 1.5876022577285767, 1.5875531435012817, 1.5875376462936401, 1.587501049041748, 1.5874677896499634, 1.58745539188385, 1.5874453783035278, 1.5874216556549072, 1.5874042510986328, 1.5874019861221313, 1.587391972541809, 1.5873745679855347, 1.5873595476150513],