{"loss": [12.35556697845459, 6.680995941162109, 4.5445709228515625, 3.5521273612976074, 2.9668350219726562, 2.575659990310669, 2.301006555557251, 2.103455066680908, 1.9638601541519165, 1.8654981851577759, 1.792792797088623, 1.742491364479065, 1.707654595375061, 1.6800075769424438, 1.6604949235916138, 1.6470153331756592, 1.633559226989746, 1.6243324279785156, 1.6161940097808838, 1.61053466796875, 1.6041418313980103, 1.6005008220672607, 1.593651294708252, 1.5911462306976318, 1.585086464881897, 1.5846037864685059, 1.5779424905776978, 1.5743458271026611, 1.5688320398330688, 1.566694736480713], "accuracy": [0.20769013464450836, 0.26851940155029297, 0.28762707114219666, 0.2967102825641632, 0.30673474073410034, 0.31224116683006287, 0.318359375, 0.32323041558265686, 0.3280073404312134, 0.33163121342658997, 0.3362198770046234, 0.3385965824127197, 0.34349116683006287, 0.34577372670173645, 0.34953877329826355, 0.3491857945919037, 0.35542169213294983, 0.3589043617248535, 0.3629753291606903, 0.3625752925872803, 0.36697572469711304, 0.3703877925872803, 0.3754706382751465, 0.3755882978439331, 0.3834007978439331, 0.38481268286705017, 0.3895896077156067, 0.3913309574127197, 0.39791980385780334, 0.4021790325641632], "val_loss": [8.620436668395996, 5.344761848449707, 3.970607042312622, 3.2187294960021973, 2.7389211654663086, 2.4109833240509033, 2.182258129119873, 2.0185983180999756, 1.9084419012069702, 1.8262939453125, 1.7670446634292603, 1.7268657684326172, 1.6965700387954712, 1.6808280944824219, 1.669319748878479, 1.6539605855941772, 1.6498972177505493, 1.6419546604156494, 1.6396347284317017, 1.6375219821929932, 1.6384464502334595, 1.6386207342147827, 1.643235206604004, 1.6396982669830322, 1.6455318927764893, 1.652251958847046, 1.6549358367919922, 1.6631450653076172, 1.6760766506195068, 1.6826040744781494], "val_accuracy": [0.22177734971046448, 0.2734375, 0.2923828065395355, 0.3045898377895355, 0.3165039122104645, 0.32294923067092896, 0.32392579317092896, 0.32597655057907104, 0.32597655057907104, 0.32841795682907104, 0.33613282442092896, 0.33662110567092896, 0.3408203125, 0.33857423067092896, 0.34033203125, 0.34199219942092896, 0.34130859375, 0.3448242247104645, 0.34521484375, 0.34599608182907104, 0.3482421934604645, 0.34746092557907104, 0.345703125, 0.3477539122104645, 0.3482421934604645, 0.345703125, 0.3487304747104645, 0.3436523377895355, 0.34208983182907104, 0.3441406190395355]}