{"loss": [11.928690910339355, 6.51098108291626, 4.520386695861816, 3.5797574520111084, 3.0072290897369385, 2.613467216491699, 2.3350753784179688, 2.1385951042175293, 1.9961707592010498, 1.8938580751419067, 1.8221923112869263, 1.773345708847046, 1.736480474472046, 1.7124685049057007, 1.6930993795394897, 1.681786060333252, 1.6712030172348022, 1.6645373106002808, 1.6582034826278687, 1.6547552347183228, 1.6512376070022583, 1.6491769552230835, 1.645849585533142, 1.6440969705581665, 1.6424452066421509, 1.6420732736587524, 1.6399868726730347, 1.6390448808670044, 1.6371713876724243, 1.6364142894744873, 1.6359164714813232, 1.6358977556228638, 1.6337499618530273, 1.6334075927734375, 1.6329715251922607, 1.6329219341278076, 1.6325805187225342, 1.6318485736846924, 1.6306527853012085, 1.63144052028656, 1.629306435585022, 1.6288703680038452, 1.630053997039795, 1.6288747787475586, 1.6281945705413818, 1.6272755861282349, 1.6282912492752075], "accuracy": [0.2512236535549164, 0.27244916558265686, 0.28374436497688293, 0.2876741290092468, 0.2908509075641632, 0.2896272540092468, 0.2941453456878662, 0.2940041422843933, 0.2983339726924896, 0.2983574867248535, 0.3020049035549164, 0.2994634807109833, 0.30174604058265686, 0.2997223138809204, 0.3022402226924896, 0.3000752925872803, 0.3002870976924896, 0.3023107945919037, 0.30626413226127625, 0.3048287034034729, 0.3042639195919037, 0.30416980385780334, 0.30311086773872375, 0.30433452129364014, 0.30433452129364014, 0.30685240030288696, 0.3075583577156067, 0.3062170445919037, 0.3078642785549164, 0.30859375, 0.3093702793121338, 0.30715832114219666, 0.3085702061653137, 0.3090643882751465, 0.31080570816993713, 0.30854669213294983, 0.30868786573410034, 0.30882906913757324, 0.30868786573410034, 0.3112763464450836, 0.3113234043121338, 0.3118646442890167, 0.3111351728439331, 0.3130647540092468, 0.3126412034034729, 0.31254705786705017, 0.31137049198150635], "val_loss": [8.254610061645508, 5.204654693603516, 3.9344944953918457, 3.230255126953125, 2.764906406402588, 2.439410448074341, 2.2054643630981445, 2.0398340225219727, 1.922380805015564, 1.8377412557601929, 1.77973210811615, 1.7375303506851196, 1.7083781957626343, 1.6887840032577515, 1.6737902164459229, 1.6629626750946045, 1.6538928747177124, 1.6495769023895264, 1.6452960968017578, 1.6411187648773193, 1.638243317604065, 1.636313796043396, 1.6349000930786133, 1.6330184936523438, 1.631713628768921, 1.6308777332305908, 1.6309337615966797, 1.6295980215072632, 1.629238486289978, 1.6282066106796265, 1.627555251121521, 1.6282192468643188, 1.6274969577789307, 1.6271356344223022, 1.6265738010406494, 1.626356840133667, 1.6259005069732666, 1.6259104013442993, 1.6267824172973633, 1.6267940998077393, 1.6260392665863037, 1.6273860931396484, 1.6267366409301758, 1.6267411708831787, 1.6262457370758057, 1.626588225364685, 1.6272611618041992], "val_accuracy": [0.29365235567092896, 0.3017578125, 0.30244141817092896, 0.3082031309604645, 0.310546875, 0.3065429627895355, 0.31035155057907104, 0.31269532442092896, 0.30927735567092896, 0.31523436307907104, 0.31523436307907104, 0.31689453125, 0.3165039122104645, 0.3153320252895355, 0.31562501192092896, 0.3174804747104645, 0.31865233182907104, 0.3145507872104645, 0.31767576932907104, 0.3154296875, 0.3193359375, 0.31660157442092896, 0.31806641817092896, 0.31855469942092896, 0.3184570372104645, 0.31914061307907104, 0.3187499940395355, 0.3203125, 0.3197265565395355, 0.3177734315395355, 0.31953126192092896, 0.3204101622104645, 0.3193359375, 0.3212890625, 0.3187499940395355, 0.31953126192092896, 0.31982421875, 0.31865233182907104, 0.31865233182907104, 0.31718748807907104, 0.3189453184604645, 0.3167968690395355, 0.31767576932907104, 0.31816405057907104, 0.3165039122104645, 0.32060545682907104, 0.31884765625]}