{"loss": [12.915471076965332, 7.674615859985352, 5.048639297485352, 3.723865270614624, 2.9205856323242188, 2.4691367149353027, 2.188027858734131, 1.992368221282959, 1.8519771099090576, 1.7479240894317627, 1.6675106287002563, 1.6069186925888062, 1.5609601736068726, 1.5272620916366577, 1.494210958480835, 1.4663408994674683, 1.4416693449020386, 1.4164795875549316, 1.3851033449172974, 1.3528789281845093, 1.3427077531814575, 1.3289520740509033, 1.3057113885879517, 1.2707356214523315, 1.2343106269836426, 1.2366106510162354], "accuracy": [0.20185428857803345, 0.2064194232225418, 0.20964325964450836, 0.21639683842658997, 0.27501413226127625, 0.3054640293121338, 0.32487764954566956, 0.3411615192890167, 0.35466867685317993, 0.3718467652797699, 0.3868599534034729, 0.3999670445919037, 0.41192111372947693, 0.42194560170173645, 0.43095821142196655, 0.44613611698150635, 0.4591020345687866, 0.47032663226127625, 0.48835185170173645, 0.5069653391838074, 0.5110834240913391, 0.5172016024589539, 0.5291792154312134, 0.5467808842658997, 0.5681005120277405, 0.5678417086601257], "val_loss": [9.692188262939453, 6.040685653686523, 4.240060806274414, 3.2769579887390137, 2.6812989711761475, 2.320589780807495, 2.0775039196014404, 1.909491777420044, 1.7903169393539429, 1.7035267353057861, 1.6521904468536377, 1.6038402318954468, 1.5761444568634033, 1.5568230152130127, 1.548976182937622, 1.5451445579528809, 1.5504789352416992, 1.55238938331604, 1.5666249990463257, 1.5854088068008423, 1.6258070468902588, 1.6439313888549805, 1.653098464012146, 1.6852318048477173, 1.8328666687011719, 1.7497968673706055], "val_accuracy": [0.20781250298023224, 0.20781250298023224, 0.20849609375, 0.25048828125, 0.298828125, 0.32148438692092896, 0.3349609375, 0.3427734375, 0.3609375059604645, 0.3760742247104645, 0.3818359375, 0.3939453065395355, 0.39580076932907104, 0.400390625, 0.40205079317092896, 0.4032226502895355, 0.40166014432907104, 0.40283203125, 0.4071289002895355, 0.4029296934604645, 0.3921875059604645, 0.3749023377895355, 0.3875976502895355, 0.38652342557907104, 0.35136717557907104, 0.37353515625]}