{"loss": [40.98420715332031, 19.008827209472656, 11.711548805236816, 8.339735984802246, 6.235701084136963, 4.781482696533203, 3.761622428894043, 3.045897960662842, 2.5549099445343018, 2.218817949295044, 1.991349220275879, 1.8378069400787354, 1.7386817932128906, 1.6702196598052979, 1.6279901266098022, 1.5989574193954468, 1.5796270370483398, 1.5659329891204834, 1.5563457012176514, 1.5502433776855469, 1.542211890220642, 1.5378572940826416, 1.534393072128296, 1.5303796529769897, 1.5271331071853638, 1.5240886211395264, 1.521104097366333, 1.5180983543395996, 1.5140680074691772, 1.5121395587921143, 1.5087894201278687, 1.5070390701293945, 1.5034412145614624, 1.502873420715332, 1.498500108718872, 1.4950366020202637, 1.4916167259216309, 1.4908028841018677, 1.4858280420303345], "accuracy": [0.23896366357803345, 0.3051581382751465, 0.3353727459907532, 0.34010258316993713, 0.3431617021560669, 0.34680911898612976, 0.35299792885780334, 0.35386860370635986, 0.35737481713294983, 0.35946911573410034, 0.3634224534034729, 0.37069371342658997, 0.37342336773872375, 0.3788827061653137, 0.3811652958393097, 0.3828125, 0.38514211773872375, 0.3877541422843933, 0.3930017054080963, 0.39358997344970703, 0.3979433476924896, 0.3984139561653137, 0.4002729654312134, 0.4015907347202301, 0.40208491683006287, 0.4053793251514435, 0.4058264195919037, 0.40650883316993713, 0.4098503291606903, 0.4098268151283264, 0.4131918251514435, 0.41533321142196655, 0.41592150926589966, 0.41778048872947693, 0.4184158444404602, 0.4215455651283264, 0.42436936497688293, 0.4241105020046234, 0.42839327454566956], "val_loss": [25.840633392333984, 14.339944839477539, 9.808242797851562, 7.220947265625, 5.462362289428711, 4.221726417541504, 3.356748580932617, 2.7562978267669678, 2.3478622436523438, 2.0772109031677246, 1.8907032012939453, 1.7659012079238892, 1.6869558095932007, 1.636900544166565, 1.6049028635025024, 1.5799791812896729, 1.5699635744094849, 1.5580531358718872, 1.5511817932128906, 1.546035885810852, 1.5422723293304443, 1.5403720140457153, 1.5382087230682373, 1.5370070934295654, 1.5348689556121826, 1.5332293510437012, 1.5333058834075928, 1.53329598903656, 1.5314240455627441, 1.532626986503601, 1.5340068340301514, 1.532869577407837, 1.531804084777832, 1.5335685014724731, 1.5325477123260498, 1.534341812133789, 1.5332268476486206, 1.534660816192627, 1.5372649431228638], "val_accuracy": [0.20771484076976776, 0.21757812798023224, 0.2528320252895355, 0.3057617247104645, 0.34453123807907104, 0.35771483182907104, 0.3603515625, 0.3677734434604645, 0.36933594942092896, 0.37109375, 0.3739257752895355, 0.3785156309604645, 0.38056641817092896, 0.38066405057907104, 0.38105469942092896, 0.3885742127895355, 0.38593751192092896, 0.38945311307907104, 0.3915039002895355, 0.39521485567092896, 0.3954101502895355, 0.39375001192092896, 0.39628905057907104, 0.3984375, 0.3984375, 0.39726561307907104, 0.39814454317092896, 0.39716798067092896, 0.3974609375, 0.39619141817092896, 0.39501953125, 0.39775389432907104, 0.39921873807907104, 0.39912110567092896, 0.39863282442092896, 0.3984375, 0.3983398377895355, 0.39873045682907104, 0.39765626192092896]}