{"loss": [9.188754081726074, 7.180153846740723, 5.668070316314697, 4.576206684112549, 3.7700159549713135, 3.1737821102142334, 2.735645055770874, 2.415879487991333, 2.1861307621002197, 2.0215871334075928, 1.9027824401855469, 1.8215916156768799, 1.7625938653945923, 1.7222096920013428, 1.6940832138061523, 1.6729967594146729, 1.659883975982666, 1.6485533714294434, 1.640158772468567, 1.6333614587783813, 1.6283029317855835, 1.6223338842391968, 1.6176228523254395, 1.6136797666549683, 1.6090965270996094, 1.604990005493164, 1.6002072095870972, 1.5958471298217773, 1.5903936624526978, 1.5832405090332031, 1.5781340599060059, 1.5718210935592651, 1.5659431219100952], "accuracy": [0.2032897174358368, 0.23825772106647491, 0.26783695816993713, 0.27576711773872375, 0.2836972773075104, 0.2889448404312134, 0.28746235370635986, 0.29322758316993713, 0.29576900601387024, 0.2970397174358368, 0.29786333441734314, 0.2984986901283264, 0.3018401861190796, 0.30193430185317993, 0.30386388301849365, 0.3060052692890167, 0.3063111901283264, 0.30718186497688293, 0.30925264954566956, 0.3098409175872803, 0.31148815155029297, 0.31471195816993713, 0.3177946209907532, 0.3211831748485565, 0.3210890293121338, 0.32323041558265686, 0.3275367021560669, 0.3317253291606903, 0.3323606848716736, 0.3382200598716736, 0.34153804183006287, 0.34789156913757324, 0.35375094413757324], "val_loss": [8.096949577331543, 6.337048530578613, 5.063661098480225, 4.121707439422607, 3.426739454269409, 2.917328357696533, 2.546079635620117, 2.276904582977295, 2.084796905517578, 1.9491221904754639, 1.8529942035675049, 1.7859163284301758, 1.7405452728271484, 1.707922339439392, 1.68601393699646, 1.6709827184677124, 1.661158561706543, 1.6538852453231812, 1.6491228342056274, 1.6460338830947876, 1.6439443826675415, 1.642979621887207, 1.642682671546936, 1.6440025568008423, 1.6437877416610718, 1.6453015804290771, 1.6459667682647705, 1.6477410793304443, 1.6493422985076904, 1.6537926197052002, 1.6586635112762451, 1.6623899936676025, 1.665276288986206], "val_accuracy": [0.21181640028953552, 0.26689451932907104, 0.28740233182907104, 0.29150390625, 0.294921875, 0.29511719942092896, 0.2955078184604645, 0.296875, 0.2984375059604645, 0.2997070252895355, 0.3006835877895355, 0.30146485567092896, 0.30322265625, 0.3026367127895355, 0.302734375, 0.3028320372104645, 0.3026367127895355, 0.3023437559604645, 0.3026367127895355, 0.30351561307907104, 0.3028320372104645, 0.3013671934604645, 0.30097657442092896, 0.3018554747104645, 0.3023437559604645, 0.30146485567092896, 0.3031249940395355, 0.30488282442092896, 0.30048829317092896, 0.2994140684604645, 0.29902344942092896, 0.2969726622104645, 0.2997070252895355]}