{"loss": [12.499992370605469, 6.844735622406006, 4.588294506072998, 3.488025426864624, 2.891789436340332, 2.5049877166748047, 2.2379958629608154, 2.050784111022949, 1.9166724681854248, 1.8239268064498901, 1.7553659677505493, 1.7096885442733765, 1.6720736026763916, 1.6418918371200562, 1.6198039054870605, 1.6017950773239136, 1.5834513902664185, 1.571807622909546, 1.5578945875167847, 1.5497422218322754, 1.541259527206421, 1.5303846597671509, 1.5252597332000732, 1.5170612335205078, 1.513654351234436, 1.5028777122497559, 1.496012806892395, 1.488656759262085, 1.4806026220321655, 1.4718592166900635, 1.464989185333252, 1.4575426578521729], "accuracy": [0.19752447307109833, 0.20653708279132843, 0.22785674035549164, 0.2803322672843933, 0.29951053857803345, 0.30313441157341003, 0.31497082114219666, 0.3201948404312134, 0.3266189694404602, 0.3329019248485565, 0.3397260904312134, 0.3471856117248535, 0.35372740030288696, 0.3644578456878662, 0.3715643882751465, 0.3785768151283264, 0.38556569814682007, 0.38841304183006287, 0.39897873997688293, 0.40347325801849365, 0.4085325598716736, 0.41698041558265686, 0.4199454188346863, 0.42283979058265686, 0.4271460771560669, 0.4357115924358368, 0.4385589361190796, 0.4428887367248535, 0.44921875, 0.45364269614219666, 0.46131399273872375, 0.4679969847202301], "val_loss": [8.786148071289062, 5.395905494689941, 3.973267078399658, 3.19447660446167, 2.7065515518188477, 2.3658530712127686, 2.128803014755249, 1.969355821609497, 1.8559000492095947, 1.7822368144989014, 1.7276630401611328, 1.6886684894561768, 1.659966230392456, 1.6341125965118408, 1.6182714700698853, 1.598790168762207, 1.5859192609786987, 1.581022024154663, 1.5763033628463745, 1.5729273557662964, 1.569421410560608, 1.567905068397522, 1.5678313970565796, 1.5685535669326782, 1.5684521198272705, 1.5727989673614502, 1.5748381614685059, 1.5773605108261108, 1.5835901498794556, 1.5929920673370361, 1.5980485677719116, 1.6014375686645508], "val_accuracy": [0.20712891221046448, 0.20771484076976776, 0.23427733778953552, 0.28105467557907104, 0.3031249940395355, 0.31621092557907104, 0.32294923067092896, 0.32861328125, 0.3353515565395355, 0.34130859375, 0.3446289002895355, 0.3470703065395355, 0.35136717557907104, 0.36406248807907104, 0.36650389432907104, 0.37841796875, 0.3880859315395355, 0.3924804627895355, 0.3916015625, 0.3931640684604645, 0.3944335877895355, 0.39697265625, 0.4007812440395355, 0.3985351622104645, 0.39628905057907104, 0.3988281190395355, 0.39921873807907104, 0.40087890625, 0.3974609375, 0.3980468809604645, 0.39531248807907104, 0.39765626192092896]}