{"loss": [19.070112228393555, 9.056641578674316, 6.727703094482422, 5.481304168701172, 4.728603363037109, 4.215388774871826, 3.852719783782959, 3.562930107116699, 3.3304688930511475, 3.140657901763916, 2.9974279403686523, 2.8671905994415283, 2.7516772747039795, 2.6511175632476807, 2.5628888607025146, 2.4862959384918213, 2.4241538047790527, 2.369938611984253, 2.3075928688049316, 2.2586066722869873, 2.214888572692871, 2.172485828399658, 2.1367239952087402, 2.0985097885131836, 2.064657688140869, 2.033658981323242, 2.0066511631011963, 1.9774110317230225, 1.9527404308319092, 1.9294335842132568, 1.906898021697998, 1.8861851692199707, 1.867316722869873, 1.8484458923339844, 1.8313860893249512, 1.8149189949035645, 1.8003573417663574, 1.7850325107574463, 1.7719042301177979, 1.7598029375076294, 1.7482131719589233, 1.7372939586639404, 1.7267365455627441, 1.7172948122024536, 1.7083147764205933, 1.6984397172927856, 1.6911200284957886, 1.6845366954803467, 1.6766921281814575, 1.6697713136672974, 1.6648814678192139, 1.6592955589294434, 1.6548012495040894, 1.6481205224990845, 1.631609320640564, 1.6063339710235596, 1.5976616144180298, 1.5857702493667603, 1.5818607807159424, 1.5766382217407227, 1.569419026374817, 1.5637476444244385, 1.5359891653060913, 1.52913236618042, 1.5135689973831177, 1.5000944137573242, 1.483152151107788, 1.4752548933029175, 1.4615473747253418, 1.4495478868484497, 1.438858151435852, 1.4246786832809448, 1.40643310546875, 1.3879239559173584, 1.3778108358383179, 1.3635034561157227, 1.3529390096664429, 1.3330858945846558, 1.3134043216705322, 1.3096368312835693], "accuracy": [0.2640498876571655, 0.25904107093811035, 0.2822265625, 0.29523688554763794, 0.3055695593357086, 0.3031753897666931, 0.31089338660240173, 0.3129725158214569, 0.31908392906188965, 0.31561869382858276, 0.3154611885547638, 0.3174773156642914, 0.32453376054763794, 0.32450225949287415, 0.3281880021095276, 0.3276524841785431, 0.32777848839759827, 0.3276839852333069, 0.32878655195236206, 0.3285660147666931, 0.3290385603904724, 0.3290700614452362, 0.32884955406188965, 0.3290700614452362, 0.3290700614452362, 0.3290070593357086, 0.3290700614452362, 0.3290700614452362, 0.3290700614452362, 0.3290700614452362, 0.3290700614452362, 0.3290700614452362, 0.3290700614452362, 0.3290700614452362, 0.3290700614452362, 0.3291015625, 0.3290700614452362, 0.3290700614452362, 0.3290700614452362, 0.3290700614452362, 0.3290700614452362, 0.3290700614452362, 0.3290700614452362, 0.3290700614452362, 0.3290700614452362, 0.3290700614452362, 0.3290700614452362, 0.3290700614452362, 0.3290700614452362, 0.3290700614452362, 0.3290700614452362, 0.3290700614452362, 0.3290700614452362, 0.3291330635547638, 0.3353389501571655, 0.34390750527381897, 0.3480972647666931, 0.34797126054763794, 0.35027092695236206, 0.35093244910240173, 0.3526020646095276, 0.3549017012119293, 0.3660849332809448, 0.3656753897666931, 0.3690146207809448, 0.37279486656188965, 0.3769216239452362, 0.3814579248428345, 0.38703376054763794, 0.39683088660240173, 0.40262725949287415, 0.4105972647666931, 0.4204574227333069, 0.4331527352333069, 0.43378275632858276, 0.4429183602333069, 0.4444619417190552, 0.4554876387119293, 0.4662613272666931, 0.46843498945236206], "val_loss": [10.793874740600586, 7.611018657684326, 5.978442668914795, 5.043087482452393, 4.415999412536621, 3.986093044281006, 3.66296124458313, 3.4037485122680664, 3.2201297283172607, 3.042992353439331, 2.9155030250549316, 2.786374807357788, 2.6929771900177, 2.5983917713165283, 2.508820056915283, 2.4429337978363037, 2.39713454246521, 2.325141429901123, 2.2751336097717285, 2.229548454284668, 2.1850461959838867, 2.1432292461395264, 2.1066110134124756, 2.0708885192871094, 2.0383553504943848, 2.0101587772369385, 1.980490803718567, 1.9543572664260864, 1.9300410747528076, 1.9071866273880005, 1.8853949308395386, 1.8660374879837036, 1.8464542627334595, 1.8288471698760986, 1.8120392560958862, 1.7974460124969482, 1.781726598739624, 1.7677874565124512, 1.7547930479049683, 1.742523193359375, 1.731697678565979, 1.7215853929519653, 1.709957480430603, 1.7038813829421997, 1.6927238702774048, 1.6843734979629517, 1.67672860622406, 1.670139193534851, 1.6630113124847412, 1.6567978858947754, 1.651376485824585, 1.6458239555358887, 1.6417746543884277, 1.608557939529419, 1.595570683479309, 1.5517176389694214, 1.5451565980911255, 1.529174566268921, 1.5407850742340088, 1.5245839357376099, 1.5350157022476196, 1.5194648504257202, 1.5091450214385986, 1.5060735940933228, 1.4859306812286377, 1.4806058406829834, 1.4831581115722656, 1.4728081226348877, 1.483116626739502, 1.4646695852279663, 1.5001670122146606, 1.474240779876709, 1.4779430627822876, 1.4873363971710205, 1.4890528917312622, 1.5167605876922607, 1.496309757232666, 1.5223546028137207, 1.530972957611084, 1.5609474182128906], "val_accuracy": [0.22499999403953552, 0.33281248807907104, 0.33281248807907104, 0.33281248807907104, 0.33281248807907104, 0.33281248807907104, 0.33281248807907104, 0.33281248807907104, 0.33281248807907104, 0.33281248807907104, 0.33281248807907104, 0.33281248807907104, 0.33281248807907104, 0.33281248807907104, 0.33281248807907104, 0.33281248807907104, 0.33281248807907104, 0.33281248807907104, 0.33281248807907104, 0.33281248807907104, 0.33281248807907104, 0.33281248807907104, 0.33281248807907104, 0.33281248807907104, 0.33281248807907104, 0.33281248807907104, 0.33281248807907104, 0.33281248807907104, 0.33281248807907104, 0.33281248807907104, 0.33281248807907104, 0.33281248807907104, 0.33281248807907104, 0.33281248807907104, 0.33281248807907104, 0.33281248807907104, 0.33281248807907104, 0.33281248807907104, 0.33281248807907104, 0.33281248807907104, 0.33281248807907104, 0.33281248807907104, 0.33281248807907104, 0.33281248807907104, 0.33281248807907104, 0.33281248807907104, 0.33281248807907104, 0.33281248807907104, 0.33281248807907104, 0.33281248807907104, 0.33281248807907104, 0.33281248807907104, 0.33281248807907104, 0.33281248807907104, 0.35468751192092896, 0.36080729961395264, 0.35598957538604736, 0.3600260317325592, 0.3515625, 0.34257811307907104, 0.3408854305744171, 0.35598957538604736, 0.3548177182674408, 0.3391927182674408, 0.3463541567325592, 0.35755208134651184, 0.3483072817325592, 0.3532552123069763, 0.3447916805744171, 0.39791667461395264, 0.3704427182674408, 0.3973958194255829, 0.37942707538604736, 0.3726562559604645, 0.38749998807907104, 0.3817708194255829, 0.3902343809604645, 0.3884114623069763, 0.39531248807907104, 0.4092448055744171]}