{"loss": [40.81742477416992, 18.82550621032715, 11.572839736938477, 8.230721473693848, 6.145312309265137, 4.697580814361572, 3.6768798828125, 2.9389095306396484, 2.441382646560669, 2.105334997177124, 1.8816059827804565, 1.731152892112732, 1.6319025754928589, 1.564879298210144, 1.5226441621780396, 1.4926934242248535, 1.4746348857879639, 1.4571428298950195, 1.447186827659607, 1.4387506246566772, 1.4308671951293945, 1.4239680767059326, 1.420284390449524, 1.4127527475357056, 1.407177209854126, 1.4038537740707397, 1.3979368209838867, 1.3954238891601562, 1.391757607460022, 1.3852369785308838, 1.3810980319976807, 1.3778363466262817, 1.376476764678955, 1.370380163192749, 1.3676146268844604, 1.366560697555542, 1.3606091737747192, 1.355534315109253, 1.3517823219299316, 1.3497674465179443, 1.3479584455490112], "accuracy": [0.2392578125, 0.2788783609867096, 0.3484700620174408, 0.3688616156578064, 0.3788597583770752, 0.3856026828289032, 0.3922991156578064, 0.421084463596344, 0.4300362765789032, 0.4388020932674408, 0.4411737322807312, 0.4458472728729248, 0.44970703125, 0.4536365270614624, 0.4539620578289032, 0.453799307346344, 0.4588681161403656, 0.4630998969078064, 0.463960200548172, 0.4661923348903656, 0.4695870578289032, 0.473330557346344, 0.4733538031578064, 0.475678950548172, 0.4763532280921936, 0.4817708432674408, 0.4831659197807312, 0.4852120578289032, 0.488583505153656, 0.4900018572807312, 0.493466317653656, 0.4940941333770752, 0.4948846697807312, 0.4978143572807312, 0.5005580186843872, 0.5006278157234192, 0.5048363208770752, 0.509091317653656, 0.5116722583770752, 0.5107654333114624, 0.5137183666229248], "val_loss": [25.48859214782715, 14.101533889770508, 9.665428161621094, 7.126494407653809, 5.388086795806885, 4.1567840576171875, 3.2737843990325928, 2.653324842453003, 2.241739273071289, 1.9714497327804565, 1.7883036136627197, 1.6720178127288818, 1.5954548120498657, 1.544073224067688, 1.5121710300445557, 1.4892780780792236, 1.4752659797668457, 1.4677276611328125, 1.4601738452911377, 1.4453091621398926, 1.439165472984314, 1.4349392652511597, 1.4290109872817993, 1.4271409511566162, 1.424350619316101, 1.4221261739730835, 1.419610619544983, 1.419251799583435, 1.4209667444229126, 1.4191834926605225, 1.4155573844909668, 1.417698860168457, 1.4203730821609497, 1.4209673404693604, 1.4179614782333374, 1.4158998727798462, 1.418768286705017, 1.4209725856781006, 1.416015863418579, 1.422889232635498, 1.417995572090149], "val_accuracy": [0.263764888048172, 0.2805059552192688, 0.3444940447807312, 0.3558407723903656, 0.373046875, 0.3794642984867096, 0.4110863208770752, 0.4312686026096344, 0.4400111734867096, 0.439639151096344, 0.4411272406578064, 0.4409412145614624, 0.4468005895614624, 0.4457775354385376, 0.447451651096344, 0.449404776096344, 0.4521019458770752, 0.453031986951828, 0.4525669515132904, 0.4605654776096344, 0.4639136791229248, 0.466796875, 0.4678199291229248, 0.4681919515132904, 0.4717261791229248, 0.4722842276096344, 0.4733072817325592, 0.4734933078289032, 0.4738653302192688, 0.4740513265132904, 0.4761904776096344, 0.4759114682674408, 0.472749263048172, 0.4732142984867096, 0.476376473903656, 0.4762834906578064, 0.4756324291229248, 0.4742373526096344, 0.4776785671710968, 0.4740513265132904, 0.4778645932674408]}