{"loss": [12.875776290893555, 8.910634994506836, 6.25428581237793, 4.5903120040893555, 3.5322482585906982, 2.8642871379852295, 2.431983232498169, 2.158672571182251, 1.9801429510116577, 1.8607957363128662, 1.7829217910766602, 1.7269976139068604, 1.6897906064987183, 1.664046287536621, 1.6424330472946167, 1.6294362545013428, 1.6191534996032715, 1.6091567277908325, 1.6011356115341187, 1.5928741693496704, 1.5842030048370361, 1.5756148099899292, 1.5680617094039917, 1.5576460361480713, 1.548326015472412, 1.5376784801483154, 1.5264403820037842, 1.5157690048217773, 1.4993332624435425, 1.4850927591323853], "accuracy": [0.19385354220867157, 0.21943241357803345, 0.266966313123703, 0.2759789228439331, 0.28508564829826355, 0.2874388098716736, 0.29438063502311707, 0.29727503657341003, 0.2994164228439331, 0.30939382314682007, 0.3117469847202301, 0.3148767054080963, 0.32280686497688293, 0.3254659175872803, 0.3297722041606903, 0.33163121342658997, 0.33494916558265686, 0.3393495976924896, 0.3445030152797699, 0.3491622805595398, 0.3515389561653137, 0.35946911573410034, 0.3646696209907532, 0.37149378657341003, 0.3769766688346863, 0.3838714361190796, 0.3910720944404602, 0.3996846675872803, 0.4102739095687866, 0.4175216555595398], "val_loss": [10.615406036376953, 7.399209022521973, 5.312117099761963, 3.9902503490448, 3.1462996006011963, 2.611666202545166, 2.2730929851531982, 2.0524661540985107, 1.9111297130584717, 1.8164829015731812, 1.7582838535308838, 1.7148059606552124, 1.6826366186141968, 1.665513277053833, 1.6488230228424072, 1.6383939981460571, 1.6310920715332031, 1.6263158321380615, 1.6220134496688843, 1.6206480264663696, 1.6220054626464844, 1.624803900718689, 1.6242910623550415, 1.6243393421173096, 1.6258866786956787, 1.630742073059082, 1.6389394998550415, 1.6448147296905518, 1.6570394039154053, 1.6726701259613037], "val_accuracy": [0.20917968451976776, 0.23164062201976776, 0.2724609375, 0.28828126192092896, 0.2945312559604645, 0.2992187440395355, 0.3021484315395355, 0.30488282442092896, 0.30781251192092896, 0.3109374940395355, 0.31201171875, 0.3207031190395355, 0.3285156190395355, 0.3296875059604645, 0.33232420682907104, 0.3343749940395355, 0.33720701932907104, 0.33447265625, 0.33769530057907104, 0.33935546875, 0.3363281190395355, 0.33515626192092896, 0.33515626192092896, 0.33720701932907104, 0.3370117247104645, 0.3379882872104645, 0.3388671875, 0.3384765684604645, 0.3359375, 0.33378905057907104]}