{"loss": [12.480110168457031, 6.811021327972412, 4.592054843902588, 3.514350652694702, 2.8819525241851807, 2.494770050048828, 2.229644775390625, 2.042029619216919, 1.9098697900772095, 1.8186895847320557, 1.7519890069961548, 1.6979143619537354, 1.6635959148406982, 1.633925437927246, 1.6094539165496826, 1.5919244289398193, 1.5800232887268066, 1.5646071434020996, 1.5556128025054932, 1.5463792085647583, 1.5372682809829712, 1.529371738433838, 1.5222234725952148, 1.520202875137329, 1.5126903057098389, 1.5021333694458008, 1.4956731796264648, 1.4917274713516235, 1.4900784492492676, 1.4771332740783691, 1.4745690822601318, 1.4639567136764526], "accuracy": [0.197265625, 0.20712538063526154, 0.21437311172485352, 0.2582831382751465, 0.2922157347202301, 0.3063582479953766, 0.31073513627052307, 0.3234892785549164, 0.3330901861190796, 0.3350433111190796, 0.34259694814682007, 0.35584524273872375, 0.3590926229953766, 0.36888179183006287, 0.3754941523075104, 0.3833772540092468, 0.38653048872947693, 0.39519014954566956, 0.39834338426589966, 0.39959055185317993, 0.40989741683006287, 0.4123917520046234, 0.4167686402797699, 0.42091020941734314, 0.4231927692890167, 0.43215832114219666, 0.4347938597202301, 0.43860599398612976, 0.4426534175872803, 0.4463949501514435, 0.4546545445919037, 0.4581137001514435], "val_loss": [8.750816345214844, 5.366487979888916, 3.974862575531006, 3.1886777877807617, 2.699192523956299, 2.3613715171813965, 2.126755475997925, 1.961404800415039, 1.8490768671035767, 1.7708313465118408, 1.715253233909607, 1.6731507778167725, 1.6423518657684326, 1.6181837320327759, 1.6062055826187134, 1.5922263860702515, 1.586349368095398, 1.5731194019317627, 1.5737746953964233, 1.5735881328582764, 1.563244104385376, 1.561774492263794, 1.5625919103622437, 1.5644363164901733, 1.568230390548706, 1.56322181224823, 1.5654562711715698, 1.5743917226791382, 1.569489598274231, 1.5732929706573486, 1.5772011280059814, 1.5847936868667603], "val_accuracy": [0.2138671875, 0.21406249701976776, 0.21669921278953552, 0.2689453065395355, 0.2928710877895355, 0.3169921934604645, 0.3296875059604645, 0.3365234434604645, 0.3416992127895355, 0.34648436307907104, 0.3539062440395355, 0.3597656190395355, 0.36308592557907104, 0.3719726502895355, 0.37812501192092896, 0.3785156309604645, 0.38652342557907104, 0.3885742127895355, 0.39384764432907104, 0.39013671875, 0.39697265625, 0.3963867127895355, 0.39599609375, 0.39423829317092896, 0.39570313692092896, 0.3994140625, 0.3998046815395355, 0.3965820372104645, 0.3988281190395355, 0.39794921875, 0.4012695252895355, 0.39580076932907104]}