{"loss": [12.266764640808105, 6.696528911590576, 4.596560001373291, 3.6008729934692383, 3.0098049640655518, 2.6084718704223633, 2.327796220779419, 2.1281325817108154, 1.9841378927230835, 1.8806508779525757, 1.8097283840179443, 1.7560961246490479, 1.7194809913635254, 1.6918840408325195, 1.67169189453125, 1.6566053628921509, 1.6468814611434937, 1.6381464004516602, 1.632368564605713, 1.6255879402160645, 1.6205964088439941, 1.6191227436065674, 1.6136630773544312, 1.6140949726104736, 1.609864592552185, 1.6067962646484375, 1.6045267581939697, 1.6048240661621094, 1.601243495941162, 1.6002274751663208, 1.5966414213180542, 1.5961089134216309, 1.592879295349121, 1.5895264148712158], "accuracy": [0.22380930185317993, 0.27729669213294983, 0.2918862998485565, 0.30374622344970703, 0.3055581748485565, 0.313111811876297, 0.31706514954566956, 0.3184770345687866, 0.3200301229953766, 0.32412463426589966, 0.3246423304080963, 0.3251364827156067, 0.3293251097202301, 0.3321489095687866, 0.3315370976924896, 0.3354904055595398, 0.33556100726127625, 0.33765530586242676, 0.3410909175872803, 0.34245577454566956, 0.3466208577156067, 0.34549134969711304, 0.34996235370635986, 0.35062122344970703, 0.3530449867248535, 0.3558923304080963, 0.35899850726127625, 0.36003389954566956, 0.3652108311653137, 0.3660109043121338, 0.37088197469711304, 0.3742234706878662, 0.38017696142196655, 0.38603633642196655], "val_loss": [8.556829452514648, 5.370611667633057, 4.006467342376709, 3.2546677589416504, 2.7704155445098877, 2.437081813812256, 2.2003839015960693, 2.036743640899658, 1.9213993549346924, 1.8378921747207642, 1.7758477926254272, 1.7365652322769165, 1.7059459686279297, 1.6861183643341064, 1.6691837310791016, 1.6624109745025635, 1.6523587703704834, 1.6481574773788452, 1.6446613073349, 1.6414817571640015, 1.6428899765014648, 1.6411749124526978, 1.641946792602539, 1.6406883001327515, 1.6435067653656006, 1.6457388401031494, 1.650123953819275, 1.6533823013305664, 1.660886526107788, 1.6610348224639893, 1.6689214706420898, 1.6763944625854492, 1.6840722560882568, 1.6926355361938477], "val_accuracy": [0.2591796815395355, 0.2938476502895355, 0.306640625, 0.31396484375, 0.32011717557907104, 0.3236328065395355, 0.3280273377895355, 0.326171875, 0.32294923067092896, 0.3211914002895355, 0.3248046934604645, 0.3236328065395355, 0.3270507752895355, 0.32392579317092896, 0.3265624940395355, 0.3243164122104645, 0.3304687440395355, 0.3271484375, 0.32978516817092896, 0.33154296875, 0.32988280057907104, 0.330078125, 0.33251953125, 0.3316406309604645, 0.3343749940395355, 0.33417969942092896, 0.33330076932907104, 0.33330076932907104, 0.3321289122104645, 0.3348632752895355, 0.33076173067092896, 0.3310546875, 0.3310546875, 0.33183592557907104]}