{"loss": [12.41506290435791, 6.78129243850708, 4.574985504150391, 3.492608070373535, 2.8920271396636963, 2.507892608642578, 2.243624448776245, 2.0573935508728027, 1.9239047765731812, 1.8315354585647583, 1.7646243572235107, 1.7177401781082153, 1.6829711198806763, 1.6533539295196533, 1.6338708400726318, 1.6141709089279175, 1.594746470451355, 1.5810412168502808, 1.5697201490402222, 1.5597012042999268, 1.5502337217330933, 1.539819598197937, 1.529666543006897, 1.5211079120635986, 1.5166802406311035, 1.509655237197876, 1.4961227178573608, 1.490845799446106, 1.479162335395813, 1.4648680686950684, 1.4562958478927612, 1.4446897506713867, 1.4272546768188477, 1.4160414934158325], "accuracy": [0.19888930022716522, 0.20663121342658997, 0.21719691157341003, 0.27004894614219666, 0.2920980751514435, 0.30104008316993713, 0.3046639561653137, 0.31391188502311707, 0.32339513301849365, 0.32624247670173645, 0.33198419213294983, 0.3395378291606903, 0.34563252329826355, 0.3542450964450836, 0.35899850726127625, 0.37008190155029297, 0.3816359043121338, 0.3901543617248535, 0.395143061876297, 0.3985551595687866, 0.4028379023075104, 0.41145047545433044, 0.41775697469711304, 0.4256400465965271, 0.42886388301849365, 0.42942866683006287, 0.44055911898612976, 0.44827747344970703, 0.4532662034034729, 0.46522024273872375, 0.47093844413757324, 0.47646838426589966, 0.48837536573410034, 0.49945876002311707], "val_loss": [8.700410842895508, 5.348272323608398, 3.957195997238159, 3.1671245098114014, 2.687124013900757, 2.36120867729187, 2.12931489944458, 1.9708070755004883, 1.862715482711792, 1.7848230600357056, 1.7326608896255493, 1.693371057510376, 1.6653913259506226, 1.6460469961166382, 1.6355478763580322, 1.611795425415039, 1.6122297048568726, 1.6165231466293335, 1.6035044193267822, 1.6060435771942139, 1.594354271888733, 1.591186285018921, 1.6078824996948242, 1.586409091949463, 1.5992971658706665, 1.6122665405273438, 1.6166753768920898, 1.6194298267364502, 1.632592797279358, 1.6337220668792725, 1.6412162780761719, 1.6578943729400635, 1.672311544418335, 1.6924479007720947], "val_accuracy": [0.21669921278953552, 0.21826171875, 0.23330077528953552, 0.28828126192092896, 0.30253905057907104, 0.3111328184604645, 0.31669920682907104, 0.328125, 0.33173829317092896, 0.3369140625, 0.3370117247104645, 0.34355467557907104, 0.3515625, 0.35595703125, 0.3565429747104645, 0.36669921875, 0.37177735567092896, 0.37060546875, 0.37890625, 0.3758789002895355, 0.38007813692092896, 0.38789063692092896, 0.3828125, 0.3902343809604645, 0.38642579317092896, 0.38457030057907104, 0.38789063692092896, 0.3857421875, 0.3873046934604645, 0.3882812559604645, 0.38789063692092896, 0.3861328065395355, 0.38593751192092896, 0.3841796815395355]}