{"loss": [41.17951202392578, 19.157943725585938, 11.795318603515625, 8.387748718261719, 6.268703937530518, 4.806408405303955, 3.7824172973632812, 3.0643932819366455, 2.5686800479888916, 2.229933023452759, 1.9996684789657593, 1.8459051847457886, 1.7462762594223022, 1.6790639162063599, 1.636321783065796, 1.6043373346328735, 1.5863912105560303, 1.5704858303070068, 1.5602165460586548, 1.5528161525726318, 1.5456197261810303, 1.5427924394607544, 1.5382970571517944, 1.5337071418762207, 1.5304601192474365, 1.528167963027954, 1.526130199432373, 1.5209980010986328, 1.5187110900878906, 1.5163969993591309, 1.5123878717422485, 1.5112971067428589, 1.5079944133758545, 1.5067462921142578, 1.501831293106079, 1.4994423389434814, 1.4984443187713623, 1.495069980621338, 1.4920653104782104, 1.4866535663604736, 1.483756184577942, 1.4825023412704468, 1.4772590398788452, 1.4755911827087402], "accuracy": [0.22964514791965485, 0.3126176595687866, 0.3371140956878662, 0.34264400601387024, 0.34650319814682007, 0.35120952129364014, 0.35088008642196655, 0.35419803857803345, 0.35704538226127625, 0.3587867021560669, 0.3628341555595398, 0.36652860045433044, 0.3698465824127197, 0.37478822469711304, 0.37641188502311707, 0.3822242021560669, 0.38455384969711304, 0.3885542154312134, 0.39144861698150635, 0.3902955651283264, 0.39549604058265686, 0.3974021077156067, 0.3980139195919037, 0.39867281913757324, 0.40015530586242676, 0.40394389629364014, 0.4032144248485565, 0.40495577454566956, 0.40857961773872375, 0.4086267054080963, 0.4105798304080963, 0.4143684208393097, 0.41425076127052307, 0.4153096675872803, 0.4179452061653137, 0.41683924198150635, 0.42013365030288696, 0.4223691523075104, 0.4247458577156067, 0.42615774273872375, 0.4316641688346863, 0.43048757314682007, 0.43439382314682007, 0.43580570816993713], "val_loss": [26.040618896484375, 14.455714225769043, 9.866016387939453, 7.259364128112793, 5.4923095703125, 4.247977256774902, 3.376865863800049, 2.772684335708618, 2.3618013858795166, 2.083834171295166, 1.8971267938613892, 1.7826181650161743, 1.6988885402679443, 1.6439234018325806, 1.6102807521820068, 1.5845515727996826, 1.569615125656128, 1.5591734647750854, 1.552144169807434, 1.5488704442977905, 1.5462214946746826, 1.5424622297286987, 1.540053129196167, 1.5407800674438477, 1.536588191986084, 1.5360615253448486, 1.53400456905365, 1.5339752435684204, 1.5358999967575073, 1.5324442386627197, 1.5327669382095337, 1.5335619449615479, 1.5327612161636353, 1.5318763256072998, 1.5346777439117432, 1.532608151435852, 1.535228967666626, 1.5341618061065674, 1.5359448194503784, 1.5385656356811523, 1.5398885011672974, 1.5417388677597046, 1.546353816986084, 1.5485033988952637], "val_accuracy": [0.21259765326976776, 0.22148437798023224, 0.25458985567092896, 0.2982421815395355, 0.33662110567092896, 0.35419923067092896, 0.3573242127895355, 0.3612304627895355, 0.3667968809604645, 0.37031251192092896, 0.37255859375, 0.37275391817092896, 0.3759765625, 0.3824218809604645, 0.3833984434604645, 0.3905273377895355, 0.39140623807907104, 0.3931640684604645, 0.39189451932907104, 0.3926757872104645, 0.3900390565395355, 0.39335936307907104, 0.39531248807907104, 0.39189451932907104, 0.39794921875, 0.39433592557907104, 0.396484375, 0.39404296875, 0.3939453065395355, 0.39472657442092896, 0.3949218690395355, 0.39521485567092896, 0.39482420682907104, 0.39599609375, 0.3946289122104645, 0.3951171934604645, 0.39531248807907104, 0.39814454317092896, 0.3958984315395355, 0.39814454317092896, 0.3980468809604645, 0.39716798067092896, 0.3968749940395355, 0.39599609375]}