{"loss": [40.9534797668457, 18.944438934326172, 11.645484924316406, 8.266242980957031, 6.167985439300537, 4.708121299743652, 3.6555018424987793, 2.93424916267395, 2.4428932666778564, 2.1086549758911133, 1.8827921152114868, 1.732851266860962, 1.6358050107955933, 1.5697388648986816, 1.523993730545044, 1.4954334497451782, 1.4746075868606567, 1.462576985359192, 1.4526089429855347, 1.4405080080032349, 1.433031678199768, 1.425305962562561, 1.419325828552246, 1.413121223449707, 1.409185528755188, 1.407157063484192, 1.4020280838012695, 1.3952893018722534, 1.3899641036987305, 1.3871742486953735, 1.3849021196365356, 1.381853699684143, 1.3772507905960083, 1.3716694116592407, 1.3676677942276, 1.3657469749450684, 1.3621957302093506, 1.3642385005950928, 1.357322096824646, 1.354630947113037, 1.3478635549545288, 1.3426450490951538, 1.3375741243362427], "accuracy": [0.2383044958114624, 0.2733212411403656, 0.3426339328289032, 0.3704427182674408, 0.3784644603729248, 0.3899042010307312, 0.4242931604385376, 0.4347330629825592, 0.437802255153656, 0.4421502947807312, 0.4456845223903656, 0.4476144015789032, 0.4493815004825592, 0.451078861951828, 0.4547293484210968, 0.4566824734210968, 0.45751953125, 0.4582868218421936, 0.4633324146270752, 0.4650530219078064, 0.4682849645614624, 0.4721912145614624, 0.4729817807674408, 0.477143794298172, 0.4786551296710968, 0.4799572229385376, 0.4811895489692688, 0.4864443838596344, 0.4895833432674408, 0.4927920401096344, 0.4921875, 0.4936290979385376, 0.4976283609867096, 0.5002092719078064, 0.5009533166885376, 0.505673348903656, 0.5056965947151184, 0.5048130750656128, 0.5105329155921936, 0.5108817219734192, 0.5147879719734192, 0.5172991156578064, 0.5195544958114624], "val_loss": [25.64200782775879, 14.185985565185547, 9.711068153381348, 7.147416114807129, 5.402276992797852, 4.153522968292236, 3.259819507598877, 2.655824661254883, 2.2456986904144287, 1.975855827331543, 1.7928615808486938, 1.6726740598678589, 1.597348690032959, 1.5464894771575928, 1.512290358543396, 1.489897608757019, 1.4772731065750122, 1.464767336845398, 1.4615038633346558, 1.4478143453598022, 1.4448708295822144, 1.4370920658111572, 1.4352880716323853, 1.4269293546676636, 1.4256492853164673, 1.4236589670181274, 1.4205970764160156, 1.4237343072891235, 1.421496868133545, 1.4162882566452026, 1.41793954372406, 1.4188238382339478, 1.4156233072280884, 1.417375087738037, 1.421017050743103, 1.418586254119873, 1.418771743774414, 1.4239966869354248, 1.42306387424469, 1.4221621751785278, 1.4268171787261963, 1.43118155002594, 1.42841637134552], "val_accuracy": [0.2705543041229248, 0.2858072817325592, 0.3415178656578064, 0.3669084906578064, 0.3745349645614624, 0.4087611734867096, 0.4346168041229248, 0.4377790093421936, 0.441313236951828, 0.4427083432674408, 0.4436383843421936, 0.447079598903656, 0.4463355541229248, 0.445498526096344, 0.44921875, 0.4505208432674408, 0.4526599645614624, 0.450985848903656, 0.4536830484867096, 0.4580543041229248, 0.463076651096344, 0.4656808078289032, 0.464750736951828, 0.468563973903656, 0.4702380895614624, 0.4712611734867096, 0.4735863208770752, 0.470796138048172, 0.4713541567325592, 0.4765625, 0.4739583432674408, 0.4756324291229248, 0.476469486951828, 0.4752604067325592, 0.472563236951828, 0.4741443395614624, 0.4740513265132904, 0.4732142984867096, 0.4755394458770752, 0.4752604067325592, 0.4713541567325592, 0.4749813973903656, 0.4753534197807312]}