{"loss": [12.537309646606445, 6.898710250854492, 4.643684387207031, 3.5524888038635254, 2.896782159805298, 2.5046355724334717, 2.2379837036132812, 2.0498037338256836, 1.916337490081787, 1.8236277103424072, 1.7556244134902954, 1.7075185775756836, 1.6692912578582764, 1.639167308807373, 1.6161715984344482, 1.5961904525756836, 1.5806382894515991, 1.572265386581421, 1.561532974243164, 1.5491770505905151, 1.540590524673462, 1.5325045585632324, 1.5241303443908691, 1.5202405452728271, 1.5152642726898193, 1.5064657926559448, 1.5010802745819092, 1.4927875995635986, 1.4827969074249268, 1.477580189704895, 1.4661035537719727, 1.4561872482299805], "accuracy": [0.19615964591503143, 0.20376035571098328, 0.21164344251155853, 0.24597609043121338, 0.2911332845687866, 0.3006165325641632, 0.31047627329826355, 0.31930065155029297, 0.32711315155029297, 0.33466678857803345, 0.3433029055595398, 0.34746798872947693, 0.3595162034034729, 0.3690229654312134, 0.3722938597202301, 0.38104763627052307, 0.3893072307109833, 0.392578125, 0.3949548304080963, 0.40121424198150635, 0.4083207845687866, 0.41354480385780334, 0.4191924035549164, 0.4230986535549164, 0.42387518286705017, 0.43065229058265686, 0.4344879388809204, 0.44180628657341003, 0.44825395941734314, 0.4541839361190796, 0.4579489827156067, 0.4672675132751465], "val_loss": [8.842493057250977, 5.435486316680908, 4.008407115936279, 3.189765453338623, 2.6973037719726562, 2.3582935333251953, 2.1282296180725098, 1.9627923965454102, 1.8513271808624268, 1.7746946811676025, 1.7218732833862305, 1.6830790042877197, 1.655137062072754, 1.6271066665649414, 1.6111139059066772, 1.5961347818374634, 1.5916143655776978, 1.5843937397003174, 1.5750629901885986, 1.5739446878433228, 1.5699217319488525, 1.5672218799591064, 1.568899393081665, 1.570618748664856, 1.56877863407135, 1.5714068412780762, 1.5734996795654297, 1.57778799533844, 1.5838632583618164, 1.5920498371124268, 1.5974719524383545, 1.6139472723007202], "val_accuracy": [0.20937499403953552, 0.20917968451976776, 0.21396484971046448, 0.2886718809604645, 0.3086914122104645, 0.3218750059604645, 0.3250976502895355, 0.33125001192092896, 0.33447265625, 0.34130859375, 0.3456054627895355, 0.34980469942092896, 0.35722655057907104, 0.36162108182907104, 0.3670898377895355, 0.3750976622104645, 0.38037109375, 0.3828125, 0.38740235567092896, 0.38935548067092896, 0.3873046934604645, 0.3954101502895355, 0.3912109434604645, 0.39111328125, 0.3955078125, 0.39228516817092896, 0.39501953125, 0.39238280057907104, 0.39189451932907104, 0.3912109434604645, 0.39404296875, 0.3935546875]}