{"loss": [12.239025115966797, 6.668164253234863, 4.574461936950684, 3.584625244140625, 2.9937872886657715, 2.598639726638794, 2.3190529346466064, 2.1204652786254883, 1.9800409078598022, 1.8767706155776978, 1.8052523136138916, 1.7547413110733032, 1.7164496183395386, 1.6888021230697632, 1.6703577041625977, 1.6560527086257935, 1.6438690423965454, 1.6355400085449219, 1.6294935941696167, 1.6260578632354736, 1.6209852695465088, 1.6163051128387451, 1.6120892763137817, 1.610251784324646, 1.607641339302063, 1.6047719717025757, 1.602095603942871, 1.6001697778701782, 1.5989264249801636, 1.5978407859802246, 1.5941836833953857, 1.5914992094039917], "accuracy": [0.2270095944404602, 0.2782379388809204, 0.29409825801849365, 0.30012235045433044, 0.3097703456878662, 0.31379422545433044, 0.31965360045433044, 0.3184770345687866, 0.3219361901283264, 0.3265013098716736, 0.32612481713294983, 0.32838383316993713, 0.33318430185317993, 0.33407849073410034, 0.33659639954566956, 0.3334196209907532, 0.3379141688346863, 0.3431852459907532, 0.3429734706878662, 0.3434440791606903, 0.3445030152797699, 0.3465737998485565, 0.3508565425872803, 0.35090360045433044, 0.35466867685317993, 0.3595162034034729, 0.3606927692890167, 0.36106929183006287, 0.36591678857803345, 0.36678746342658997, 0.37285861372947693, 0.37805911898612976], "val_loss": [8.530966758728027, 5.349240303039551, 3.985708713531494, 3.239243984222412, 2.7614712715148926, 2.4314091205596924, 2.198599338531494, 2.0365872383117676, 1.9179542064666748, 1.8328087329864502, 1.7746307849884033, 1.7355142831802368, 1.7046149969100952, 1.6825597286224365, 1.6681162118911743, 1.6574503183364868, 1.6524908542633057, 1.6480928659439087, 1.644624948501587, 1.6422866582870483, 1.6416345834732056, 1.6394784450531006, 1.6394191980361938, 1.6405808925628662, 1.6394288539886475, 1.64419686794281, 1.646710753440857, 1.64951491355896, 1.656836748123169, 1.6595618724822998, 1.669040322303772, 1.6778907775878906], "val_accuracy": [0.2635742127895355, 0.2958007752895355, 0.3116210997104645, 0.31914061307907104, 0.3197265565395355, 0.3232421875, 0.32353514432907104, 0.32050782442092896, 0.32050782442092896, 0.3243164122104645, 0.326171875, 0.32402342557907104, 0.3260742127895355, 0.3275390565395355, 0.3296875059604645, 0.32841795682907104, 0.32939451932907104, 0.3275390565395355, 0.3290039002895355, 0.3306640684604645, 0.3275390565395355, 0.33232420682907104, 0.33027344942092896, 0.3296875059604645, 0.33369141817092896, 0.3343749940395355, 0.33476561307907104, 0.3314453065395355, 0.3316406309604645, 0.3299804627895355, 0.33085936307907104, 0.32734376192092896]}