{"loss": [11.909504890441895, 6.4874444007873535, 4.50058126449585, 3.5617642402648926, 2.9923031330108643, 2.6033549308776855, 2.3272087574005127, 2.1309914588928223, 1.9915822744369507, 1.892879843711853, 1.8230844736099243, 1.773831844329834, 1.740220069885254, 1.7148789167404175, 1.698159098625183, 1.6864831447601318, 1.6763797998428345, 1.6697367429733276, 1.6654974222183228, 1.6604700088500977, 1.659421443939209, 1.65614652633667, 1.6542731523513794, 1.6516242027282715, 1.6502844095230103, 1.650136947631836, 1.649954915046692, 1.6480464935302734, 1.6466580629348755, 1.6471493244171143, 1.6461420059204102, 1.644694447517395, 1.6449226140975952, 1.6441681385040283, 1.643707036972046, 1.6420295238494873, 1.642940640449524, 1.6415632963180542, 1.6403510570526123, 1.6410417556762695, 1.6410366296768188, 1.6399600505828857, 1.640931248664856, 1.6392836570739746, 1.6388325691223145, 1.6386711597442627, 1.6381134986877441], "accuracy": [0.25275319814682007, 0.2730139195919037, 0.2754141688346863, 0.27969691157341003, 0.2863328456878662, 0.2875800132751465, 0.2901449501514435, 0.29202747344970703, 0.29092150926589966, 0.2938394248485565, 0.2938394248485565, 0.2943335771560669, 0.29727503657341003, 0.2968514561653137, 0.2972044348716736, 0.29633376002311707, 0.3006635904312134, 0.2986634075641632, 0.30071064829826355, 0.30115774273872375, 0.29976940155029297, 0.30059298872947693, 0.29976940155029297, 0.3023107945919037, 0.3028990924358368, 0.30129894614219666, 0.3043815791606903, 0.30282849073410034, 0.3014872074127197, 0.30327561497688293, 0.30188724398612976, 0.30445218086242676, 0.30487576127052307, 0.3045227825641632, 0.30489927530288696, 0.30459338426589966, 0.3062170445919037, 0.3082643151283264, 0.30718186497688293, 0.3071112632751465, 0.3074171543121338, 0.30774661898612976, 0.3066641688346863, 0.30682888627052307, 0.30704066157341003, 0.3080289959907532, 0.3090643882751465], "val_loss": [8.22028636932373, 5.1824235916137695, 3.9200987815856934, 3.216789722442627, 2.7559783458709717, 2.432744264602661, 2.2018206119537354, 2.03680682182312, 1.921830415725708, 1.8394966125488281, 1.7832386493682861, 1.7414268255233765, 1.7131214141845703, 1.6937097311019897, 1.6797282695770264, 1.6692975759506226, 1.6640548706054688, 1.6582895517349243, 1.6543232202529907, 1.6505587100982666, 1.6475505828857422, 1.64602792263031, 1.645424246788025, 1.6442714929580688, 1.6429874897003174, 1.6415554285049438, 1.6410709619522095, 1.6409248113632202, 1.6404110193252563, 1.6395533084869385, 1.6404914855957031, 1.639484167098999, 1.6389713287353516, 1.6389957666397095, 1.6387758255004883, 1.6391668319702148, 1.638199806213379, 1.6391146183013916, 1.6381332874298096, 1.6387207508087158, 1.6394624710083008, 1.6400566101074219, 1.6392252445220947, 1.6391000747680664, 1.6395533084869385, 1.640419602394104, 1.6397063732147217], "val_accuracy": [0.28193360567092896, 0.287109375, 0.29316407442092896, 0.2979492247104645, 0.29853516817092896, 0.30224609375, 0.3017578125, 0.3045898377895355, 0.30107420682907104, 0.3021484315395355, 0.30205076932907104, 0.3045898377895355, 0.3042968809604645, 0.3038085997104645, 0.3037109375, 0.30488282442092896, 0.30595701932907104, 0.3046875, 0.3065429627895355, 0.30390626192092896, 0.30742186307907104, 0.30693358182907104, 0.30615234375, 0.3062500059604645, 0.3046875, 0.30781251192092896, 0.3091796934604645, 0.30791014432907104, 0.30810546875, 0.3072265684604645, 0.3055664002895355, 0.30888670682907104, 0.3084960877895355, 0.3095703125, 0.3082031309604645, 0.31074219942092896, 0.31279295682907104, 0.30742186307907104, 0.30888670682907104, 0.3095703125, 0.30791014432907104, 0.3070312440395355, 0.31035155057907104, 0.30830079317092896, 0.3077148497104645, 0.30976563692092896, 0.3104492127895355]}