{"loss": [3.065244436264038, 0.892907977104187, 0.846693754196167, 0.8338009715080261, 0.8258892297744751, 0.8175339102745056, 0.8110976219177246, 0.8057873249053955, 0.801194429397583, 0.7982551455497742, 0.7950670719146729, 0.7932611107826233, 0.7911490797996521, 0.7889383435249329, 0.7873014807701111, 0.7862183451652527, 0.7841989398002625, 0.7824428677558899, 0.7810547947883606, 0.7789331674575806, 0.7786128520965576, 0.776711106300354, 0.7758598923683167, 0.7736556529998779, 0.7731212973594666, 0.7713105082511902, 0.770212709903717, 0.7691429853439331, 0.7678455114364624, 0.7663453221321106, 0.7645846009254456, 0.7632482051849365, 0.7623541355133057, 0.7601509094238281, 0.7594879269599915, 0.7578746676445007, 0.7555536031723022, 0.7543082237243652, 0.7527554631233215, 0.7510193586349487], "accuracy": [0.5883658528327942, 0.6452566385269165, 0.650878369808197, 0.6549618244171143, 0.6586283445358276, 0.6629911065101624, 0.6666430234909058, 0.6690630912780762, 0.6720917820930481, 0.6733299493789673, 0.6745743751525879, 0.6755331754684448, 0.6767129898071289, 0.6772487163543701, 0.6781262755393982, 0.6785306334495544, 0.6802440285682678, 0.680892288684845, 0.681742787361145, 0.6828829646110535, 0.6832394003868103, 0.6843504309654236, 0.6845046281814575, 0.6861826181411743, 0.6861826181411743, 0.6879648566246033, 0.6887714862823486, 0.6894364356994629, 0.6899805068969727, 0.6912353038787842, 0.69205242395401, 0.6934511065483093, 0.694163978099823, 0.6957147717475891, 0.6960732936859131, 0.6973093748092651, 0.6996523141860962, 0.6999545693397522, 0.7011197805404663, 0.7025142312049866], "val_loss": [0.9754011631011963, 0.8416436314582825, 0.8296173214912415, 0.8280173540115356, 0.832811713218689, 0.819046676158905, 0.8174684047698975, 0.8174251317977905, 0.8141118884086609, 0.8175960183143616, 0.80902498960495, 0.8168298006057739, 0.8028704524040222, 0.8047223687171936, 0.8101978302001953, 0.8046419620513916, 0.8006673455238342, 0.797195315361023, 0.7989361882209778, 0.7967926263809204, 0.7958850264549255, 0.7921826243400574, 0.7987319827079773, 0.7982794046401978, 0.7937791347503662, 0.7940735816955566, 0.7956080436706543, 0.7956018447875977, 0.794540286064148, 0.787359893321991, 0.7932146787643433, 0.7952903509140015, 0.7954714894294739, 0.794164776802063, 0.7956529259681702, 0.7956018447875977, 0.7962839007377625, 0.7948669791221619, 0.7990197539329529, 0.7991729378700256], "val_accuracy": [0.6485794186592102, 0.654831051826477, 0.6566590070724487, 0.6559078097343445, 0.649856448173523, 0.659363329410553, 0.6592297554016113, 0.658128023147583, 0.6606153249740601, 0.6577190160751343, 0.6637369990348816, 0.6572599411010742, 0.6667501330375671, 0.6650640964508057, 0.6618589758872986, 0.6648470759391785, 0.6671507954597473, 0.669312596321106, 0.6676432490348816, 0.6685696840286255, 0.670255720615387, 0.6733440160751343, 0.6683443784713745, 0.6681440472602844, 0.6711488366127014, 0.6713491678237915, 0.6709067821502686, 0.6697298884391785, 0.6703225374221802, 0.675338864326477, 0.6717665195465088, 0.6713742017745972, 0.6715661883354187, 0.6723507642745972, 0.6718249320983887, 0.6721504330635071, 0.6722005009651184, 0.6720002293586731, 0.6704477071762085, 0.6713324785232544]}