{"loss": [31.327739715576172, 23.29326629638672, 17.34419822692871, 12.9388427734375, 9.683450698852539, 7.296365261077881, 5.565207481384277, 4.325070858001709, 3.448091506958008, 2.8348500728607178, 2.413867712020874, 2.1287992000579834, 1.9382147789001465, 1.8134379386901855, 1.7319555282592773, 1.680264949798584, 1.6464412212371826, 1.6257745027542114, 1.6117639541625977, 1.6046372652053833, 1.5972073078155518, 1.5947712659835815, 1.592137336730957, 1.588783860206604, 1.588067889213562, 1.5877923965454102, 1.5858397483825684, 1.5842279195785522, 1.5833910703659058, 1.5828477144241333, 1.5818661451339722, 1.5811394453048706, 1.5801622867584229, 1.578956127166748, 1.579028606414795, 1.5788590908050537, 1.5784235000610352, 1.5777357816696167, 1.5764330625534058, 1.5762391090393066, 1.5752280950546265, 1.5755192041397095, 1.5747636556625366, 1.5740617513656616, 1.5728691816329956, 1.572051763534546, 1.5716848373413086, 1.570670485496521, 1.5704329013824463, 1.5699279308319092], "accuracy": [0.22839796543121338, 0.2997458577156067, 0.32459524273872375, 0.33149001002311707, 0.33393731713294983, 0.3368552327156067, 0.3388083577156067, 0.3381730020046234, 0.3381965458393097, 0.3393966555595398, 0.34094974398612976, 0.34113797545433044, 0.3416556715965271, 0.3425028324127197, 0.3435852825641632, 0.3438676595687866, 0.34262049198150635, 0.34370294213294983, 0.3437264561653137, 0.3460325598716736, 0.345091313123703, 0.34591490030288696, 0.3443853557109833, 0.34671497344970703, 0.3455854654312134, 0.34664440155029297, 0.34624436497688293, 0.3462678790092468, 0.346314936876297, 0.3465973138809204, 0.34800922870635986, 0.34680911898612976, 0.34664440155029297, 0.34864458441734314, 0.3474915325641632, 0.34845632314682007, 0.34697383642196655, 0.34789156913757324, 0.3500564694404602, 0.3486916422843933, 0.35040944814682007, 0.3482210040092468, 0.3498917520046234, 0.35026827454566956, 0.35071536898612976, 0.35057416558265686, 0.35040944814682007, 0.3520566523075104, 0.35255083441734314, 0.35071536898612976], "val_loss": [26.930606842041016, 20.05375862121582, 14.939085006713867, 11.144601821899414, 8.351679801940918, 6.317183494567871, 4.853636741638184, 3.8141651153564453, 3.0853285789489746, 2.581186056137085, 2.23734712600708, 2.006882667541504, 1.8540805578231812, 1.755445122718811, 1.6912113428115845, 1.6506248712539673, 1.6251634359359741, 1.6088898181915283, 1.5992530584335327, 1.5925319194793701, 1.5882279872894287, 1.585260033607483, 1.5835508108139038, 1.582042932510376, 1.5810352563858032, 1.5801067352294922, 1.579643964767456, 1.5788508653640747, 1.5782315731048584, 1.578057050704956, 1.5779987573623657, 1.5765057802200317, 1.5773048400878906, 1.5764758586883545, 1.5763285160064697, 1.5763177871704102, 1.5759414434432983, 1.5763137340545654, 1.5752589702606201, 1.5744630098342896, 1.5754154920578003, 1.5747735500335693, 1.575771689414978, 1.5757746696472168, 1.575709581375122, 1.5749667882919312, 1.5751603841781616, 1.5751099586486816, 1.5744540691375732, 1.5742833614349365], "val_accuracy": [0.21865233778953552, 0.2777343690395355, 0.31611329317092896, 0.33574217557907104, 0.34541016817092896, 0.34833985567092896, 0.3487304747104645, 0.349609375, 0.35039061307907104, 0.3505859375, 0.35126954317092896, 0.35107421875, 0.35175782442092896, 0.3519531190395355, 0.3529296815395355, 0.35205078125, 0.35322266817092896, 0.3541015684604645, 0.35273438692092896, 0.35273438692092896, 0.35224610567092896, 0.35371094942092896, 0.3539062440395355, 0.35419923067092896, 0.3536132872104645, 0.3539062440395355, 0.35517579317092896, 0.35371094942092896, 0.3534179627895355, 0.35478514432907104, 0.35468751192092896, 0.353515625, 0.3544921875, 0.35332030057907104, 0.353515625, 0.35185545682907104, 0.3536132872104645, 0.35224610567092896, 0.3529296815395355, 0.35429686307907104, 0.3514648377895355, 0.3519531190395355, 0.35126954317092896, 0.35126954317092896, 0.3505859375, 0.3514648377895355, 0.3504882752895355, 0.35205078125, 0.3515625, 0.35126954317092896]}