{"loss": [12.433506965637207, 6.788909435272217, 4.555169582366943, 3.472663164138794, 2.89064621925354, 2.5059826374053955, 2.242680549621582, 2.054568290710449, 1.921667456626892, 1.8280131816864014, 1.7584112882614136, 1.7102199792861938, 1.6679035425186157, 1.6375210285186768, 1.6176165342330933, 1.5963408946990967, 1.578713297843933, 1.570417046546936, 1.557583212852478, 1.5460600852966309, 1.5402899980545044, 1.5289208889007568, 1.5229891538619995, 1.5166736841201782, 1.5110851526260376, 1.5012938976287842, 1.493772268295288, 1.488000750541687, 1.4847582578659058, 1.4767415523529053, 1.4695051908493042, 1.4627379179000854], "accuracy": [0.20096008479595184, 0.21041980385780334, 0.23324547708034515, 0.2929922938346863, 0.29781627655029297, 0.31033509969711304, 0.31574735045433044, 0.3258659541606903, 0.3296310305595398, 0.33944371342658997, 0.3439147174358368, 0.3509271442890167, 0.36170461773872375, 0.3715173304080963, 0.37415286898612976, 0.38060054183006287, 0.38949549198150635, 0.3948606848716736, 0.4023202061653137, 0.4069794714450836, 0.4081795811653137, 0.41641566157341003, 0.4194277226924896, 0.42436936497688293, 0.4284403324127197, 0.43667638301849365, 0.4390295445919037, 0.44535955786705017, 0.44691264629364014, 0.4532897174358368, 0.4556664228439331, 0.46310240030288696], "val_loss": [8.711816787719727, 5.352370262145996, 3.9494597911834717, 3.193411350250244, 2.7090840339660645, 2.372654914855957, 2.1373062133789062, 1.973117470741272, 1.8582594394683838, 1.7797387838363647, 1.7269620895385742, 1.6836200952529907, 1.6504456996917725, 1.6276355981826782, 1.607201337814331, 1.6038345098495483, 1.5915895700454712, 1.5868631601333618, 1.5763144493103027, 1.5790252685546875, 1.5803086757659912, 1.5731682777404785, 1.5868079662322998, 1.581533670425415, 1.5789364576339722, 1.5771617889404297, 1.5825244188308716, 1.5960605144500732, 1.603833794593811, 1.6085567474365234, 1.608850121498108, 1.6052923202514648], "val_accuracy": [0.21621093153953552, 0.21650390326976776, 0.23652343451976776, 0.27294921875, 0.3036132752895355, 0.3241210877895355, 0.33085936307907104, 0.3394531309604645, 0.34599608182907104, 0.3499999940395355, 0.3544921875, 0.35888671875, 0.369140625, 0.3734374940395355, 0.3832031190395355, 0.37861329317092896, 0.38496094942092896, 0.38593751192092896, 0.3912109434604645, 0.3900390565395355, 0.38720703125, 0.39531248807907104, 0.3832031190395355, 0.38847655057907104, 0.39189451932907104, 0.3983398377895355, 0.39726561307907104, 0.3895507752895355, 0.38642579317092896, 0.3877929747104645, 0.390625, 0.3956054747104645]}