{"loss": [12.873952865600586, 8.18776798248291, 5.506102085113525, 3.9802348613739014, 3.0981690883636475, 2.564755916595459, 2.2288291454315186, 1.9843285083770752, 1.7684824466705322, 1.6453850269317627, 1.5648053884506226, 1.5133284330368042, 1.4711482524871826, 1.4037140607833862, 1.3203587532043457, 1.3131572008132935, 1.2429109811782837, 1.1860675811767578, 1.0835492610931396, 1.0079076290130615, 1.0675344467163086, 0.9814959764480591, 0.9252761602401733], "accuracy": [0.20321913063526154, 0.2073371559381485, 0.21056099236011505, 0.22644484043121338, 0.24527014791965485, 0.27082547545433044, 0.2972985804080963, 0.3272543251514435, 0.38347139954566956, 0.4056617021560669, 0.42406344413757324, 0.43458208441734314, 0.4421357214450836, 0.4723738729953766, 0.5164721608161926, 0.5117422938346863, 0.5515342354774475, 0.5761954188346863, 0.625211775302887, 0.6655449867248535, 0.631871223449707, 0.6714984774589539, 0.6959478259086609], "val_loss": [10.08016300201416, 6.579821586608887, 4.603217601776123, 3.4747490882873535, 2.814279079437256, 2.3774187564849854, 2.1328516006469727, 1.8699109554290771, 1.7323684692382812, 1.660070776939392, 1.6207177639007568, 1.595130205154419, 1.5697710514068604, 1.5967451333999634, 1.6293939352035522, 1.6402664184570312, 1.682489037513733, 1.7770599126815796, 1.9368184804916382, 2.0768001079559326, 1.9054263830184937, 1.814103364944458, 1.9218370914459229], "val_accuracy": [0.20781250298023224, 0.20781250298023224, 0.22373047471046448, 0.21787109971046448, 0.23007813096046448, 0.27509766817092896, 0.2826171815395355, 0.36601561307907104, 0.3790039122104645, 0.3871093690395355, 0.38593751192092896, 0.3936523497104645, 0.39531248807907104, 0.39580076932907104, 0.3905273377895355, 0.3868164122104645, 0.3758789002895355, 0.36845701932907104, 0.35859376192092896, 0.35419923067092896, 0.33134764432907104, 0.3359375, 0.3495117127895355]}