{"loss": [20.926877975463867, 9.902019500732422, 6.413049697875977, 4.6749796867370605, 3.605412483215332, 2.9051003456115723, 2.4368138313293457, 2.1223037242889404, 1.9128755331039429, 1.7741978168487549, 1.6830686330795288, 1.6248667240142822, 1.5848450660705566, 1.5572381019592285, 1.5376721620559692, 1.5052504539489746, 1.4648195505142212, 1.4450041055679321, 1.4340919256210327, 1.4231326580047607, 1.4126031398773193, 1.4086003303527832, 1.4036959409713745, 1.3955167531967163, 1.3874009847640991, 1.3840396404266357, 1.3841861486434937, 1.3759151697158813, 1.370368480682373, 1.3622462749481201, 1.3576189279556274, 1.3511968851089478, 1.3449558019638062, 1.3423573970794678], "accuracy": [0.23472823202610016, 0.270923376083374, 0.2908286154270172, 0.35328707098960876, 0.3762882351875305, 0.384350061416626, 0.3882770836353302, 0.3935339152812958, 0.39380401372909546, 0.3983543813228607, 0.40034908056259155, 0.40238529443740845, 0.40514877438545227, 0.40718501806259155, 0.4100523591041565, 0.42756813764572144, 0.4522523283958435, 0.46079206466674805, 0.46731632947921753, 0.4696434438228607, 0.476354718208313, 0.47934675216674805, 0.48161154985427856, 0.48265042901039124, 0.48959025740623474, 0.4912317097187042, 0.4901512563228607, 0.49644696712493896, 0.4990442097187042, 0.504051685333252, 0.507396936416626, 0.5086851716041565, 0.5162690877914429, 0.5168716907501221], "val_loss": [13.126269340515137, 7.6163716316223145, 5.421737194061279, 4.112490653991699, 3.2278451919555664, 2.6393680572509766, 2.2561681270599365, 2.0018069744110107, 1.8256421089172363, 1.7166798114776611, 1.6486008167266846, 1.6033830642700195, 1.5733247995376587, 1.5539555549621582, 1.5344538688659668, 1.470788598060608, 1.4489185810089111, 1.4424668550491333, 1.4424151182174683, 1.43221116065979, 1.4312841892242432, 1.4285211563110352, 1.4378678798675537, 1.4143952131271362, 1.4259533882141113, 1.4298782348632812, 1.4274190664291382, 1.428779125213623, 1.4233742952346802, 1.4149868488311768, 1.4214311838150024, 1.419106364250183, 1.4193158149719238, 1.4231334924697876], "val_accuracy": [0.2663043439388275, 0.27700406312942505, 0.297724187374115, 0.33559781312942505, 0.37449049949645996, 0.3904551565647125, 0.39164403080940247, 0.3927479684352875, 0.3991168439388275, 0.40208899974823, 0.400390625, 0.40285325050354004, 0.40684443712234497, 0.4075237810611725, 0.4094769060611725, 0.444463312625885, 0.45864468812942505, 0.45949387550354004, 0.45838993787765503, 0.46458899974823, 0.46424931287765503, 0.46603259444236755, 0.461786687374115, 0.4739300310611725, 0.4672214686870575, 0.46705162525177, 0.469853937625885, 0.46908968687057495, 0.47121262550354004, 0.473505437374115, 0.47325068712234497, 0.47486412525177, 0.47452446818351746, 0.4761379063129425]}