{"loss": [12.891375541687012, 8.204893112182617, 5.515445709228516, 3.9616446495056152, 2.99650239944458, 2.4567458629608154, 2.122269630432129, 1.9010215997695923, 1.74506676197052, 1.6288232803344727, 1.5402268171310425, 1.4716953039169312, 1.3720133304595947, 1.2875933647155762, 1.2375541925430298, 1.1856187582015991, 1.1310040950775146, 1.0011229515075684, 0.9502324461936951, 0.9854744672775269, 0.9869052767753601, 0.8517569899559021], "accuracy": [0.20608998835086823, 0.208984375, 0.21484375, 0.2486351728439331, 0.3215596675872803, 0.3518684208393097, 0.38064759969711304, 0.39956700801849365, 0.4183923304080963, 0.4396178424358368, 0.4579019248485565, 0.4701148271560669, 0.5118364095687866, 0.5465691089630127, 0.5637001395225525, 0.584925651550293, 0.6077513098716736, 0.6722985506057739, 0.689664900302887, 0.670933723449707, 0.672816276550293, 0.7253153324127197], "val_loss": [10.099703788757324, 6.593130588531494, 4.608380317687988, 3.4304802417755127, 2.7083849906921387, 2.281003475189209, 2.003648519515991, 1.8432667255401611, 1.7369301319122314, 1.6774005889892578, 1.640392541885376, 1.6155242919921875, 1.6294267177581787, 1.6924699544906616, 1.743983507156372, 1.7738573551177979, 1.887725830078125, 2.1212427616119385, 1.9745991230010986, 1.880645990371704, 1.9633913040161133, 2.2256228923797607], "val_accuracy": [0.20781250298023224, 0.20781250298023224, 0.22265625, 0.2725585997104645, 0.3324218690395355, 0.35888671875, 0.38496094942092896, 0.38935548067092896, 0.39619141817092896, 0.39287108182907104, 0.3970703184604645, 0.3993164002895355, 0.39775389432907104, 0.3871093690395355, 0.37529295682907104, 0.3768554627895355, 0.3741210997104645, 0.3534179627895355, 0.3497070372104645, 0.34589844942092896, 0.35986328125, 0.3516601622104645]}