{"loss": [12.492670059204102, 6.860564708709717, 4.629443645477295, 3.5133719444274902, 2.909675359725952, 2.5189175605773926, 2.251389980316162, 2.059960126876831, 1.9249365329742432, 1.831754207611084, 1.762878179550171, 1.7166062593460083, 1.6801952123641968, 1.6519540548324585, 1.6299315690994263, 1.6109232902526855, 1.5951159000396729, 1.5831074714660645, 1.5726993083953857, 1.5609108209609985, 1.5530511140823364, 1.546119213104248, 1.5353206396102905, 1.5253711938858032, 1.5187569856643677, 1.5118634700775146, 1.5081998109817505, 1.5002714395523071, 1.4909898042678833, 1.4860066175460815, 1.4747461080551147, 1.4658787250518799, 1.4576771259307861], "accuracy": [0.19724209606647491, 0.2071724385023117, 0.21797345578670502, 0.2785909175872803, 0.29230985045433044, 0.30386388301849365, 0.3114175498485565, 0.31873586773872375, 0.32487764954566956, 0.33196064829826355, 0.3392554521560669, 0.3410203456878662, 0.3503859043121338, 0.3569747805595398, 0.36351656913757324, 0.3715173304080963, 0.37794145941734314, 0.3847420811653137, 0.3924134075641632, 0.3976844847202301, 0.4045792520046234, 0.40559110045433044, 0.4130035638809204, 0.420533686876297, 0.4262754023075104, 0.4286050498485565, 0.4331231117248535, 0.43768826127052307, 0.4453360438346863, 0.4487245976924896, 0.4579019248485565, 0.46265530586242676, 0.4699501097202301], "val_loss": [8.785733222961426, 5.418156623840332, 4.0016303062438965, 3.221290111541748, 2.711484670639038, 2.3748958110809326, 2.1363863945007324, 1.9754457473754883, 1.8624866008758545, 1.7850011587142944, 1.7310880422592163, 1.6905149221420288, 1.661311149597168, 1.6441686153411865, 1.6258623600006104, 1.6115394830703735, 1.6010125875473022, 1.591953158378601, 1.5847474336624146, 1.5791651010513306, 1.5761505365371704, 1.576674222946167, 1.5753238201141357, 1.5759919881820679, 1.57718026638031, 1.5824699401855469, 1.5819181203842163, 1.5869262218475342, 1.5880005359649658, 1.5958350896835327, 1.6032333374023438, 1.6068710088729858, 1.6194307804107666], "val_accuracy": [0.20966796576976776, 0.20878906548023224, 0.23173828423023224, 0.2724609375, 0.30976563692092896, 0.3221679627895355, 0.32636719942092896, 0.32939451932907104, 0.33427733182907104, 0.3377929627895355, 0.3409179747104645, 0.34394532442092896, 0.34833985567092896, 0.3573242127895355, 0.36376953125, 0.3628906309604645, 0.36884766817092896, 0.37617188692092896, 0.37626951932907104, 0.3785156309604645, 0.38691407442092896, 0.3817382752895355, 0.38505858182907104, 0.3880859315395355, 0.38798826932907104, 0.39013671875, 0.39179688692092896, 0.38945311307907104, 0.3897460997104645, 0.3910156190395355, 0.39189451932907104, 0.3905273377895355, 0.39130860567092896]}