{"loss": [41.40275955200195, 19.424114227294922, 11.877936363220215, 8.38671875, 6.232386589050293, 4.742461681365967, 3.71734356880188, 3.007343053817749, 2.522000789642334, 2.191115140914917, 1.970467448234558, 1.8220170736312866, 1.7239820957183838, 1.657953143119812, 1.6144405603408813, 1.5838440656661987, 1.56412935256958, 1.5474016666412354, 1.5326930284500122, 1.5262486934661865, 1.5152086019515991, 1.5058636665344238, 1.4953505992889404, 1.4901732206344604, 1.4804798364639282, 1.476055383682251, 1.4701814651489258, 1.463226318359375, 1.4563461542129517, 1.4515881538391113, 1.4445621967315674, 1.4358177185058594, 1.4311106204986572, 1.4250620603561401, 1.4166077375411987, 1.408986210823059, 1.4004888534545898, 1.3935350179672241, 1.3847570419311523, 1.3758957386016846, 1.364303708076477], "accuracy": [0.19564194977283478, 0.21536144614219666, 0.2728727459907532, 0.29471009969711304, 0.31073513627052307, 0.3410203456878662, 0.3453736901283264, 0.35062122344970703, 0.3557511270046234, 0.3583160638809204, 0.36408132314682007, 0.3688111901283264, 0.37311747670173645, 0.3816359043121338, 0.38575395941734314, 0.39163684844970703, 0.397825688123703, 0.4014495611190796, 0.408814936876297, 0.4137801229953766, 0.4202277958393097, 0.4260871708393097, 0.43098172545433044, 0.4346526861190796, 0.44025319814682007, 0.4413827061653137, 0.4456419348716736, 0.45093655586242676, 0.45561936497688293, 0.4555017054080963, 0.45952561497688293, 0.4632200598716736, 0.47093844413757324, 0.47180911898612976, 0.47828030586242676, 0.4817159175872803, 0.48943430185317993, 0.4923287034034729, 0.4983292520046234, 0.5035768151283264, 0.5127070546150208], "val_loss": [26.263137817382812, 14.530322074890137, 9.866692543029785, 7.237756252288818, 5.482964515686035, 4.19876766204834, 3.3329150676727295, 2.737187385559082, 2.3330330848693848, 2.0630242824554443, 1.881899118423462, 1.7661418914794922, 1.6859601736068726, 1.6388654708862305, 1.6087589263916016, 1.5887796878814697, 1.5697381496429443, 1.5603660345077515, 1.55585515499115, 1.54918372631073, 1.5409677028656006, 1.5344061851501465, 1.535014271736145, 1.531292200088501, 1.5304882526397705, 1.5320465564727783, 1.5254958868026733, 1.5260673761367798, 1.5215908288955688, 1.5249426364898682, 1.5193798542022705, 1.5217961072921753, 1.524613618850708, 1.5228509902954102, 1.5255075693130493, 1.5298594236373901, 1.5341308116912842, 1.5454294681549072, 1.5594063997268677, 1.5693989992141724, 1.5669227838516235], "val_accuracy": [0.20810547471046448, 0.20859375596046448, 0.22939452528953552, 0.24980469048023224, 0.2935546934604645, 0.32958984375, 0.34248048067092896, 0.3515625, 0.3565429747104645, 0.3617187440395355, 0.3658203184604645, 0.3741210997104645, 0.37568360567092896, 0.3798828125, 0.3817382752895355, 0.38496094942092896, 0.39189451932907104, 0.3939453065395355, 0.3955078125, 0.3980468809604645, 0.3975585997104645, 0.40361326932907104, 0.4048828184604645, 0.40546876192092896, 0.40771484375, 0.4063476622104645, 0.41044920682907104, 0.40869140625, 0.41083985567092896, 0.40986329317092896, 0.41386717557907104, 0.41523438692092896, 0.4151367247104645, 0.4140625, 0.41728514432907104, 0.4183593690395355, 0.4166015684604645, 0.4124999940395355, 0.4071289002895355, 0.4076171815395355, 0.41533201932907104]}