{"loss": [40.79413604736328, 18.8309326171875, 11.632336616516113, 8.240949630737305, 6.149462699890137, 4.701201915740967, 3.686657190322876, 2.9769198894500732, 2.485175609588623, 2.1249401569366455, 1.8864773511886597, 1.7314478158950806, 1.6324008703231812, 1.5648657083511353, 1.5213673114776611, 1.4913486242294312, 1.4728689193725586, 1.4540612697601318, 1.4433412551879883, 1.436401128768921, 1.428102731704712, 1.420347809791565, 1.4176229238510132, 1.4092614650726318, 1.404950737953186, 1.403113842010498, 1.3944591283798218, 1.3915536403656006, 1.3876047134399414, 1.3842905759811401, 1.378790020942688, 1.3742128610610962, 1.3713804483413696, 1.3637893199920654, 1.3659902811050415, 1.361052393913269, 1.3537180423736572, 1.3494774103164673, 1.3496102094650269, 1.3421332836151123, 1.3356643915176392], "accuracy": [0.2409784197807312, 0.2732979953289032, 0.3136160671710968, 0.3706519603729248, 0.3807431161403656, 0.3828589916229248, 0.3899972140789032, 0.3924153745174408, 0.3960193395614624, 0.4211309552192688, 0.4320126473903656, 0.4418480396270752, 0.4461263120174408, 0.4510323703289032, 0.4530087411403656, 0.4535435140132904, 0.4589611291885376, 0.462309330701828, 0.4652855396270752, 0.4674944281578064, 0.4736793041229248, 0.4731910228729248, 0.4741443395614624, 0.481747567653656, 0.4796084463596344, 0.4832356870174408, 0.487002432346344, 0.4887230396270752, 0.4893275797367096, 0.4933035671710968, 0.496396005153656, 0.4959774911403656, 0.502069354057312, 0.5028367042541504, 0.5049060583114624, 0.5066034197807312, 0.5099981427192688, 0.5123698115348816, 0.5124163031578064, 0.5150669813156128, 0.5230189561843872], "val_loss": [25.473365783691406, 14.110052108764648, 9.676982879638672, 7.131004810333252, 5.393214702606201, 4.1614789962768555, 3.2986769676208496, 2.7015879154205322, 2.2854349613189697, 1.9798009395599365, 1.7933727502822876, 1.6704192161560059, 1.5917203426361084, 1.5419728755950928, 1.5076615810394287, 1.4884015321731567, 1.4701646566390991, 1.4659749269485474, 1.44644033908844, 1.4420944452285767, 1.4367282390594482, 1.4365068674087524, 1.4273672103881836, 1.425968885421753, 1.423754334449768, 1.421735167503357, 1.4197930097579956, 1.4223378896713257, 1.4227148294448853, 1.4205278158187866, 1.4181084632873535, 1.4219396114349365, 1.4209295511245728, 1.4230386018753052, 1.423521637916565, 1.418017029762268, 1.4199167490005493, 1.4189507961273193, 1.4250586032867432, 1.4216418266296387, 1.4255021810531616], "val_accuracy": [0.269717276096344, 0.2767857015132904, 0.3191034197807312, 0.3441220223903656, 0.3659784197807312, 0.380952388048172, 0.3882068395614624, 0.39453125, 0.4026227593421936, 0.4300595223903656, 0.441313236951828, 0.4425223171710968, 0.447079598903656, 0.4469866156578064, 0.450985848903656, 0.4515438973903656, 0.4535900354385376, 0.4546130895614624, 0.4642857015132904, 0.4600074291229248, 0.462890625, 0.4663318395614624, 0.4674479067325592, 0.466889888048172, 0.4692150354385376, 0.4717261791229248, 0.4723772406578064, 0.4692150354385376, 0.4704241156578064, 0.4718191921710968, 0.4738653302192688, 0.470889151096344, 0.472749263048172, 0.470796138048172, 0.4699590802192688, 0.4722842276096344, 0.4740513265132904, 0.476655513048172, 0.4723772406578064, 0.474702388048172, 0.4741443395614624]}