{"loss": [41.30607223510742, 19.313377380371094, 11.936673164367676, 8.428140640258789, 6.260811805725098, 4.779438495635986, 3.738839626312256, 3.017430305480957, 2.516242265701294, 2.1740710735321045, 1.9217054843902588, 1.7479709386825562, 1.640093445777893, 1.568677306175232, 1.5209226608276367, 1.4871662855148315, 1.4646018743515015, 1.4444113969802856, 1.4336687326431274, 1.4252344369888306, 1.419053554534912, 1.4052199125289917, 1.4045301675796509, 1.3976815938949585, 1.389526605606079, 1.389114260673523, 1.3803746700286865, 1.3761613368988037, 1.3742856979370117, 1.3711786270141602, 1.3629323244094849, 1.361816644668579, 1.3533135652542114, 1.353198528289795, 1.3499011993408203, 1.3451176881790161, 1.3421941995620728, 1.3355616331100464, 1.3329488039016724, 1.3285107612609863, 1.3254224061965942], "accuracy": [0.23876953125, 0.2738792896270752, 0.299618661403656, 0.3562127947807312, 0.377348393201828, 0.3825567364692688, 0.3887416422367096, 0.3915783166885376, 0.3962751030921936, 0.3994838297367096, 0.4222005307674408, 0.4358026385307312, 0.4423828125, 0.4497535228729248, 0.453218013048172, 0.45849609375, 0.4644717276096344, 0.4709356427192688, 0.4710519015789032, 0.4724469780921936, 0.4746558666229248, 0.4809105396270752, 0.4807245135307312, 0.4831426739692688, 0.4870954155921936, 0.4864443838596344, 0.4904436469078064, 0.4914202094078064, 0.4968145489692688, 0.4963030219078064, 0.5018833875656128, 0.5005580186843872, 0.5059523582458496, 0.5058826208114624, 0.507138192653656, 0.5098586082458496, 0.5107189416885376, 0.5161830186843872, 0.518856942653656, 0.518856942653656, 0.5209031105041504], "val_loss": [26.061222076416016, 14.478507995605469, 9.890530586242676, 7.252650737762451, 5.459629058837891, 4.213551998138428, 3.3374314308166504, 2.7347657680511475, 2.3277246952056885, 2.040234088897705, 1.805597186088562, 1.678485631942749, 1.5907011032104492, 1.5361422300338745, 1.4989850521087646, 1.4813543558120728, 1.456873893737793, 1.4457751512527466, 1.4372154474258423, 1.427659034729004, 1.4223908185958862, 1.415689468383789, 1.4116400480270386, 1.406453251838684, 1.4045861959457397, 1.3993295431137085, 1.3989804983139038, 1.40035080909729, 1.3986399173736572, 1.3980576992034912, 1.39168381690979, 1.3999693393707275, 1.4013197422027588, 1.393596887588501, 1.3939098119735718, 1.3940898180007935, 1.394362449645996, 1.3954343795776367, 1.3974488973617554, 1.4070818424224854, 1.4031877517700195], "val_accuracy": [0.2727864682674408, 0.2788318395614624, 0.3057105541229248, 0.3392857015132904, 0.3733258843421936, 0.3817894458770752, 0.386625736951828, 0.3909040093421936, 0.392392098903656, 0.4036458432674408, 0.4370349645614624, 0.4417782723903656, 0.4521019458770752, 0.4561011791229248, 0.4574962854385376, 0.4601004421710968, 0.4640997052192688, 0.465029776096344, 0.4680059552192688, 0.470517098903656, 0.4732142984867096, 0.476748526096344, 0.4760974645614624, 0.4773065447807312, 0.4819568395614624, 0.4813058078289032, 0.4834449291229248, 0.4815848171710968, 0.4832589328289032, 0.482328861951828, 0.4847470223903656, 0.4819568395614624, 0.4816778302192688, 0.4851190447807312, 0.4827008843421936, 0.48828125, 0.4871651828289032, 0.4847470223903656, 0.4859561026096344, 0.4817708432674408, 0.4859561026096344]}