{"loss": [12.406274795532227, 6.728353023529053, 4.577486038208008, 3.572089910507202, 2.980545997619629, 2.5827670097351074, 2.3056282997131348, 2.109278678894043, 1.9684631824493408, 1.8689839839935303, 1.7965277433395386, 1.7454124689102173, 1.707340121269226, 1.6795172691345215, 1.6609083414077759, 1.6449792385101318, 1.6324435472488403, 1.6241346597671509, 1.6167867183685303, 1.6078132390975952, 1.6032922267913818, 1.600035309791565, 1.5952613353729248, 1.5905758142471313, 1.5858875513076782, 1.5805063247680664, 1.5756609439849854, 1.573951244354248, 1.5667786598205566, 1.5608361959457397, 1.5576839447021484], "accuracy": [0.20780779421329498, 0.26586031913757324, 0.28692111372947693, 0.29875752329826355, 0.3052522540092468, 0.31155872344970703, 0.3168533444404602, 0.3241952061653137, 0.32786616683006287, 0.3302428424358368, 0.33221951127052307, 0.33647873997688293, 0.34066736698150635, 0.34398531913757324, 0.34739741683006287, 0.35146838426589966, 0.3530449867248535, 0.35676297545433044, 0.35836315155029297, 0.36424604058265686, 0.3703642785549164, 0.36888179183006287, 0.37252917885780334, 0.3760824501514435, 0.37970632314682007, 0.3868364095687866, 0.38951900601387024, 0.39639025926589966, 0.40079066157341003, 0.4061087965965271, 0.40935617685317993], "val_loss": [8.682369232177734, 5.3761701583862305, 3.9953854084014893, 3.2375502586364746, 2.752302408218384, 2.4191524982452393, 2.1855478286743164, 2.02474045753479, 1.909948706626892, 1.831648588180542, 1.7708250284194946, 1.7309879064559937, 1.6979458332061768, 1.680902123451233, 1.6629692316055298, 1.653114676475525, 1.6472253799438477, 1.6428301334381104, 1.636164903640747, 1.6368526220321655, 1.6342735290527344, 1.6380631923675537, 1.6379766464233398, 1.64675772190094, 1.645448923110962, 1.6460599899291992, 1.6512819528579712, 1.658412218093872, 1.662481665611267, 1.6703851222991943, 1.6797794103622437], "val_accuracy": [0.21416015923023224, 0.27998048067092896, 0.2953124940395355, 0.3086914122104645, 0.3155273497104645, 0.32207030057907104, 0.32109373807907104, 0.3250976502895355, 0.3271484375, 0.32470703125, 0.3296875059604645, 0.33251953125, 0.33984375, 0.3379882872104645, 0.3426757752895355, 0.34355467557907104, 0.34697264432907104, 0.34765625, 0.3506835997104645, 0.35009765625, 0.35078126192092896, 0.34912109375, 0.3519531190395355, 0.34541016817092896, 0.34746092557907104, 0.3495117127895355, 0.3497070372104645, 0.3487304747104645, 0.3482421934604645, 0.3477539122104645, 0.3443359434604645]}