{"loss": [12.325608253479004, 6.646409511566162, 4.514406681060791, 3.5350701808929443, 2.9548494815826416, 2.5667145252227783, 2.2950704097747803, 2.0980818271636963, 1.9626586437225342, 1.864302158355713, 1.7915781736373901, 1.742016315460205, 1.7041820287704468, 1.678252935409546, 1.6583820581436157, 1.6428955793380737, 1.630672812461853, 1.6223164796829224, 1.6151663064956665, 1.6077959537506104, 1.6028212308883667, 1.598036289215088, 1.5941063165664673, 1.590694785118103, 1.5841413736343384, 1.5805907249450684, 1.5739325284957886, 1.573974609375, 1.5678646564483643, 1.5671966075897217], "accuracy": [0.20157191157341003, 0.26042452454566956, 0.2875800132751465, 0.2972985804080963, 0.3101232945919037, 0.3132530152797699, 0.31831231713294983, 0.32400697469711304, 0.3272308111190796, 0.3323371708393097, 0.3353021442890167, 0.338502436876297, 0.34294992685317993, 0.3458443284034729, 0.3474915325641632, 0.35193899273872375, 0.3550451695919037, 0.3595162034034729, 0.36151638627052307, 0.3653755784034729, 0.36819934844970703, 0.369140625, 0.3724821209907532, 0.3765060305595398, 0.3805769979953766, 0.38561275601387024, 0.39053088426589966, 0.39144861698150635, 0.3970491290092468, 0.3999199867248535], "val_loss": [8.588064193725586, 5.299476146697998, 3.9461746215820312, 3.2074382305145264, 2.732257843017578, 2.4047229290008545, 2.1771135330200195, 2.0168344974517822, 1.9055172204971313, 1.8234783411026, 1.762202501296997, 1.724696397781372, 1.6927217245101929, 1.676590919494629, 1.66269052028656, 1.6496436595916748, 1.6443077325820923, 1.6358768939971924, 1.6370786428451538, 1.633575439453125, 1.6349022388458252, 1.6357088088989258, 1.6337108612060547, 1.6384780406951904, 1.6411256790161133, 1.6449075937271118, 1.6485172510147095, 1.655125379562378, 1.661147117614746, 1.6763012409210205], "val_accuracy": [0.20712891221046448, 0.2779296934604645, 0.29072266817092896, 0.3056640625, 0.31396484375, 0.3204101622104645, 0.3241210877895355, 0.32763671875, 0.32246094942092896, 0.33154296875, 0.33476561307907104, 0.3324218690395355, 0.33955079317092896, 0.3394531309604645, 0.3418945372104645, 0.3470703065395355, 0.3448242247104645, 0.34794920682907104, 0.34589844942092896, 0.3480468690395355, 0.3506835997104645, 0.3492187559604645, 0.3497070372104645, 0.34990233182907104, 0.349609375, 0.35332030057907104, 0.35224610567092896, 0.35205078125, 0.3529296815395355, 0.34550780057907104]}