{"loss": [12.525542259216309, 6.880321979522705, 4.635406970977783, 3.5301153659820557, 2.902775526046753, 2.512486457824707, 2.2430551052093506, 2.0544378757476807, 1.9208828210830688, 1.8226600885391235, 1.7555443048477173, 1.7039114236831665, 1.6669660806655884, 1.636698603630066, 1.6103508472442627, 1.592203974723816, 1.5761653184890747, 1.566049575805664, 1.5525290966033936, 1.5469739437103271, 1.5357098579406738, 1.5293998718261719, 1.5202604532241821, 1.5177983045578003, 1.5099010467529297, 1.5021774768829346, 1.4960078001022339, 1.489585041999817, 1.4825648069381714, 1.4780546426773071, 1.47197687625885, 1.4642512798309326, 1.4567440748214722], "accuracy": [0.20064786076545715, 0.20645959675312042, 0.21060404181480408, 0.2639577090740204, 0.29189690947532654, 0.3020436465740204, 0.31373855471611023, 0.31783536076545715, 0.32507622241973877, 0.33498474955558777, 0.341653972864151, 0.34987136721611023, 0.3568740487098694, 0.36611565947532654, 0.37469035387039185, 0.3821693956851959, 0.3878858685493469, 0.39303067326545715, 0.3999857008457184, 0.4047017991542816, 0.40944167971611023, 0.41411012411117554, 0.42001715302467346, 0.419778972864151, 0.4252810478210449, 0.431640625, 0.4349990487098694, 0.4404296875, 0.4462175965309143, 0.4487423896789551, 0.4522199034690857, 0.45867472887039185, 0.46327173709869385], "val_loss": [8.832941055297852, 5.42595100402832, 4.0092949867248535, 3.2118167877197266, 2.753019332885742, 2.3900859355926514, 2.14862322807312, 1.9786100387573242, 1.8612651824951172, 1.7911268472671509, 1.7235116958618164, 1.6823087930679321, 1.6536409854888916, 1.6259959936141968, 1.6104395389556885, 1.6006406545639038, 1.5868895053863525, 1.580871820449829, 1.574211835861206, 1.5712721347808838, 1.5735315084457397, 1.5684516429901123, 1.563904881477356, 1.566257119178772, 1.5741443634033203, 1.5720387697219849, 1.5684152841567993, 1.5710480213165283, 1.578322410583496, 1.5948574542999268, 1.589605689048767, 1.5885728597640991, 1.6006276607513428], "val_accuracy": [0.20966796576976776, 0.21318359673023224, 0.21416015923023224, 0.26982420682907104, 0.26542967557907104, 0.29931640625, 0.3167968690395355, 0.32548826932907104, 0.33564454317092896, 0.3280273377895355, 0.3485351502895355, 0.35322266817092896, 0.359375, 0.36865234375, 0.37548828125, 0.3773437440395355, 0.38066405057907104, 0.3827148377895355, 0.38740235567092896, 0.38749998807907104, 0.38447266817092896, 0.3890624940395355, 0.39189451932907104, 0.39082032442092896, 0.3866210877895355, 0.3921875059604645, 0.39189451932907104, 0.39277344942092896, 0.39277344942092896, 0.38623046875, 0.39375001192092896, 0.3946289122104645, 0.39228516817092896]}