{"loss": [3.079207181930542, 0.8942368626594543, 0.8459212183952332, 0.8338724374771118, 0.8251683712005615, 0.817362368106842, 0.8100717663764954, 0.8051668405532837, 0.801692008972168, 0.7982799410820007, 0.7954921126365662, 0.793505847454071, 0.7911213636398315, 0.7891945838928223, 0.7875452041625977, 0.7862699031829834, 0.784386932849884, 0.7837738990783691, 0.781762957572937, 0.7805764675140381, 0.7792719006538391, 0.7773723602294922, 0.7761583924293518, 0.775297999382019, 0.7742630839347839, 0.7727032899856567, 0.771830141544342, 0.7702502608299255, 0.7691746354103088, 0.7680981159210205, 0.766187846660614, 0.7647808790206909, 0.763935387134552, 0.7624947428703308, 0.7609262466430664, 0.7595349550247192, 0.7581821084022522, 0.7561870813369751], "accuracy": [0.5912861824035645, 0.6453796029090881, 0.6509826183319092, 0.6545491218566895, 0.6594892144203186, 0.6637790203094482, 0.6674017906188965, 0.6697571873664856, 0.6711516976356506, 0.6733466386795044, 0.6744576096534729, 0.6750683784484863, 0.6768943667411804, 0.677334189414978, 0.6777718663215637, 0.6790934205055237, 0.679789662361145, 0.6804003715515137, 0.6815676689147949, 0.6821971535682678, 0.6828329563140869, 0.6838939189910889, 0.6847193241119385, 0.6852800846099854, 0.6860867738723755, 0.6870372295379639, 0.6875771284103394, 0.6883504390716553, 0.6895532011985779, 0.6902472972869873, 0.6920607686042786, 0.6929904222488403, 0.6927840709686279, 0.6939576268196106, 0.6955438852310181, 0.6967278122901917, 0.6973490118980408, 0.6989477872848511], "val_loss": [0.9783496856689453, 0.8430333137512207, 0.8311481475830078, 0.8292626142501831, 0.8245327472686768, 0.8229508996009827, 0.8127135634422302, 0.813359797000885, 0.8143829107284546, 0.8159889578819275, 0.8144550323486328, 0.8138008713722229, 0.8027836084365845, 0.8058580160140991, 0.8054490685462952, 0.8080542087554932, 0.7997706532478333, 0.8048520088195801, 0.8096188306808472, 0.8050505518913269, 0.7992477416992188, 0.7961432337760925, 0.796390175819397, 0.7962715029716492, 0.8086652755737305, 0.794513463973999, 0.7997617125511169, 0.7914887070655823, 0.7970929741859436, 0.7968041300773621, 0.7969933152198792, 0.7973061203956604, 0.7963674664497375, 0.7993381023406982, 0.7948136329650879, 0.7948673963546753, 0.7982529401779175, 0.791695773601532], "val_accuracy": [0.6494307518005371, 0.6533036231994629, 0.6555655598640442, 0.654664158821106, 0.6542134284973145, 0.6554487347602844, 0.662293016910553, 0.6616085767745972, 0.6599976420402527, 0.6590544581413269, 0.6593049168586731, 0.6600310206413269, 0.6665664911270142, 0.6645466089248657, 0.66478031873703, 0.662643551826477, 0.667175829410553, 0.6634281277656555, 0.6616753339767456, 0.6637369990348816, 0.6667167544364929, 0.669479489326477, 0.669312596321106, 0.6695295572280884, 0.6613081097602844, 0.6713575124740601, 0.6676766276359558, 0.6730602383613586, 0.66868656873703, 0.6702390313148499, 0.6698884963989258, 0.6697883009910583, 0.6704393625259399, 0.6690955758094788, 0.672517716884613, 0.6718833446502686, 0.671432614326477, 0.6750133633613586]}