{"loss": [12.42367935180664, 6.7592082023620605, 4.500205993652344, 3.4664177894592285, 2.890096664428711, 2.5094809532165527, 2.2453932762145996, 2.057252883911133, 1.9268808364868164, 1.8284897804260254, 1.759367823600769, 1.7056926488876343, 1.668083667755127, 1.6366462707519531, 1.6125109195709229, 1.5945916175842285, 1.581343650817871, 1.568626880645752, 1.5568437576293945, 1.5488042831420898, 1.5472466945648193, 1.5364015102386475, 1.5290541648864746, 1.524013876914978, 1.5208231210708618, 1.5149550437927246, 1.5054904222488403, 1.5014727115631104, 1.4945765733718872, 1.482089638710022, 1.4804635047912598, 1.4751675128936768], "accuracy": [0.1981598287820816, 0.21009035408496857, 0.25670650601387024, 0.2924745976924896, 0.30327561497688293, 0.30840548872947693, 0.31586501002311707, 0.32188913226127625, 0.3263130784034729, 0.33687877655029297, 0.34532663226127625, 0.3526214361190796, 0.36306947469711304, 0.36890530586242676, 0.3778473138809204, 0.3832360804080963, 0.3872129023075104, 0.3942488729953766, 0.4006730020046234, 0.4023672938346863, 0.40316736698150635, 0.41008564829826355, 0.4159920811653137, 0.4198983311653137, 0.4217573404312134, 0.42735788226127625, 0.43062877655029297, 0.43364080786705017, 0.43952372670173645, 0.4467008709907532, 0.4479009807109833, 0.45467808842658997], "val_loss": [8.687219619750977, 5.330749034881592, 3.9486212730407715, 3.206869602203369, 2.7290849685668945, 2.3930556774139404, 2.153473138809204, 1.9828112125396729, 1.8659117221832275, 1.7820475101470947, 1.7247873544692993, 1.6816432476043701, 1.6478290557861328, 1.6231634616851807, 1.6164127588272095, 1.599727749824524, 1.5944993495941162, 1.5787243843078613, 1.5704219341278076, 1.574831485748291, 1.5702158212661743, 1.5693128108978271, 1.5702306032180786, 1.5802853107452393, 1.5777242183685303, 1.5791614055633545, 1.5744836330413818, 1.5771853923797607, 1.5784502029418945, 1.5776305198669434, 1.5832862854003906, 1.5889813899993896], "val_accuracy": [0.21005859971046448, 0.21474608778953552, 0.23085936903953552, 0.2544921934604645, 0.27783203125, 0.31171876192092896, 0.3233398497104645, 0.3329101502895355, 0.3363281190395355, 0.34687501192092896, 0.3525390625, 0.36669921875, 0.3734374940395355, 0.37763673067092896, 0.3711914122104645, 0.3749023377895355, 0.3783203065395355, 0.3890624940395355, 0.39306640625, 0.38720703125, 0.39277344942092896, 0.39238280057907104, 0.38916015625, 0.3853515684604645, 0.3871093690395355, 0.38427734375, 0.3931640684604645, 0.3919921815395355, 0.39208984375, 0.39453125, 0.39501953125, 0.3926757872104645]}