{"loss": [12.255704879760742, 6.635256767272949, 4.542061805725098, 3.562164306640625, 2.9796218872070312, 2.5893397331237793, 2.3142240047454834, 2.1196587085723877, 1.977845311164856, 1.8791899681091309, 1.807890772819519, 1.7567790746688843, 1.721283197402954, 1.6952461004257202, 1.6756757497787476, 1.6626757383346558, 1.6525933742523193, 1.6439703702926636, 1.6370750665664673, 1.6334559917449951, 1.6294046640396118, 1.6247429847717285, 1.6233890056610107, 1.6188253164291382, 1.6187279224395752, 1.6154121160507202, 1.6155728101730347, 1.6120615005493164, 1.6094679832458496, 1.6070060729980469, 1.6069743633270264, 1.6050549745559692], "accuracy": [0.21736162900924683, 0.2722609043121338, 0.2864034175872803, 0.29398059844970703, 0.3041227459907532, 0.3063582479953766, 0.3121940791606903, 0.31242939829826355, 0.31781813502311707, 0.31814759969711304, 0.32174792885780334, 0.3195830285549164, 0.3237481117248535, 0.32638365030288696, 0.32880741357803345, 0.3346903324127197, 0.33525508642196655, 0.3348785638809204, 0.3385965824127197, 0.3381965458393097, 0.33993786573410034, 0.3429969847202301, 0.3464561402797699, 0.3470208942890167, 0.35118600726127625, 0.3506447672843933, 0.3520331382751465, 0.356810063123703, 0.3595397174358368, 0.3631400465965271, 0.36798757314682007, 0.3731645345687866], "val_loss": [8.497196197509766, 5.293976783752441, 3.9464118480682373, 3.2148361206054688, 2.7450594902038574, 2.418895721435547, 2.191025495529175, 2.027554988861084, 1.9125171899795532, 1.8319597244262695, 1.7731297016143799, 1.731919527053833, 1.7030878067016602, 1.6830079555511475, 1.6688673496246338, 1.6590087413787842, 1.6517651081085205, 1.6461772918701172, 1.643145203590393, 1.6410162448883057, 1.6407699584960938, 1.6403818130493164, 1.6404603719711304, 1.6415808200836182, 1.6444066762924194, 1.6459178924560547, 1.6480836868286133, 1.6538817882537842, 1.6569292545318604, 1.6653648614883423, 1.6733434200286865, 1.6802257299423218], "val_accuracy": [0.2623046934604645, 0.2967773377895355, 0.30839842557907104, 0.3133789002895355, 0.3134765625, 0.3207031190395355, 0.3207031190395355, 0.32499998807907104, 0.32499998807907104, 0.32392579317092896, 0.32373046875, 0.32666015625, 0.32353514432907104, 0.3243164122104645, 0.3275390565395355, 0.32783204317092896, 0.32792967557907104, 0.33027344942092896, 0.3306640684604645, 0.33251953125, 0.3343749940395355, 0.3331054747104645, 0.333984375, 0.3314453065395355, 0.33466798067092896, 0.33125001192092896, 0.33369141817092896, 0.3350585997104645, 0.33447265625, 0.33134764432907104, 0.32861328125, 0.32695311307907104]}