{"loss": [17.352283477783203, 8.751681327819824, 6.504668235778809, 5.328286647796631, 4.580588340759277, 4.084192752838135, 3.717581272125244, 3.4446561336517334, 3.2202353477478027, 3.0500638484954834, 2.8846325874328613, 2.749640464782715, 2.6591782569885254, 2.5558812618255615, 2.473540782928467, 2.3952457904815674, 2.324080467224121, 2.276848793029785, 2.226083517074585, 2.1743826866149902, 2.132824659347534, 2.09340763092041, 2.0543441772460938, 2.0283823013305664, 1.9644478559494019, 1.8730276823043823, 1.8295259475708008, 1.7904043197631836, 1.7615625858306885, 1.732722520828247, 1.710829257965088, 1.6862343549728394, 1.6653027534484863, 1.6454781293869019, 1.627197265625, 1.6080952882766724, 1.595530390739441, 1.5748628377914429, 1.5576398372650146, 1.5397326946258545, 1.5226683616638184, 1.5113235712051392, 1.49521803855896, 1.4779471158981323, 1.461593747138977, 1.444757342338562, 1.4394471645355225, 1.4169318675994873, 1.397868275642395, 1.3778862953186035, 1.3598939180374146, 1.3266432285308838, 1.3001545667648315, 1.2750144004821777, 1.259181261062622, 1.2159230709075928, 1.1694599390029907], "accuracy": [0.2743195593357086, 0.3026713728904724, 0.30342742800712585, 0.2997731864452362, 0.3094443082809448, 0.31275200843811035, 0.3145791292190552, 0.32056450843811035, 0.3189579248428345, 0.31659525632858276, 0.32289567589759827, 0.32339969277381897, 0.3223601281642914, 0.32494330406188965, 0.3267074227333069, 0.328125, 0.32844001054763794, 0.3266759216785431, 0.3282195031642914, 0.3291015625, 0.3290385603904724, 0.330078125, 0.33086568117141724, 0.32932206988334656, 0.3529170751571655, 0.3871282637119293, 0.3959488272666931, 0.40495842695236206, 0.40940019488334656, 0.41343244910240173, 0.41434600949287415, 0.4204889237880707, 0.42316657304763794, 0.42310357093811035, 0.4291834533214569, 0.43097907304763794, 0.4341292977333069, 0.4393271207809448, 0.4413117468357086, 0.4486832022666931, 0.4535975158214569, 0.46125251054763794, 0.46411919593811035, 0.4747353792190552, 0.4843434989452362, 0.49086442589759827, 0.4966607987880707, 0.509986162185669, 0.5183026790618896, 0.5327935814857483, 0.5461819767951965, 0.5645791292190552, 0.5795111060142517, 0.5951045751571655, 0.6028226017951965, 0.6264805793762207, 0.6510206460952759], "val_loss": [10.499587059020996, 7.333080768585205, 5.795234203338623, 4.889345169067383, 4.275336265563965, 3.8729262351989746, 3.539074420928955, 3.288750648498535, 3.0970842838287354, 2.9572396278381348, 2.7836413383483887, 2.679612159729004, 2.594923734664917, 2.4897000789642334, 2.4418752193450928, 2.3385889530181885, 2.2819697856903076, 2.2497854232788086, 2.1856272220611572, 2.1368496417999268, 2.0979952812194824, 2.0591256618499756, 2.024691343307495, 1.9971816539764404, 1.874612808227539, 1.8238166570663452, 1.7949656248092651, 1.7649139165878296, 1.7415693998336792, 1.7128318548202515, 1.694166660308838, 1.6807944774627686, 1.6684114933013916, 1.6363317966461182, 1.6433974504470825, 1.617940902709961, 1.6062357425689697, 1.6004658937454224, 1.5887473821640015, 1.5706819295883179, 1.5699305534362793, 1.5681427717208862, 1.5833189487457275, 1.5919321775436401, 1.5559378862380981, 1.5527374744415283, 1.5228158235549927, 1.592359185218811, 1.5277055501937866, 1.5770800113677979, 1.5859163999557495, 1.5773519277572632, 1.5477014780044556, 1.642907977104187, 1.6624281406402588, 1.5759937763214111, 1.590930700302124], "val_accuracy": [0.3324218690395355, 0.33281248807907104, 0.33281248807907104, 0.33281248807907104, 0.33281248807907104, 0.33281248807907104, 0.33281248807907104, 0.33281248807907104, 0.33281248807907104, 0.33281248807907104, 0.33281248807907104, 0.33255207538604736, 0.33281248807907104, 0.33281248807907104, 0.33281248807907104, 0.33281248807907104, 0.33281248807907104, 0.33281248807907104, 0.33281248807907104, 0.33281248807907104, 0.33281248807907104, 0.33255207538604736, 0.33281248807907104, 0.33281248807907104, 0.3902343809604645, 0.40286457538604736, 0.38684895634651184, 0.39856770634651184, 0.3947916626930237, 0.39179688692092896, 0.40026041865348816, 0.3934895694255829, 0.3936198055744171, 0.4006510376930237, 0.3811197876930237, 0.39635416865348816, 0.40182292461395264, 0.38424479961395264, 0.39075520634651184, 0.4049479067325592, 0.4014323055744171, 0.4040364623069763, 0.3856770694255829, 0.3760416805744171, 0.4138020873069763, 0.41914063692092896, 0.44843751192092896, 0.3890624940395355, 0.4528645873069763, 0.4079427123069763, 0.41028645634651184, 0.431640625, 0.45690104365348816, 0.416015625, 0.40611979365348816, 0.4654947817325592, 0.47187501192092896]}