{"loss": [9.196579933166504, 7.200223445892334, 5.667803764343262, 4.571669101715088, 3.763801336288452, 3.1667251586914062, 2.7284011840820312, 2.4110562801361084, 2.180676221847534, 2.0163393020629883, 1.9008147716522217, 1.818993091583252, 1.7622480392456055, 1.7223548889160156, 1.6936520338058472, 1.6747972965240479, 1.6599019765853882, 1.6500990390777588, 1.6421457529067993, 1.6359821557998657, 1.6309362649917603, 1.6259796619415283, 1.6220749616622925, 1.6170036792755127, 1.6125593185424805, 1.609300971031189, 1.6054242849349976, 1.602563500404358, 1.5983912944793701, 1.5920865535736084, 1.5852382183074951, 1.5794751644134521, 1.5737521648406982, 1.5688245296478271], "accuracy": [0.1989363729953766, 0.22538591921329498, 0.263671875, 0.2769201695919037, 0.28477975726127625, 0.28626224398612976, 0.2902626097202301, 0.28901544213294983, 0.2961690425872803, 0.29619258642196655, 0.30082830786705017, 0.30207547545433044, 0.29998117685317993, 0.30327561497688293, 0.30268731713294983, 0.3052757978439331, 0.30654650926589966, 0.3072289228439331, 0.3073465824127197, 0.30880552530288696, 0.31075865030288696, 0.31139400601387024, 0.3139589726924896, 0.3190888464450836, 0.32205384969711304, 0.3206184208393097, 0.32355985045433044, 0.32518354058265686, 0.32701900601387024, 0.3303605020046234, 0.33706700801849365, 0.34160861372947693, 0.3497740924358368, 0.35043299198150635], "val_loss": [8.10692024230957, 6.347366809844971, 5.057209491729736, 4.113420009613037, 3.418632984161377, 2.908073902130127, 2.53800630569458, 2.2703018188476562, 2.0790295600891113, 1.9435898065567017, 1.8486169576644897, 1.7821376323699951, 1.7364813089370728, 1.7057011127471924, 1.6833839416503906, 1.669068694114685, 1.6578395366668701, 1.6510740518569946, 1.6462886333465576, 1.6430641412734985, 1.6407225131988525, 1.6389662027359009, 1.6383485794067383, 1.638080358505249, 1.6382420063018799, 1.6391929388046265, 1.638856291770935, 1.6400066614151, 1.6402652263641357, 1.6423603296279907, 1.6470378637313843, 1.650079369544983, 1.652256965637207, 1.6548454761505127], "val_accuracy": [0.21181640028953552, 0.2660156190395355, 0.29033201932907104, 0.29853516817092896, 0.29960936307907104, 0.30078125, 0.30048829317092896, 0.3021484315395355, 0.3008789122104645, 0.30205076932907104, 0.3023437559604645, 0.30292969942092896, 0.302734375, 0.30488282442092896, 0.30439454317092896, 0.30585938692092896, 0.306640625, 0.30615234375, 0.3045898377895355, 0.3062500059604645, 0.3052734434604645, 0.3045898377895355, 0.3031249940395355, 0.3046875, 0.3050781190395355, 0.30449217557907104, 0.3057617247104645, 0.30742186307907104, 0.3076171875, 0.30644530057907104, 0.30488282442092896, 0.30693358182907104, 0.30683594942092896, 0.30810546875]}