{"loss": [46.593963623046875, 28.1242618560791, 17.284889221191406, 11.02425479888916, 7.396670341491699, 5.2480316162109375, 3.935606002807617, 3.109908103942871, 2.5755767822265625, 2.2248048782348633, 1.9942108392715454, 1.842404842376709, 1.7437258958816528, 1.6773240566253662, 1.6352890729904175, 1.6071367263793945, 1.5884441137313843, 1.5759717226028442, 1.5673688650131226, 1.557751178741455, 1.5521667003631592, 1.5451680421829224, 1.5403441190719604, 1.5360705852508545, 1.530666708946228, 1.52485191822052, 1.520915150642395, 1.5156291723251343, 1.5119458436965942, 1.503631830215454, 1.4999693632125854, 1.4965834617614746, 1.4913215637207031, 1.4848896265029907, 1.4797677993774414, 1.4715187549591064], "accuracy": [0.20637236535549164, 0.26809582114219666, 0.3080054521560669, 0.32880741357803345, 0.3383142054080963, 0.3410438597202301, 0.3452089726924896, 0.34739741683006287, 0.3482210040092468, 0.35076242685317993, 0.3542921543121338, 0.3605986535549164, 0.36229291558265686, 0.3646460771560669, 0.37083491683006287, 0.3731645345687866, 0.3744352459907532, 0.3792356848716736, 0.38045933842658997, 0.3842949867248535, 0.38450679183006287, 0.390013188123703, 0.3927193284034729, 0.39429593086242676, 0.39791980385780334, 0.40076711773872375, 0.4058029055595398, 0.40905025601387024, 0.41185054183006287, 0.4164392054080963, 0.4181334674358368, 0.4190276861190796, 0.42298099398612976, 0.4272872805595398, 0.4322289228439331, 0.4354056715965271], "val_loss": [35.720096588134766, 21.75412368774414, 13.644200325012207, 8.937929153442383, 6.1705732345581055, 4.496731281280518, 3.457481861114502, 2.7963476181030273, 2.3680665493011475, 2.0866684913635254, 1.9052932262420654, 1.782771348953247, 1.7024304866790771, 1.6517460346221924, 1.6204878091812134, 1.601388692855835, 1.5873340368270874, 1.5790059566497803, 1.5732508897781372, 1.5697252750396729, 1.5664514303207397, 1.561988115310669, 1.5605545043945312, 1.5593624114990234, 1.5586292743682861, 1.557651400566101, 1.559696912765503, 1.5591545104980469, 1.5581696033477783, 1.558700442314148, 1.5618035793304443, 1.5598628520965576, 1.5579782724380493, 1.5613725185394287, 1.57204008102417, 1.5770845413208008], "val_accuracy": [0.20927734673023224, 0.23232421278953552, 0.25996094942092896, 0.2992187440395355, 0.32880860567092896, 0.34062498807907104, 0.34833985567092896, 0.3501953184604645, 0.3515625, 0.35175782442092896, 0.3536132872104645, 0.3580078184604645, 0.3623046875, 0.3690429627895355, 0.3675781190395355, 0.369140625, 0.37451171875, 0.3741210997104645, 0.3760742247104645, 0.37548828125, 0.376953125, 0.37812501192092896, 0.3799804747104645, 0.38164061307907104, 0.38154298067092896, 0.38251954317092896, 0.38457030057907104, 0.38134765625, 0.3828125, 0.3841796815395355, 0.38154298067092896, 0.3827148377895355, 0.384765625, 0.384765625, 0.3807617127895355, 0.3802734315395355]}