{"loss": [17.297277450561523, 10.816742897033691, 7.293154716491699, 5.318070411682129, 4.124873638153076, 3.349932909011841, 2.8221311569213867, 2.4286513328552246, 2.1082022190093994, 1.9341636896133423, 1.822354793548584, 1.748404860496521, 1.699090838432312, 1.6680132150650024, 1.6450245380401611, 1.6224150657653809, 1.606937289237976, 1.587292194366455, 1.5688273906707764, 1.5493682622909546, 1.5330121517181396, 1.516365885734558, 1.4999884366989136, 1.4901883602142334, 1.4789955615997314, 1.4606389999389648, 1.450531244277954, 1.4386097192764282, 1.41914963722229, 1.41051185131073, 1.3905681371688843, 1.3914721012115479, 1.3844654560089111, 1.3422009944915771, 1.312340497970581, 1.2806096076965332], "accuracy": [0.1974068135023117, 0.20531344413757324, 0.20769013464450836, 0.20980797708034515, 0.2106315940618515, 0.2107963114976883, 0.21296122670173645, 0.23686935007572174, 0.27729669213294983, 0.2859092652797699, 0.29845163226127625, 0.29682794213294983, 0.3031814694404602, 0.30986446142196655, 0.31588855385780334, 0.3307840824127197, 0.33899661898612976, 0.35436275601387024, 0.3643401861190796, 0.37987104058265686, 0.3903190791606903, 0.4017789959907532, 0.4134271442890167, 0.41879236698150635, 0.42672252655029297, 0.43768826127052307, 0.44359469413757324, 0.45216020941734314, 0.46385541558265686, 0.46762049198150635, 0.48444560170173645, 0.48204538226127625, 0.48357492685317993, 0.5108010172843933, 0.5303793549537659, 0.5482398271560669], "val_loss": [13.376505851745605, 8.68226432800293, 6.117828845977783, 4.623484134674072, 3.6806094646453857, 3.050924777984619, 2.6129140853881836, 2.211000680923462, 1.9880787134170532, 1.8535022735595703, 1.7655569314956665, 1.708698034286499, 1.670647382736206, 1.647276520729065, 1.6238429546356201, 1.605719804763794, 1.599338412284851, 1.570966362953186, 1.5614008903503418, 1.5481868982315063, 1.5360140800476074, 1.5214900970458984, 1.5236519575119019, 1.5227383375167847, 1.5229592323303223, 1.5148013830184937, 1.5195324420928955, 1.5298473834991455, 1.529768943786621, 1.539389967918396, 1.547790765762329, 1.583495855331421, 1.5723810195922852, 1.598637342453003, 1.649327278137207, 1.6703827381134033], "val_accuracy": [0.20781250298023224, 0.20781250298023224, 0.20781250298023224, 0.20781250298023224, 0.20810547471046448, 0.20781250298023224, 0.22548827528953552, 0.28339844942092896, 0.29423826932907104, 0.3033203184604645, 0.30419921875, 0.30439454317092896, 0.30976563692092896, 0.3125976622104645, 0.3265624940395355, 0.33935546875, 0.34375, 0.36308592557907104, 0.3690429627895355, 0.38056641817092896, 0.39013671875, 0.396484375, 0.3965820372104645, 0.3984375, 0.396484375, 0.40302735567092896, 0.4037109315395355, 0.40556639432907104, 0.40312498807907104, 0.40556639432907104, 0.40205079317092896, 0.3846679627895355, 0.3924804627895355, 0.3885742127895355, 0.3814453184604645, 0.38300782442092896]}