{"loss": [4.305053234100342, 1.0919833183288574, 0.8636517524719238, 0.8327996134757996, 0.8221977353096008, 0.8142572641372681, 0.8086281418800354, 0.8035017848014832, 0.7965355515480042, 0.7926077246665955, 0.7879448533058167, 0.7846911549568176, 0.7810614705085754, 0.7781886458396912, 0.775956928730011, 0.7733255624771118, 0.7710227966308594, 0.7681209444999695, 0.7665848731994629, 0.7636075615882874, 0.7621952295303345, 0.760334312915802, 0.7588376402854919, 0.7569350600242615, 0.7545573711395264, 0.7520039081573486, 0.74992835521698, 0.7472133636474609, 0.7447811365127563, 0.7422713041305542], "accuracy": [0.5927004814147949, 0.6538798213005066, 0.6586792469024658, 0.6615741848945618, 0.6646150946617126, 0.6662415266036987, 0.6693136692047119, 0.6721356511116028, 0.675385057926178, 0.6779220700263977, 0.6807752847671509, 0.6820472478866577, 0.6842992305755615, 0.6860438585281372, 0.6869404911994934, 0.6886294484138489, 0.689268946647644, 0.6913958191871643, 0.6924105882644653, 0.6944645047187805, 0.6950170993804932, 0.6964071989059448, 0.6973142623901367, 0.6995732188224792, 0.7005254626274109, 0.7021658420562744, 0.7038999795913696, 0.7060859799385071, 0.7079313397407532, 0.7093735933303833], "val_loss": [1.476151466369629, 0.8631789684295654, 0.8048549294471741, 0.7897273302078247, 0.7805134654045105, 0.7779657244682312, 0.7730036973953247, 0.7787806987762451, 0.7689349055290222, 0.7653016448020935, 0.7661856412887573, 0.7636982798576355, 0.7587555050849915, 0.7566905617713928, 0.7550120949745178, 0.7529731392860413, 0.7587500810623169, 0.7549822926521301, 0.754087507724762, 0.7489108443260193, 0.7514599561691284, 0.7496246099472046, 0.7544075846672058, 0.7519738078117371, 0.7523412704467773, 0.753906786441803, 0.7559822201728821, 0.7536695599555969, 0.7571982145309448, 0.7585193514823914], "val_accuracy": [0.6622768044471741, 0.6772600412368774, 0.6786690950393677, 0.6808314919471741, 0.6834681630134583, 0.6848214268684387, 0.6862025856971741, 0.6817941069602966, 0.6885462999343872, 0.6894670724868774, 0.6891741156578064, 0.6901088356971741, 0.6931501030921936, 0.6945731043815613, 0.6946846842765808, 0.6953822374343872, 0.691210925579071, 0.6948381662368774, 0.695117175579071, 0.6980747580528259, 0.6964425444602966, 0.6979213356971741, 0.6944335699081421, 0.6966657638549805, 0.6970145106315613, 0.6953403949737549, 0.6950055956840515, 0.6971400380134583, 0.6952706575393677, 0.6956333518028259]}