{"loss": [12.447164535522461, 6.7994232177734375, 4.587861061096191, 3.508694887161255, 2.8822927474975586, 2.496760606765747, 2.2304909229278564, 2.042677640914917, 1.909318447113037, 1.8137538433074951, 1.7463724613189697, 1.695845603942871, 1.6525377035140991, 1.6255781650543213, 1.605048656463623, 1.5863165855407715, 1.574057936668396, 1.562386155128479, 1.5519806146621704, 1.54396390914917, 1.53660249710083, 1.5316795110702515, 1.5201730728149414, 1.5162487030029297, 1.5130842924118042, 1.5045393705368042, 1.5024795532226562, 1.4986989498138428, 1.491529941558838, 1.4832422733306885, 1.4738224744796753, 1.4728384017944336, 1.4639530181884766, 1.4560970067977905, 1.4488013982772827], "accuracy": [0.19721856713294983, 0.20907850563526154, 0.21611446142196655, 0.2621658444404602, 0.30078125, 0.3087349534034729, 0.3200301229953766, 0.32878389954566956, 0.3357962965965271, 0.34455007314682007, 0.35356268286705017, 0.3611634075641632, 0.3703172206878662, 0.3749764561653137, 0.3827889561653137, 0.3868834674358368, 0.3930722773075104, 0.3963196575641632, 0.40229669213294983, 0.406861811876297, 0.4063676595687866, 0.4106033444404602, 0.4195924401283264, 0.42166322469711304, 0.42479291558265686, 0.42799320816993713, 0.43069934844970703, 0.43229952454566956, 0.4405120611190796, 0.4445594847202301, 0.45048946142196655, 0.4516189694404602, 0.45797252655029297, 0.46387895941734314, 0.4693147540092468], "val_loss": [8.728433609008789, 5.360298156738281, 3.9714488983154297, 3.1896095275878906, 2.7010672092437744, 2.365589141845703, 2.1264724731445312, 1.9615274667739868, 1.847846269607544, 1.7656205892562866, 1.7113431692123413, 1.6667234897613525, 1.6385129690170288, 1.6139209270477295, 1.6022861003875732, 1.5869284868240356, 1.5796653032302856, 1.5719226598739624, 1.5690292119979858, 1.563288688659668, 1.561721920967102, 1.560031771659851, 1.560624122619629, 1.5582544803619385, 1.5571454763412476, 1.5596035718917847, 1.561116099357605, 1.5638296604156494, 1.5651938915252686, 1.5695950984954834, 1.57390296459198, 1.5746876001358032, 1.580697774887085, 1.5842927694320679, 1.5897109508514404], "val_accuracy": [0.21279296278953552, 0.21748046576976776, 0.22265625, 0.26728516817092896, 0.29765623807907104, 0.32177734375, 0.33720701932907104, 0.341796875, 0.3428710997104645, 0.35429686307907104, 0.35908204317092896, 0.3642578125, 0.3721679747104645, 0.37763673067092896, 0.38300782442092896, 0.38671875, 0.38916015625, 0.3915039002895355, 0.39472657442092896, 0.39472657442092896, 0.39667969942092896, 0.39677733182907104, 0.3978515565395355, 0.3956054747104645, 0.39765626192092896, 0.3975585997104645, 0.39619141817092896, 0.39531248807907104, 0.39794921875, 0.39521485567092896, 0.3983398377895355, 0.40019530057907104, 0.39970701932907104, 0.4004882872104645, 0.4002929627895355]}