{"loss": [12.513436317443848, 6.868860244750977, 4.5987935066223145, 3.50370192527771, 2.91178822517395, 2.521766185760498, 2.253744125366211, 2.064053535461426, 1.929399013519287, 1.831437587738037, 1.7623060941696167, 1.7112581729888916, 1.6719756126403809, 1.6394507884979248, 1.618909478187561, 1.5992685556411743, 1.5850236415863037, 1.5735214948654175, 1.5626637935638428, 1.5505859851837158, 1.5459656715393066, 1.5415478944778442, 1.5303046703338623, 1.5253989696502686, 1.5228818655014038, 1.5169882774353027, 1.5101815462112427, 1.500768780708313, 1.4946345090866089, 1.488059401512146, 1.4810736179351807, 1.4735008478164673, 1.469344139099121], "accuracy": [0.19797156751155853, 0.2077607363462448, 0.2370811402797699, 0.2854621708393097, 0.2975103557109833, 0.3093467652797699, 0.31480610370635986, 0.3193947672843933, 0.32551297545433044, 0.3359139561653137, 0.34262049198150635, 0.35163310170173645, 0.35930439829826355, 0.36939945816993713, 0.3734939694404602, 0.38123586773872375, 0.38603633642196655, 0.3899896442890167, 0.39716678857803345, 0.40316736698150635, 0.4040144979953766, 0.40723833441734314, 0.41458019614219666, 0.41516849398612976, 0.41893354058265686, 0.42347514629364014, 0.4274519979953766, 0.4321347773075104, 0.43768826127052307, 0.44300639629364014, 0.44806569814682007, 0.4512895345687866, 0.4597373902797699], "val_loss": [8.810388565063477, 5.4172868728637695, 3.9930062294006348, 3.2334628105163574, 2.7487950325012207, 2.401567220687866, 2.15876841545105, 1.985966682434082, 1.864355444908142, 1.78719961643219, 1.7280346155166626, 1.6849353313446045, 1.6582269668579102, 1.6280796527862549, 1.6143741607666016, 1.600167989730835, 1.5934016704559326, 1.5852272510528564, 1.5790971517562866, 1.5782711505889893, 1.575949788093567, 1.5723085403442383, 1.5695717334747314, 1.5791118144989014, 1.5708495378494263, 1.5732781887054443, 1.5742523670196533, 1.575020432472229, 1.57315194606781, 1.5704716444015503, 1.574155330657959, 1.5806171894073486, 1.585394263267517], "val_accuracy": [0.20888671278953552, 0.21298828721046448, 0.23125000298023224, 0.2538085877895355, 0.2779296934604645, 0.3028320372104645, 0.3174804747104645, 0.32890623807907104, 0.3373046815395355, 0.33984375, 0.34619140625, 0.35869139432907104, 0.365234375, 0.36933594942092896, 0.37275391817092896, 0.3779296875, 0.3783203065395355, 0.38408201932907104, 0.384765625, 0.38408201932907104, 0.38251954317092896, 0.3890624940395355, 0.38945311307907104, 0.3848632872104645, 0.3905273377895355, 0.3868164122104645, 0.3916015625, 0.39111328125, 0.3968749940395355, 0.40253907442092896, 0.40654295682907104, 0.40253907442092896, 0.3995117247104645]}