{"loss": [12.484847068786621, 6.8489556312561035, 4.585916996002197, 3.4905524253845215, 2.899503707885742, 2.515265464782715, 2.2460901737213135, 2.058129072189331, 1.9259260892868042, 1.8300858736038208, 1.7620283365249634, 1.7107654809951782, 1.6752190589904785, 1.6446601152420044, 1.6206845045089722, 1.6021883487701416, 1.586240291595459, 1.5739367008209229, 1.5631964206695557, 1.5535850524902344, 1.5481011867523193, 1.5360956192016602, 1.5247691869735718, 1.5223549604415894, 1.5126200914382935, 1.5025795698165894, 1.4964962005615234, 1.4897370338439941, 1.4803493022918701, 1.4707039594650269, 1.4637657403945923, 1.4537098407745361], "accuracy": [0.19618317484855652, 0.20729009807109833, 0.2349632978439331, 0.2892272174358368, 0.2997223138809204, 0.30911144614219666, 0.3173239827156067, 0.3236304521560669, 0.3293251097202301, 0.3396790325641632, 0.34203219413757324, 0.35000941157341003, 0.35643354058265686, 0.36591678857803345, 0.3718232214450836, 0.38229480385780334, 0.39022496342658997, 0.3938252925872803, 0.3977315425872803, 0.40344974398612976, 0.4044380784034729, 0.4134977459907532, 0.4208160638809204, 0.4221573770046234, 0.4293815791606903, 0.43745294213294983, 0.4415239095687866, 0.4458772540092468, 0.4539015293121338, 0.46133753657341003, 0.46484375, 0.47155025601387024], "val_loss": [8.784791946411133, 5.401079177856445, 3.9494128227233887, 3.190822124481201, 2.700700283050537, 2.3720192909240723, 2.135854482650757, 1.9720302820205688, 1.8617511987686157, 1.7826430797576904, 1.727341651916504, 1.6889190673828125, 1.6668360233306885, 1.6372398138046265, 1.6167681217193604, 1.6039329767227173, 1.5951305627822876, 1.5871027708053589, 1.5815647840499878, 1.5774562358856201, 1.576614260673523, 1.5736501216888428, 1.5822283029556274, 1.5771396160125732, 1.582550287246704, 1.5801961421966553, 1.5867589712142944, 1.590928316116333, 1.5995855331420898, 1.6105642318725586, 1.6164929866790771, 1.632621169090271], "val_accuracy": [0.21083983778953552, 0.21376952528953552, 0.263671875, 0.29560548067092896, 0.3119140565395355, 0.31757813692092896, 0.326171875, 0.33251953125, 0.3379882872104645, 0.33984375, 0.3460937440395355, 0.3467773497104645, 0.35693359375, 0.3677734434604645, 0.36933594942092896, 0.3711914122104645, 0.3798828125, 0.37744140625, 0.38261717557907104, 0.38525390625, 0.3841796815395355, 0.3863281309604645, 0.38457030057907104, 0.38798826932907104, 0.3871093690395355, 0.39013671875, 0.38886719942092896, 0.39033204317092896, 0.38886719942092896, 0.38916015625, 0.3916015625, 0.3857421875]}