{"loss": [12.190189361572266, 6.626078128814697, 4.545473098754883, 3.570937156677246, 2.9862172603607178, 2.5935873985290527, 2.3155431747436523, 2.1194183826446533, 1.9761749505996704, 1.8775445222854614, 1.8057188987731934, 1.7545517683029175, 1.718522548675537, 1.6928833723068237, 1.6733046770095825, 1.6595991849899292, 1.6497122049331665, 1.6421715021133423, 1.6365983486175537, 1.631231427192688, 1.6268049478530884, 1.6227495670318604, 1.6197381019592285, 1.6175533533096313, 1.6134226322174072, 1.6129696369171143, 1.6116145849227905, 1.6092753410339355, 1.6073201894760132, 1.6044120788574219, 1.601138710975647], "accuracy": [0.22472703456878662, 0.2715079188346863, 0.2893919348716736, 0.294310063123703, 0.30179309844970703, 0.30657002329826355, 0.30805251002311707, 0.3137471675872803, 0.3179357945919037, 0.31814759969711304, 0.32221856713294983, 0.32447758316993713, 0.3265013098716736, 0.32772496342658997, 0.328125, 0.33163121342658997, 0.3344550132751465, 0.3350433111190796, 0.3366434574127197, 0.33796122670173645, 0.34203219413757324, 0.3458443284034729, 0.3459855020046234, 0.34819748997688293, 0.3530920445919037, 0.35328030586242676, 0.3557981848716736, 0.3582925498485565, 0.36113986372947693, 0.36424604058265686, 0.36848172545433044], "val_loss": [8.470888137817383, 5.296694278717041, 3.9556350708007812, 3.2241177558898926, 2.7501368522644043, 2.4212961196899414, 2.1920857429504395, 2.027632713317871, 1.911836862564087, 1.8295923471450806, 1.7706750631332397, 1.7306181192398071, 1.7033841609954834, 1.6816108226776123, 1.667022466659546, 1.658397912979126, 1.6521079540252686, 1.646677017211914, 1.64421808719635, 1.6422007083892822, 1.6410751342773438, 1.6414188146591187, 1.6444133520126343, 1.6434698104858398, 1.6478402614593506, 1.6498138904571533, 1.65256667137146, 1.6557338237762451, 1.6622997522354126, 1.6656144857406616, 1.674546241760254], "val_accuracy": [0.25507813692092896, 0.29755860567092896, 0.30888670682907104, 0.3091796934604645, 0.3119140565395355, 0.3177734315395355, 0.3199218809604645, 0.31855469942092896, 0.31904298067092896, 0.32197266817092896, 0.32099610567092896, 0.32373046875, 0.3252929747104645, 0.3287109434604645, 0.3294921815395355, 0.33056640625, 0.33085936307907104, 0.32890623807907104, 0.3311523497104645, 0.33154296875, 0.33349609375, 0.33232420682907104, 0.3282226622104645, 0.333984375, 0.3304687440395355, 0.33076173067092896, 0.32978516817092896, 0.33076173067092896, 0.3304687440395355, 0.33203125, 0.3333984315395355]}