{"loss": [17.238222122192383, 10.754551887512207, 7.2469635009765625, 5.28810977935791, 4.105935573577881, 3.334773063659668, 2.7464823722839355, 2.3450872898101807, 2.10052752494812, 1.9357614517211914, 1.8283107280731201, 1.7515510320663452, 1.699280858039856, 1.6640241146087646, 1.6373142004013062, 1.6174249649047852, 1.6012294292449951, 1.5841339826583862, 1.5657718181610107, 1.549902319908142, 1.5333044528961182, 1.5123825073242188, 1.4992127418518066, 1.4833866357803345, 1.469687581062317, 1.4591912031173706, 1.4440350532531738, 1.4324575662612915, 1.4317938089370728, 1.412719488143921, 1.3964070081710815, 1.3840031623840332, 1.3564972877502441, 1.3382658958435059, 1.3087610006332397, 1.2872895002365112, 1.258273959159851], "accuracy": [0.19091208279132843, 0.20425452291965485, 0.20721949636936188, 0.2082313597202301, 0.20919616520404816, 0.21009035408496857, 0.25004705786705017, 0.28463855385780334, 0.2915803790092468, 0.2959572672843933, 0.3024049401283264, 0.31120577454566956, 0.31854763627052307, 0.3243599534034729, 0.332643061876297, 0.3389260172843933, 0.34805628657341003, 0.35810428857803345, 0.3724115192890167, 0.3835419714450836, 0.39415475726127625, 0.4070030152797699, 0.4131683111190796, 0.4217337965965271, 0.4322759807109833, 0.44255930185317993, 0.4471009075641632, 0.4571489095687866, 0.4547722041606903, 0.46915003657341003, 0.4819277226924896, 0.4878576695919037, 0.5043533444404602, 0.5161191821098328, 0.5322853922843933, 0.5442865490913391, 0.5631588697433472], "val_loss": [13.310216903686523, 8.626639366149902, 6.080869197845459, 4.599942207336426, 3.666353225708008, 3.0299649238586426, 2.4899792671203613, 2.191056728363037, 1.9931325912475586, 1.8621103763580322, 1.7722320556640625, 1.7098748683929443, 1.6665966510772705, 1.6397554874420166, 1.6190989017486572, 1.6033623218536377, 1.592804193496704, 1.5784757137298584, 1.562407374382019, 1.5520750284194946, 1.533156156539917, 1.5268678665161133, 1.5335273742675781, 1.5270912647247314, 1.523377776145935, 1.521597981452942, 1.5213425159454346, 1.5304059982299805, 1.5452587604522705, 1.5432002544403076, 1.5508627891540527, 1.5743210315704346, 1.5813020467758179, 1.6104695796966553, 1.6408504247665405, 1.6629585027694702, 1.6866388320922852], "val_accuracy": [0.20781250298023224, 0.20781250298023224, 0.20781250298023224, 0.20781250298023224, 0.20781250298023224, 0.20781250298023224, 0.29638671875, 0.2969726622104645, 0.3031249940395355, 0.30537110567092896, 0.31494140625, 0.3232421875, 0.33320313692092896, 0.33525389432907104, 0.3448242247104645, 0.34941405057907104, 0.3511718809604645, 0.36103516817092896, 0.37548828125, 0.38203126192092896, 0.39189451932907104, 0.3974609375, 0.39238280057907104, 0.39873045682907104, 0.40185546875, 0.4052734375, 0.4068359434604645, 0.40576171875, 0.39238280057907104, 0.4000000059604645, 0.40556639432907104, 0.39921873807907104, 0.40107423067092896, 0.3984375, 0.39570313692092896, 0.39472657442092896, 0.3924804627895355]}