{"loss": [40.974761962890625, 18.964168548583984, 11.680984497070312, 8.271245002746582, 6.168999195098877, 4.713547706604004, 3.693868398666382, 2.982360601425171, 2.4943201541900635, 2.1616978645324707, 1.9376134872436523, 1.7866575717926025, 1.675911545753479, 1.587555170059204, 1.5332616567611694, 1.5014444589614868, 1.4761381149291992, 1.461890697479248, 1.4494465589523315, 1.439522624015808, 1.4307714700698853, 1.4288219213485718, 1.4155536890029907, 1.4138866662979126, 1.4083278179168701, 1.4041831493377686, 1.3964039087295532, 1.3948030471801758, 1.3895294666290283, 1.3845858573913574, 1.3811336755752563, 1.3743524551391602, 1.3730783462524414, 1.3693211078643799, 1.36598801612854, 1.364829659461975, 1.3573850393295288, 1.3516565561294556], "accuracy": [0.2379324734210968, 0.2772042453289032, 0.3256371021270752, 0.3700474202632904, 0.3775809109210968, 0.3865094780921936, 0.388671875, 0.3903692364692688, 0.3915550708770752, 0.3952288031578064, 0.3949032723903656, 0.401181161403656, 0.412295401096344, 0.4338262677192688, 0.443545401096344, 0.4459635317325592, 0.455171138048172, 0.457612544298172, 0.4626116156578064, 0.464448481798172, 0.4680292010307312, 0.4682152271270752, 0.4787248969078064, 0.4738420844078064, 0.4823521077632904, 0.483584463596344, 0.4873744547367096, 0.4854910671710968, 0.4898158609867096, 0.493071049451828, 0.4942801296710968, 0.4967215359210968, 0.4997209906578064, 0.5009068250656128, 0.5024646520614624, 0.50390625, 0.5074172019958496, 0.5109049677848816], "val_loss": [25.661270141601562, 14.200401306152344, 9.713606834411621, 7.149204254150391, 5.403984546661377, 4.166976451873779, 3.30285906791687, 2.7045397758483887, 2.306513547897339, 2.0370490550994873, 1.8503116369247437, 1.7300488948822021, 1.6159353256225586, 1.5534589290618896, 1.5174007415771484, 1.493992805480957, 1.4759694337844849, 1.4630262851715088, 1.454466700553894, 1.453978419303894, 1.4423125982284546, 1.4373998641967773, 1.432384729385376, 1.429125428199768, 1.432228684425354, 1.42558753490448, 1.4301588535308838, 1.4218579530715942, 1.4309380054473877, 1.4290021657943726, 1.4270163774490356, 1.4237229824066162, 1.4329913854599, 1.4307230710983276, 1.4258911609649658, 1.4285815954208374, 1.425898790359497, 1.4254860877990723], "val_accuracy": [0.2659970223903656, 0.2821800708770752, 0.334077388048172, 0.3569568395614624, 0.3702566921710968, 0.3800223171710968, 0.3870907723903656, 0.3902529776096344, 0.3881138265132904, 0.386625736951828, 0.3936011791229248, 0.3984375, 0.4281994104385376, 0.4368489682674408, 0.4417782723903656, 0.447265625, 0.451264888048172, 0.4576822817325592, 0.458984375, 0.458984375, 0.4619605541229248, 0.4654947817325592, 0.4675409197807312, 0.468936026096344, 0.4661458432674408, 0.472470223903656, 0.4677269458770752, 0.4730282723903656, 0.4672619104385376, 0.4632626473903656, 0.4673549234867096, 0.4701450765132904, 0.4664248526096344, 0.4641927182674408, 0.4683779776096344, 0.4665178656578064, 0.4682849645614624, 0.4713541567325592]}