{"loss": [12.246540069580078, 6.572968482971191, 4.497511386871338, 3.5368292331695557, 2.9618072509765625, 2.5726027488708496, 2.299839973449707, 2.1036219596862793, 1.9643030166625977, 1.8629008531570435, 1.792381763458252, 1.7384392023086548, 1.7007697820663452, 1.6764851808547974, 1.6545042991638184, 1.6391363143920898, 1.6273752450942993, 1.6170636415481567, 1.6099176406860352, 1.6047301292419434, 1.598097324371338, 1.5930837392807007, 1.5867340564727783, 1.583289623260498, 1.580047607421875, 1.576587200164795, 1.5727794170379639, 1.5736331939697266, 1.5637670755386353, 1.5612939596176147, 1.5553897619247437], "accuracy": [0.20663121342658997, 0.27122554183006287, 0.2915803790092468, 0.30264025926589966, 0.30835843086242676, 0.315794438123703, 0.32250094413757324, 0.32612481713294983, 0.32624247670173645, 0.3314429521560669, 0.33297252655029297, 0.3356080651283264, 0.3417733311653137, 0.3449736535549164, 0.34880930185317993, 0.35255083441734314, 0.35542169213294983, 0.36123400926589966, 0.3619164228439331, 0.36469313502311707, 0.36918768286705017, 0.3697289228439331, 0.37669429183006287, 0.37794145941734314, 0.3825065791606903, 0.3852597773075104, 0.39100149273872375, 0.39236634969711304, 0.39806100726127625, 0.4005318284034729, 0.40846195816993713], "val_loss": [8.489847183227539, 5.2858967781066895, 3.9539146423339844, 3.2186012268066406, 2.7457494735717773, 2.4103965759277344, 2.1785387992858887, 2.016183376312256, 1.9014803171157837, 1.8177944421768188, 1.7577282190322876, 1.7192713022232056, 1.6875689029693604, 1.6752761602401733, 1.6570590734481812, 1.6505794525146484, 1.6391267776489258, 1.633091926574707, 1.625226378440857, 1.631079912185669, 1.6218624114990234, 1.6243149042129517, 1.6249459981918335, 1.625105619430542, 1.6305736303329468, 1.630117654800415, 1.6333202123641968, 1.6451606750488281, 1.647324562072754, 1.650987982749939, 1.6601022481918335], "val_accuracy": [0.21894530951976776, 0.28193360567092896, 0.30546873807907104, 0.31660157442092896, 0.3169921934604645, 0.32666015625, 0.3271484375, 0.3304687440395355, 0.33349609375, 0.33916014432907104, 0.34423828125, 0.3394531309604645, 0.34794920682907104, 0.3416992127895355, 0.34550780057907104, 0.3436523377895355, 0.35039061307907104, 0.35126954317092896, 0.35419923067092896, 0.3526367247104645, 0.3544921875, 0.3539062440395355, 0.3534179627895355, 0.35419923067092896, 0.3534179627895355, 0.3555664122104645, 0.3573242127895355, 0.35468751192092896, 0.35761719942092896, 0.3568359315395355, 0.35400390625]}