{"loss": [12.915372848510742, 8.96702766418457, 6.2939372062683105, 4.607644081115723, 3.5428037643432617, 2.866668224334717, 2.4356212615966797, 2.1584339141845703, 1.9773966073989868, 1.8600609302520752, 1.7804350852966309, 1.7257381677627563, 1.6881526708602905, 1.6611087322235107, 1.6417583227157593, 1.6274522542953491, 1.6135202646255493, 1.604036808013916, 1.592258334159851, 1.5841522216796875, 1.5757670402526855, 1.5656222105026245, 1.5547699928283691, 1.5455912351608276, 1.5329604148864746, 1.5200082063674927, 1.5072298049926758, 1.489021897315979, 1.478112816810608, 1.457628846168518, 1.4385648965835571, 1.4186500310897827, 1.3948193788528442], "accuracy": [0.19898343086242676, 0.21277296543121338, 0.2563064694404602, 0.2775084674358368, 0.28520330786705017, 0.28986257314682007, 0.2950630784034729, 0.2977456748485565, 0.30308735370635986, 0.3058876097202301, 0.31078219413757324, 0.31661802530288696, 0.3241010904312134, 0.32624247670173645, 0.33101940155029297, 0.33603161573410034, 0.3414674401283264, 0.3430440425872803, 0.3506447672843933, 0.35556286573410034, 0.3624105751514435, 0.36723455786705017, 0.3737528324127197, 0.38121235370635986, 0.38801297545433044, 0.3977080285549164, 0.4047910273075104, 0.4156861901283264, 0.4242987632751465, 0.4348174035549164, 0.4450065791606903, 0.46086689829826355, 0.473268061876297], "val_loss": [10.66651439666748, 7.4568891525268555, 5.344402313232422, 4.004860877990723, 3.154306411743164, 2.615161180496216, 2.271676540374756, 2.054379940032959, 1.9112281799316406, 1.8204765319824219, 1.7539770603179932, 1.7129312753677368, 1.684295654296875, 1.6634403467178345, 1.6531788110733032, 1.636705756187439, 1.6292171478271484, 1.6244525909423828, 1.6247602701187134, 1.6277201175689697, 1.6265599727630615, 1.6246179342269897, 1.6235052347183228, 1.6279243230819702, 1.6315679550170898, 1.6441055536270142, 1.6582419872283936, 1.6631724834442139, 1.6721820831298828, 1.695374846458435, 1.7121455669403076, 1.7395884990692139, 1.759971022605896], "val_accuracy": [0.20878906548023224, 0.22343750298023224, 0.2657226622104645, 0.28369140625, 0.29023438692092896, 0.29755860567092896, 0.2992187440395355, 0.3031249940395355, 0.3042968809604645, 0.30712890625, 0.3150390684604645, 0.3177734315395355, 0.3236328065395355, 0.3272460997104645, 0.32783204317092896, 0.33369141817092896, 0.3335937559604645, 0.3358398377895355, 0.33466798067092896, 0.32988280057907104, 0.3304687440395355, 0.3348632752895355, 0.33642578125, 0.3360351622104645, 0.3375000059604645, 0.3382812440395355, 0.33857423067092896, 0.33837890625, 0.3359375, 0.330078125, 0.32763671875, 0.32939451932907104, 0.32099610567092896]}