{"loss": [9.201774597167969, 7.201143741607666, 5.677262306213379, 4.571678161621094, 3.762571334838867, 3.1636767387390137, 2.7263221740722656, 2.407456159591675, 2.1777477264404297, 2.014434576034546, 1.899045467376709, 1.8175289630889893, 1.7609680891036987, 1.7203643321990967, 1.6934643983840942, 1.6741529703140259, 1.6590602397918701, 1.649895191192627, 1.640799641609192, 1.6341580152511597, 1.627475619316101, 1.622501015663147, 1.61930513381958, 1.6136865615844727, 1.6094318628311157, 1.6062276363372803, 1.6023653745651245, 1.5979526042938232, 1.591760516166687, 1.5860106945037842, 1.5806434154510498, 1.5755431652069092], "accuracy": [0.20270143449306488, 0.2288215309381485, 0.26237764954566956, 0.27877917885780334, 0.2786615192890167, 0.28600338101387024, 0.29007434844970703, 0.29379236698150635, 0.29407474398612976, 0.29772213101387024, 0.300169438123703, 0.3003106117248535, 0.301393061876297, 0.30193430185317993, 0.3022637367248535, 0.3045462965965271, 0.30687594413757324, 0.3061935305595398, 0.3081466555595398, 0.30838197469711304, 0.3131353557109833, 0.3145943284034729, 0.3152061402797699, 0.31920650601387024, 0.3202889561653137, 0.3227127194404602, 0.32395991683006287, 0.3276543617248535, 0.33047816157341003, 0.3325018882751465, 0.3364081382751465, 0.3405967652797699], "val_loss": [8.111088752746582, 6.357960224151611, 5.063492774963379, 4.115334510803223, 3.4192535877227783, 2.9084014892578125, 2.5382115840911865, 2.27122163772583, 2.0804896354675293, 1.9459798336029053, 1.8509912490844727, 1.78555166721344, 1.7397798299789429, 1.7095797061920166, 1.6877796649932861, 1.6731841564178467, 1.6633350849151611, 1.656995415687561, 1.6523706912994385, 1.6495916843414307, 1.648037314414978, 1.6475006341934204, 1.647650957107544, 1.6478757858276367, 1.6487773656845093, 1.6510088443756104, 1.6523830890655518, 1.654192566871643, 1.658093810081482, 1.662681221961975, 1.665787696838379, 1.6711763143539429], "val_accuracy": [0.21181640028953552, 0.2533203065395355, 0.2852539122104645, 0.29169923067092896, 0.2938476502895355, 0.29716795682907104, 0.29765623807907104, 0.29755860567092896, 0.298828125, 0.30000001192092896, 0.30058592557907104, 0.30029296875, 0.3023437559604645, 0.3018554747104645, 0.30439454317092896, 0.3047851622104645, 0.30488282442092896, 0.30351561307907104, 0.3041015565395355, 0.3047851622104645, 0.3017578125, 0.3013671934604645, 0.2987304627895355, 0.29931640625, 0.298828125, 0.29765623807907104, 0.29716795682907104, 0.2950195372104645, 0.29121094942092896, 0.2920898497104645, 0.29169923067092896, 0.29150390625]}