{"loss": [11.951810836791992, 6.5235676765441895, 4.521277904510498, 3.5774130821228027, 3.00290584564209, 2.6115236282348633, 2.3333287239074707, 2.135867118835449, 1.9951788187026978, 1.8956964015960693, 1.8240810632705688, 1.7755831480026245, 1.7413685321807861, 1.7166032791137695, 1.699634075164795, 1.685446858406067, 1.6780290603637695, 1.670533299446106, 1.6662133932113647, 1.6617361307144165, 1.6599003076553345, 1.6573065519332886, 1.6553199291229248, 1.65316903591156, 1.6512871980667114, 1.6502081155776978, 1.6493958234786987, 1.6480523347854614, 1.647139549255371, 1.6463978290557861, 1.6462435722351074, 1.6457147598266602, 1.6444393396377563, 1.6440045833587646, 1.6433970928192139, 1.6432127952575684, 1.6421597003936768, 1.6413283348083496, 1.6422525644302368, 1.6408051252365112, 1.6401417255401611, 1.6406762599945068, 1.6396712064743042, 1.6379668712615967, 1.638802170753479], "accuracy": [0.2500235438346863, 0.26644861698150635, 0.27668485045433044, 0.2800734043121338, 0.28597986698150635, 0.2902626097202301, 0.29155686497688293, 0.29120388627052307, 0.2919098138809204, 0.2942865192890167, 0.2973691523075104, 0.2977456748485565, 0.29696911573410034, 0.2956984043121338, 0.29454538226127625, 0.29951053857803345, 0.29847514629364014, 0.3003576695919037, 0.2991105020046234, 0.2994634807109833, 0.2998870611190796, 0.3001929521560669, 0.2989457845687866, 0.301393061876297, 0.3039580285549164, 0.3031814694404602, 0.3002870976924896, 0.3034638464450836, 0.30325207114219666, 0.3030638098716736, 0.30374622344970703, 0.30369916558265686, 0.30339327454566956, 0.30609938502311707, 0.305299311876297, 0.30536991357803345, 0.3069230020046234, 0.3071112632751465, 0.3052522540092468, 0.3064759075641632, 0.30939382314682007, 0.30866435170173645, 0.3076760172843933, 0.3096526861190796, 0.309935063123703], "val_loss": [8.268768310546875, 5.208178997039795, 3.9361767768859863, 3.2290573120117188, 2.7619874477386475, 2.437443733215332, 2.2063241004943848, 2.041278600692749, 1.9243303537368774, 1.8416740894317627, 1.7836475372314453, 1.7440931797027588, 1.7159500122070312, 1.6957836151123047, 1.682157278060913, 1.6712255477905273, 1.6631276607513428, 1.6579163074493408, 1.6544393301010132, 1.6508108377456665, 1.64934504032135, 1.6459853649139404, 1.64572012424469, 1.6440986394882202, 1.6422252655029297, 1.6417884826660156, 1.64187490940094, 1.641026258468628, 1.640149712562561, 1.6412503719329834, 1.6395950317382812, 1.6398118734359741, 1.640440583229065, 1.6399993896484375, 1.6388015747070312, 1.639400839805603, 1.6396064758300781, 1.6394412517547607, 1.6403888463974, 1.6397182941436768, 1.6409766674041748, 1.6408010721206665, 1.6416947841644287, 1.6416279077529907, 1.6409718990325928], "val_accuracy": [0.27998048067092896, 0.2857421934604645, 0.28955078125, 0.29560548067092896, 0.30097657442092896, 0.298828125, 0.302734375, 0.30205076932907104, 0.30302733182907104, 0.30205076932907104, 0.302734375, 0.3023437559604645, 0.3036132752895355, 0.3037109375, 0.3038085997104645, 0.30244141817092896, 0.30634766817092896, 0.30488282442092896, 0.3062500059604645, 0.30742186307907104, 0.3046875, 0.3075195252895355, 0.3075195252895355, 0.3094726502895355, 0.31005859375, 0.3076171875, 0.3075195252895355, 0.30810546875, 0.30791014432907104, 0.3070312440395355, 0.30693358182907104, 0.3062500059604645, 0.3082031309604645, 0.30810546875, 0.3104492127895355, 0.30908203125, 0.3086914122104645, 0.310546875, 0.3082031309604645, 0.30712890625, 0.3101562559604645, 0.3101562559604645, 0.30986326932907104, 0.30810546875, 0.30878907442092896]}