{"loss": [12.875567436218262, 8.899740219116211, 6.2430243492126465, 4.579559326171875, 3.5255446434020996, 2.853816270828247, 2.4247591495513916, 2.1504156589508057, 1.9712839126586914, 1.8557082414627075, 1.775452733039856, 1.721962571144104, 1.6862715482711792, 1.6581823825836182, 1.6404012441635132, 1.6261982917785645, 1.6140600442886353, 1.6044305562973022, 1.594234585762024, 1.5845228433609009, 1.5745590925216675, 1.5660946369171143, 1.557030200958252, 1.545924186706543, 1.5367456674575806, 1.5230423212051392, 1.5085493326187134, 1.502425193786621, 1.4811283349990845, 1.4626420736312866, 1.4439218044281006, 1.4251294136047363], "accuracy": [0.1990775614976883, 0.2191970944404602, 0.26508376002311707, 0.2827089726924896, 0.28597986698150635, 0.29169803857803345, 0.2959808111190796, 0.29878106713294983, 0.30384036898612976, 0.3074171543121338, 0.31605327129364014, 0.3239128291606903, 0.32294803857803345, 0.3285956382751465, 0.33316075801849365, 0.3343138098716736, 0.3379141688346863, 0.34356173872947693, 0.349609375, 0.3549981117248535, 0.36097514629364014, 0.3683876097202301, 0.3744352459907532, 0.3787650465965271, 0.3874952793121338, 0.39547252655029297, 0.4023202061653137, 0.4089561402797699, 0.4208160638809204, 0.43248775601387024, 0.44357115030288696, 0.45724302530288696], "val_loss": [10.610227584838867, 7.385815620422363, 5.300830364227295, 3.981041431427002, 3.1366872787475586, 2.6018319129943848, 2.264883518218994, 2.0451035499572754, 1.9060983657836914, 1.813563585281372, 1.7512775659561157, 1.710466980934143, 1.6798890829086304, 1.657875418663025, 1.6471598148345947, 1.6366573572158813, 1.6287742853164673, 1.6241247653961182, 1.6247637271881104, 1.6234947443008423, 1.6213252544403076, 1.6184680461883545, 1.6214087009429932, 1.6239347457885742, 1.6273205280303955, 1.634826421737671, 1.6458829641342163, 1.653249740600586, 1.6614277362823486, 1.6782938241958618, 1.699963927268982, 1.7209389209747314], "val_accuracy": [0.20947265625, 0.2412109375, 0.2793945372104645, 0.28691405057907104, 0.29472655057907104, 0.2999023497104645, 0.30322265625, 0.3084960877895355, 0.3094726502895355, 0.3119140565395355, 0.31708985567092896, 0.32099610567092896, 0.3277343809604645, 0.33330076932907104, 0.3326171934604645, 0.33378905057907104, 0.3359375, 0.33710938692092896, 0.3304687440395355, 0.3335937559604645, 0.3384765684604645, 0.33808594942092896, 0.3423828184604645, 0.3423828184604645, 0.34062498807907104, 0.34326171875, 0.3397460877895355, 0.33642578125, 0.33662110567092896, 0.33642578125, 0.33378905057907104, 0.3304687440395355]}