{"loss": [12.528261184692383, 6.8880696296691895, 4.645376205444336, 3.537069320678711, 2.910372734069824, 2.5201756954193115, 2.249263048171997, 2.062561511993408, 1.927795171737671, 1.8318606615066528, 1.7633339166641235, 1.7160063982009888, 1.679876446723938, 1.652600884437561, 1.627929449081421, 1.6093753576278687, 1.5956326723098755, 1.580926537513733, 1.5688177347183228, 1.5585819482803345, 1.548985481262207, 1.5397361516952515, 1.532487392425537, 1.5251827239990234, 1.5157742500305176, 1.508500337600708, 1.5029538869857788, 1.4944597482681274, 1.4834299087524414, 1.4766076803207397, 1.469132423400879, 1.4556010961532593, 1.4464038610458374, 1.4317659139633179, 1.4216859340667725], "accuracy": [0.20030120015144348, 0.20889024436473846, 0.21223174035549164, 0.2664015293121338, 0.29334524273872375, 0.30160486698150635, 0.31153520941734314, 0.3172769248485565, 0.32320690155029297, 0.3309487998485565, 0.3356080651283264, 0.3442206382751465, 0.3473268151283264, 0.35551580786705017, 0.36681100726127625, 0.3741293251514435, 0.38170650601387024, 0.3862245976924896, 0.3952842652797699, 0.39867281913757324, 0.405638188123703, 0.4137565791606903, 0.41775697469711304, 0.4239457845687866, 0.4284873902797699, 0.4346526861190796, 0.43728822469711304, 0.4440653324127197, 0.4547722041606903, 0.45729008316993713, 0.4636671543121338, 0.47275036573410034, 0.4776449501514435, 0.4915992021560669, 0.4966820478439331], "val_loss": [8.825474739074707, 5.434704780578613, 4.014324188232422, 3.197608232498169, 2.705756664276123, 2.371020793914795, 2.136061191558838, 1.975215196609497, 1.8642418384552002, 1.7865726947784424, 1.7330949306488037, 1.6954514980316162, 1.6640104055404663, 1.645303726196289, 1.6379255056381226, 1.618269920349121, 1.5994281768798828, 1.5942888259887695, 1.595649242401123, 1.600123405456543, 1.5999356508255005, 1.6077330112457275, 1.6015193462371826, 1.5965244770050049, 1.5916380882263184, 1.596134901046753, 1.5921642780303955, 1.602376937866211, 1.6083462238311768, 1.621314287185669, 1.640505075454712, 1.6474119424819946, 1.6551733016967773, 1.6628742218017578, 1.6809724569320679], "val_accuracy": [0.21552734076976776, 0.21699218451976776, 0.22763672471046448, 0.2962890565395355, 0.3067382872104645, 0.3173828125, 0.3212890625, 0.32792967557907104, 0.330078125, 0.33427733182907104, 0.3399414122104645, 0.34843748807907104, 0.3597656190395355, 0.36259764432907104, 0.361328125, 0.3711914122104645, 0.3785156309604645, 0.38056641817092896, 0.38457030057907104, 0.3812499940395355, 0.38115233182907104, 0.37910157442092896, 0.38457030057907104, 0.38916015625, 0.39189451932907104, 0.39384764432907104, 0.3935546875, 0.3910156190395355, 0.3892578184604645, 0.3868164122104645, 0.38593751192092896, 0.3871093690395355, 0.38603514432907104, 0.38505858182907104, 0.3818359375]}