{"loss": [20.977130889892578, 9.962796211242676, 6.449548721313477, 4.721714973449707, 3.611076831817627, 2.9072999954223633, 2.435539960861206, 2.1219587326049805, 1.9094531536102295, 1.7736626863479614, 1.681876301765442, 1.620957851409912, 1.580291748046875, 1.5535098314285278, 1.533591866493225, 1.5183236598968506, 1.5043137073516846, 1.4961488246917725, 1.488242506980896, 1.4825949668884277, 1.4765071868896484, 1.4722254276275635, 1.467280626296997, 1.4604235887527466, 1.4583346843719482, 1.4529566764831543, 1.4500943422317505, 1.4447015523910522, 1.4423977136611938, 1.4369336366653442, 1.4351589679718018, 1.4315626621246338, 1.4263614416122437, 1.4245209693908691, 1.4186065196990967, 1.4115053415298462, 1.4046306610107422, 1.3981659412384033, 1.3906078338623047, 1.3827141523361206, 1.37574303150177, 1.3640527725219727, 1.3532631397247314], "accuracy": [0.2378864735364914, 0.26880401372909546, 0.28424203395843506, 0.32903921604156494, 0.3733169734477997, 0.3821060359477997, 0.388110876083374, 0.39050033688545227, 0.39625582098960876, 0.39544546604156494, 0.39974650740623474, 0.40199053287506104, 0.40573054552078247, 0.40884724259376526, 0.41333526372909546, 0.4168051779270172, 0.4212101101875305, 0.4251786768436432, 0.4256773591041565, 0.42827460169792175, 0.4335106313228607, 0.4314536154270172, 0.43421709537506104, 0.4370221197605133, 0.43988946080207825, 0.441614031791687, 0.44416970014572144, 0.44616439938545227, 0.44730716943740845, 0.4513588845729828, 0.45414310693740845, 0.4581948220729828, 0.4588804841041565, 0.4603557288646698, 0.46305686235427856, 0.470910906791687, 0.47340425848960876, 0.47668716311454773, 0.481237530708313, 0.48942404985427856, 0.49235373735427856, 0.5018284320831299, 0.506628155708313], "val_loss": [13.201554298400879, 7.659481525421143, 5.450540065765381, 4.112090110778809, 3.2359466552734375, 2.6382296085357666, 2.2584824562072754, 1.9959300756454468, 1.8297029733657837, 1.718091607093811, 1.6457507610321045, 1.5976258516311646, 1.5677286386489868, 1.5466313362121582, 1.5329657793045044, 1.5153025388717651, 1.509303092956543, 1.5048103332519531, 1.5019019842147827, 1.5031030178070068, 1.4918267726898193, 1.4884313344955444, 1.4936705827713013, 1.4911898374557495, 1.4885655641555786, 1.4864816665649414, 1.4878032207489014, 1.4941200017929077, 1.4906229972839355, 1.4921200275421143, 1.4909658432006836, 1.4929856061935425, 1.486251711845398, 1.4943084716796875, 1.4884759187698364, 1.491554617881775, 1.4993458986282349, 1.5120761394500732, 1.5148314237594604, 1.5136489868164062, 1.5212982892990112, 1.5242335796356201, 1.5338307619094849], "val_accuracy": [0.264775812625885, 0.27505093812942505, 0.2886379063129425, 0.34239131212234497, 0.36965012550354004, 0.396484375, 0.39198368787765503, 0.395635187625885, 0.3943614065647125, 0.4005604684352875, 0.404296875, 0.4064198434352875, 0.407099187374115, 0.40871262550354004, 0.412109375, 0.41805365681648254, 0.42000678181648254, 0.41932743787765503, 0.41576087474823, 0.41635531187057495, 0.42246943712234497, 0.42331862449645996, 0.41932743787765503, 0.42026156187057495, 0.42459240555763245, 0.42331862449645996, 0.42501696944236755, 0.42017662525177, 0.4222995936870575, 0.42246943712234497, 0.4234035313129425, 0.4231487810611725, 0.4245074689388275, 0.42238450050354004, 0.4259510934352875, 0.42408287525177, 0.42289403080940247, 0.42043137550354004, 0.42153531312942505, 0.4206012189388275, 0.4177989065647125, 0.4172894060611725, 0.4175441563129425]}