{"loss": [12.855807304382324, 7.604398727416992, 5.004105567932129, 3.6786880493164062, 2.8905444145202637, 2.4577651023864746, 2.177555799484253, 1.9805264472961426, 1.8394978046417236, 1.733390212059021, 1.6559323072433472, 1.6010152101516724, 1.5532888174057007, 1.5185493230819702, 1.485979437828064, 1.455175757408142, 1.431777834892273, 1.409294843673706, 1.3751477003097534, 1.3704410791397095, 1.3678683042526245, 1.3138281106948853, 1.277014970779419, 1.228145956993103, 1.1605474948883057, 1.1236498355865479], "accuracy": [0.20020708441734314, 0.20750188827514648, 0.21143166720867157, 0.2303040325641632, 0.29301580786705017, 0.31901827454566956, 0.33572572469711304, 0.3521272540092468, 0.36561086773872375, 0.38165944814682007, 0.3927428424358368, 0.4058264195919037, 0.41848644614219666, 0.4298287034034729, 0.440794438123703, 0.4535485804080963, 0.46790286898612976, 0.4755271077156067, 0.4965879023075104, 0.49512895941734314, 0.49319934844970703, 0.5257200598716736, 0.547886848449707, 0.5740775465965271, 0.6145284175872803, 0.6343420743942261], "val_loss": [9.612475395202637, 5.983408451080322, 4.206650257110596, 3.2224559783935547, 2.6616721153259277, 2.3117871284484863, 2.065974235534668, 1.899422287940979, 1.7746984958648682, 1.6931699514389038, 1.6419601440429688, 1.5996652841567993, 1.5756357908248901, 1.5663386583328247, 1.5512499809265137, 1.545342206954956, 1.560916781425476, 1.5694689750671387, 1.5754308700561523, 1.595306634902954, 1.624691367149353, 1.6614881753921509, 1.7039439678192139, 1.7316477298736572, 1.7745250463485718, 1.8401260375976562], "val_accuracy": [0.20781250298023224, 0.20781250298023224, 0.21015624701976776, 0.2738281190395355, 0.30976563692092896, 0.322265625, 0.345703125, 0.35595703125, 0.37109375, 0.38447266817092896, 0.3868164122104645, 0.3924804627895355, 0.3968749940395355, 0.3995117247104645, 0.4034179747104645, 0.4024414122104645, 0.3994140625, 0.40185546875, 0.3990234434604645, 0.3915039002895355, 0.3829101622104645, 0.37939453125, 0.37285155057907104, 0.37744140625, 0.38066405057907104, 0.3736328184604645]}