{"loss": [12.501142501831055, 6.852151393890381, 4.5756378173828125, 3.4975621700286865, 2.9031128883361816, 2.5157599449157715, 2.2483630180358887, 2.0571844577789307, 1.9218766689300537, 1.8263987302780151, 1.7576717138290405, 1.7042996883392334, 1.664839267730713, 1.6323378086090088, 1.6093509197235107, 1.5936498641967773, 1.5743430852890015, 1.5638797283172607, 1.5527737140655518, 1.544812798500061, 1.534302830696106, 1.5274959802627563, 1.5198848247528076, 1.511459231376648, 1.5045976638793945, 1.499920129776001, 1.4942982196807861, 1.4891093969345093, 1.4822291135787964, 1.472253680229187, 1.4633207321166992, 1.4575815200805664], "accuracy": [0.19985410571098328, 0.20961973071098328, 0.24334055185317993, 0.287109375, 0.3011106848716736, 0.31148815155029297, 0.3186652958393097, 0.32866623997688293, 0.33673757314682007, 0.3405497074127197, 0.3506683111190796, 0.3584808111190796, 0.36817583441734314, 0.37747082114219666, 0.38307133316993713, 0.3891425132751465, 0.3972138464450836, 0.3996140956878662, 0.4065559208393097, 0.4084855020046234, 0.4146507978439331, 0.4170510172843933, 0.4238045811653137, 0.4303228557109833, 0.4350762367248535, 0.43893542885780334, 0.4424887001514435, 0.44568899273872375, 0.4496658444404602, 0.4592667520046234, 0.4641377925872803, 0.469361811876297], "val_loss": [8.793730735778809, 5.4037909507751465, 3.970862865447998, 3.2203192710876465, 2.728912353515625, 2.3852572441101074, 2.1438632011413574, 1.9773668050765991, 1.86399245262146, 1.7803771495819092, 1.7253847122192383, 1.6792398691177368, 1.6485488414764404, 1.6297080516815186, 1.6193370819091797, 1.596630334854126, 1.5926414728164673, 1.5892107486724854, 1.5835429430007935, 1.57747483253479, 1.5799480676651, 1.571484088897705, 1.5738246440887451, 1.5770747661590576, 1.5823490619659424, 1.5795810222625732, 1.5828710794448853, 1.5891755819320679, 1.5899384021759033, 1.6088840961456299, 1.607810616493225, 1.6300461292266846], "val_accuracy": [0.21396484971046448, 0.21630859375, 0.25410157442092896, 0.27167969942092896, 0.30029296875, 0.3207031190395355, 0.3329101502895355, 0.33867186307907104, 0.34550780057907104, 0.35205078125, 0.35498046875, 0.3682617247104645, 0.36982423067092896, 0.37812501192092896, 0.3755859434604645, 0.38935548067092896, 0.38984376192092896, 0.3858398497104645, 0.39277344942092896, 0.3931640684604645, 0.3936523497104645, 0.39697265625, 0.39599609375, 0.3946289122104645, 0.39287108182907104, 0.396484375, 0.3941406309604645, 0.39228516817092896, 0.39472657442092896, 0.3861328065395355, 0.39179688692092896, 0.38212889432907104]}