{"loss": [11.8394775390625, 6.291328430175781, 4.482556343078613, 3.5438575744628906, 2.9442195892333984, 2.532301902770996, 2.237842082977295, 2.0247039794921875, 1.8561880588531494, 1.7252459526062012, 1.6234023571014404, 1.5447001457214355, 1.483948826789856, 1.4244272708892822, 1.3802704811096191, 1.3425719738006592, 1.3108232021331787, 1.2813609838485718, 1.2569022178649902, 1.2359240055084229, 1.2174476385116577, 1.2015153169631958, 1.1876776218414307, 1.1756563186645508, 1.1652863025665283, 1.1559839248657227, 1.1479233503341675, 1.1409549713134766, 1.1348795890808105, 1.12967050075531, 1.125125765800476, 1.1211880445480347, 1.117821216583252, 1.1148674488067627, 1.1123080253601074, 1.110141634941101, 1.1082768440246582, 1.1066960096359253, 1.105272889137268, 1.1041312217712402, 1.10312020778656, 1.1022884845733643, 1.101569652557373, 1.1009548902511597, 1.1004563570022583, 1.09998619556427, 1.099682331085205, 1.099320411682129, 1.0990594625473022, 1.0988402366638184, 1.0986998081207275, 1.0985634326934814, 1.098405361175537, 1.098347783088684, 1.0982122421264648, 1.0981693267822266, 1.0980989933013916, 1.0980745553970337, 1.0980265140533447, 1.0979715585708618, 1.0979939699172974, 1.097919225692749, 1.097898244857788, 1.0979093313217163, 1.0978933572769165, 1.0979011058807373, 1.0978710651397705, 1.0978585481643677, 1.0978854894638062, 1.09788978099823, 1.0978723764419556, 1.0978682041168213, 1.0978703498840332], "accuracy": [0.34589844942092896, 0.3453342020511627, 0.34409722685813904, 0.34485676884651184, 0.34539932012557983, 0.34463974833488464, 0.3450954854488373, 0.3454427123069763, 0.3451606035232544, 0.3451171815395355, 0.3447265625, 0.3464626669883728, 0.34605035185813904, 0.3440321087837219, 0.3456380069255829, 0.3450954854488373, 0.3443576395511627, 0.3454861044883728, 0.3454427123069763, 0.3449435830116272, 0.34474825859069824, 0.34518229961395264, 0.34470486640930176, 0.3446831703186035, 0.3450520932674408, 0.3449869751930237, 0.3452690839767456, 0.3445746600627899, 0.3442274332046509, 0.34513887763023376, 0.3451606035232544, 0.34485676884651184, 0.3449435830116272, 0.34496527910232544, 0.3448784649372101, 0.3450086712837219, 0.3454210162162781, 0.34492188692092896, 0.3452039957046509, 0.3450086712837219, 0.3451171815395355, 0.34503036737442017, 0.34539932012557983, 0.3450954854488373, 0.3443576395511627, 0.34485676884651184, 0.34503036737442017, 0.3449869751930237, 0.34485676884651184, 0.34507378935813904, 0.34557291865348816, 0.3439235985279083, 0.3443576395511627, 0.34442275762557983, 0.3450520932674408, 0.3449869751930237, 0.34470486640930176, 0.3447265625, 0.34492188692092896, 0.34503036737442017, 0.34518229961395264, 0.34474825859069824, 0.34496527910232544, 0.3453342020511627, 0.3449435830116272, 0.3445746600627899, 0.3447265625, 0.34507378935813904, 0.3450954854488373, 0.3443359434604645, 0.3447699546813965, 0.34503036737442017, 0.3450954854488373], "val_loss": [7.819547653198242, 5.1440510749816895, 3.9209823608398438, 3.204847574234009, 2.71285080909729, 2.367331027984619, 2.1155428886413574, 1.93370521068573, 1.7821011543273926, 1.6724209785461426, 1.5790215730667114, 1.5163851976394653, 1.4508594274520874, 1.4001942873001099, 1.362423062324524, 1.3243800401687622, 1.2964781522750854, 1.2689433097839355, 1.24582839012146, 1.2263010740280151, 1.2092838287353516, 1.1944608688354492, 1.1815358400344849, 1.1702674627304077, 1.1608532667160034, 1.1519001722335815, 1.144453763961792, 1.1379848718643188, 1.1323693990707397, 1.1274968385696411, 1.1232746839523315, 1.1196209192276, 1.1164634227752686, 1.1137409210205078, 1.111397385597229, 1.109382152557373, 1.1076512336730957, 1.1061701774597168, 1.104905605316162, 1.1038252115249634, 1.1029058694839478, 1.102123737335205, 1.1014618873596191, 1.1009036302566528, 1.1004306077957153, 1.1000349521636963, 1.0996986627578735, 1.0994203090667725, 1.0991895198822021, 1.0989956855773926, 1.0988324880599976, 1.0986976623535156, 1.098587989807129, 1.0984952449798584, 1.0984200239181519, 1.0983577966690063, 1.0983085632324219, 1.0982664823532104, 1.0982340574264526, 1.0982087850570679, 1.098185658454895, 1.0981701612472534, 1.098156452178955, 1.0981463193893433, 1.098136067390442, 1.0981285572052002, 1.09812331199646, 1.0981194972991943, 1.0981144905090332, 1.0981091260910034, 1.098108172416687, 1.0981086492538452, 1.0981067419052124], "val_accuracy": [0.3433060944080353, 0.3433060944080353, 0.3433060944080353, 0.3433060944080353, 0.3432173430919647, 0.3433060944080353, 0.3433060944080353, 0.3433060944080353, 0.3433060944080353, 0.3433060944080353, 0.3433060944080353, 0.3517400622367859, 0.3433060944080353, 0.3433060944080353, 0.3433060944080353, 0.3433060944080353, 0.3433060944080353, 0.3433060944080353, 0.3433060944080353, 0.3433060944080353, 0.3433060944080353, 0.3433060944080353, 0.3433060944080353, 0.3433060944080353, 0.3433060944080353, 0.3433060944080353, 0.3433060944080353, 0.3433060944080353, 0.3433060944080353, 0.3433060944080353, 0.3433060944080353, 0.3433060944080353, 0.3433060944080353, 0.3433060944080353, 0.3433060944080353, 0.3433060944080353, 0.3433060944080353, 0.3433060944080353, 0.3433060944080353, 0.3433060944080353, 0.3433060944080353, 0.3433060944080353, 0.3433060944080353, 0.3433060944080353, 0.3433060944080353, 0.3433060944080353, 0.3433060944080353, 0.3433060944080353, 0.3433060944080353, 0.3433060944080353, 0.3433060944080353, 0.3433060944080353, 0.3433060944080353, 0.3433060944080353, 0.3433060944080353, 0.3433060944080353, 0.3433060944080353, 0.3433060944080353, 0.3433060944080353, 0.3433060944080353, 0.3433060944080353, 0.3433060944080353, 0.3433060944080353, 0.3433060944080353, 0.3433060944080353, 0.3433060944080353, 0.3433060944080353, 0.3433060944080353, 0.3433060944080353, 0.3433060944080353, 0.3433060944080353, 0.3433060944080353, 0.3433060944080353]}