{"loss": [3.024091958999634, 0.8948025703430176, 0.8480483889579773, 0.8355236649513245, 0.826526939868927, 0.818662703037262, 0.8125272393226624, 0.8067836165428162, 0.801986813545227, 0.7986396551132202, 0.7957140803337097, 0.7926713228225708, 0.7900832295417786, 0.7878685593605042, 0.7859452366828918, 0.7841274738311768, 0.7819450497627258, 0.7810994386672974, 0.7794012427330017, 0.7774938344955444, 0.7766128182411194, 0.7756410241127014, 0.7734721302986145, 0.7714263796806335, 0.7706740498542786, 0.7684313058853149, 0.7671475410461426, 0.765752375125885, 0.763821005821228, 0.7625768780708313, 0.7610300779342651, 0.7596920728683472, 0.7566612958908081, 0.7556045651435852, 0.7535884976387024], "accuracy": [0.6008787751197815, 0.6452733278274536, 0.6512765288352966, 0.6548284292221069, 0.6592119932174683, 0.6626158952713013, 0.6663428544998169, 0.6694383025169373, 0.6717707514762878, 0.6733862161636353, 0.6747161149978638, 0.676181435585022, 0.6775050759315491, 0.678422212600708, 0.6796937584877014, 0.6804816722869873, 0.6815009713172913, 0.6819949746131897, 0.6830184459686279, 0.6842795610427856, 0.6851904392242432, 0.6856698393821716, 0.6873373985290527, 0.687756359577179, 0.6882212162017822, 0.6898825168609619, 0.6910435557365417, 0.691750168800354, 0.6938387751579285, 0.6941452026367188, 0.6957690119743347, 0.6968028545379639, 0.6986955404281616, 0.6994855403900146, 0.7016012668609619], "val_loss": [0.978221595287323, 0.846014678478241, 0.8346216082572937, 0.8276545405387878, 0.8241004347801208, 0.832815945148468, 0.8225404024124146, 0.8134124875068665, 0.8119202852249146, 0.8168041110038757, 0.8138530254364014, 0.8111709356307983, 0.8087655901908875, 0.8057478070259094, 0.8079109787940979, 0.8044785261154175, 0.8012939691543579, 0.8052311539649963, 0.8008348345756531, 0.8033448457717896, 0.8082152605056763, 0.7977962493896484, 0.8005757927894592, 0.8045966029167175, 0.7965325713157654, 0.7996494174003601, 0.797294557094574, 0.798490047454834, 0.7974595427513123, 0.8005777597427368, 0.8003091812133789, 0.7978523969650269, 0.8012454509735107, 0.7995316982269287, 0.8038643598556519], "val_accuracy": [0.6480953097343445, 0.6541800498962402, 0.6552567481994629, 0.6571347713470459, 0.6573517918586731, 0.6501235365867615, 0.6564086079597473, 0.6617504954338074, 0.662551760673523, 0.6584702134132385, 0.6598808169364929, 0.661316454410553, 0.6620259284973145, 0.6645466089248657, 0.66185063123703, 0.6641626358032227, 0.6663745045661926, 0.6639957427978516, 0.6668002009391785, 0.66478031873703, 0.6619841456413269, 0.6688368320465088, 0.6668502688407898, 0.6646550893783569, 0.6704143285751343, 0.6682358384132385, 0.6702056527137756, 0.6683861017227173, 0.669846773147583, 0.6679937839508057, 0.6688785552978516, 0.6712489724159241, 0.6697298884391785, 0.6710987687110901, 0.6680021286010742]}