{"loss": [46.60260772705078, 28.165742874145508, 17.331663131713867, 11.067220687866211, 7.4285454750061035, 5.269789218902588, 3.9532289505004883, 3.1225078105926514, 2.5848946571350098, 2.234002113342285, 2.0023233890533447, 1.8528265953063965, 1.7552889585494995, 1.6897178888320923, 1.6465721130371094, 1.6172430515289307, 1.5988517999649048, 1.582694411277771, 1.5726850032806396, 1.5652621984481812, 1.5561879873275757, 1.5515741109848022, 1.5461653470993042, 1.5397974252700806, 1.5336263179779053, 1.530948281288147, 1.5275880098342896, 1.521307349205017, 1.5170354843139648, 1.5112898349761963, 1.5059170722961426, 1.5010699033737183, 1.4938163757324219, 1.487845540046692, 1.4823654890060425, 1.4778310060501099, 1.4710108041763306, 1.4669381380081177, 1.4617373943328857], "accuracy": [0.20620764791965485, 0.271484375, 0.31108811497688293, 0.3341490924358368, 0.3377259075641632, 0.3410909175872803, 0.3428793251514435, 0.3417733311653137, 0.34770330786705017, 0.3470679521560669, 0.35073888301849365, 0.3510683476924896, 0.3535391688346863, 0.3554452061653137, 0.3596809208393097, 0.3640577793121338, 0.36636388301849365, 0.3711172938346863, 0.3737528324127197, 0.3774237632751465, 0.38081231713294983, 0.38229480385780334, 0.3842008709907532, 0.3878012001514435, 0.3913780152797699, 0.3933546543121338, 0.39446064829826355, 0.3991905152797699, 0.404908686876297, 0.4054969847202301, 0.41159167885780334, 0.4133094847202301, 0.41834524273872375, 0.42211031913757324, 0.42512235045433044, 0.42827561497688293, 0.43279367685317993, 0.43653520941734314, 0.4385353922843933], "val_loss": [35.7546272277832, 21.803417205810547, 13.687501907348633, 8.9728422164917, 6.1950154304504395, 4.515506267547607, 3.4707694053649902, 2.806513547897339, 2.3745484352111816, 2.0917303562164307, 1.9073566198349, 1.7900660037994385, 1.7108606100082397, 1.6606391668319702, 1.6253114938735962, 1.6065305471420288, 1.590247392654419, 1.5828521251678467, 1.5760372877120972, 1.5720744132995605, 1.569548487663269, 1.5640109777450562, 1.5634809732437134, 1.5586515665054321, 1.5546839237213135, 1.554052472114563, 1.5522844791412354, 1.55277419090271, 1.55181086063385, 1.5520297288894653, 1.5549724102020264, 1.5538811683654785, 1.5575966835021973, 1.5653278827667236, 1.5715973377227783, 1.5727282762527466, 1.579717755317688, 1.5899503231048584, 1.5843086242675781], "val_accuracy": [0.21044921875, 0.24335937201976776, 0.2679687440395355, 0.306640625, 0.3285156190395355, 0.3402343690395355, 0.3462890684604645, 0.34833985567092896, 0.34990233182907104, 0.3519531190395355, 0.35380858182907104, 0.353515625, 0.35429686307907104, 0.3570312559604645, 0.3638671934604645, 0.36962890625, 0.3711914122104645, 0.3702148497104645, 0.3741210997104645, 0.37353515625, 0.37382811307907104, 0.37548828125, 0.37617188692092896, 0.3785156309604645, 0.3837890625, 0.38359373807907104, 0.3857421875, 0.3833984434604645, 0.38554686307907104, 0.3861328065395355, 0.38154298067092896, 0.38623046875, 0.38496094942092896, 0.38066405057907104, 0.38017576932907104, 0.3780273497104645, 0.3773437440395355, 0.3707031309604645, 0.3765625059604645]}