{"loss": [12.898076057434082, 8.944122314453125, 6.283151626586914, 4.600907325744629, 3.540844202041626, 2.862704277038574, 2.4324727058410645, 2.1571836471557617, 1.9776232242584229, 1.8608179092407227, 1.78171968460083, 1.7276512384414673, 1.6887813806533813, 1.6636731624603271, 1.6429535150527954, 1.6307240724563599, 1.619131088256836, 1.6075204610824585, 1.5990817546844482, 1.589410424232483, 1.5796350240707397, 1.5719746351242065, 1.5611320734024048, 1.5501905679702759, 1.5415892601013184, 1.5297646522521973, 1.5202962160110474, 1.5030409097671509, 1.4894063472747803], "accuracy": [0.19867752492427826, 0.21237292885780334, 0.25308263301849365, 0.2770143151283264, 0.28299134969711304, 0.28885072469711304, 0.2918862998485565, 0.2952277958393097, 0.3000752925872803, 0.30416980385780334, 0.3096291422843933, 0.31631213426589966, 0.32113611698150635, 0.3239128291606903, 0.330078125, 0.3327372074127197, 0.33407849073410034, 0.3405967652797699, 0.3452089726924896, 0.3506447672843933, 0.35841020941734314, 0.36504611372947693, 0.3672110438346863, 0.37864741683006287, 0.38064759969711304, 0.3886954188346863, 0.3959902226924896, 0.4074501097202301, 0.41427427530288696], "val_loss": [10.644289016723633, 7.436995029449463, 5.332942008972168, 3.996835708618164, 3.1523282527923584, 2.61008882522583, 2.2674810886383057, 2.0505566596984863, 1.9109251499176025, 1.817549705505371, 1.757393479347229, 1.71329665184021, 1.6833194494247437, 1.6641829013824463, 1.6481220722198486, 1.6428022384643555, 1.6327301263809204, 1.6279747486114502, 1.623807668685913, 1.624420404434204, 1.6249659061431885, 1.6256126165390015, 1.624416708946228, 1.6265437602996826, 1.6325763463974, 1.6398347616195679, 1.6424341201782227, 1.6556895971298218, 1.6745786666870117], "val_accuracy": [0.20986327528953552, 0.22470703721046448, 0.27080076932907104, 0.2850585877895355, 0.29033201932907104, 0.2958007752895355, 0.3003906309604645, 0.30400389432907104, 0.3047851622104645, 0.3082031309604645, 0.3111328184604645, 0.3172851502895355, 0.3243164122104645, 0.3282226622104645, 0.33427733182907104, 0.33417969942092896, 0.33769530057907104, 0.33867186307907104, 0.3399414122104645, 0.3324218690395355, 0.3331054747104645, 0.33378905057907104, 0.3382812440395355, 0.34150391817092896, 0.3423828184604645, 0.341796875, 0.33837890625, 0.33964842557907104, 0.33916014432907104]}