{"loss": [46.57065963745117, 28.113161087036133, 17.28628921508789, 11.039976119995117, 7.4111785888671875, 5.261470794677734, 3.945357084274292, 3.1170449256896973, 2.5816454887390137, 2.229489326477051, 1.9984526634216309, 1.8455952405929565, 1.7463233470916748, 1.6804171800613403, 1.6376272439956665, 1.6093071699142456, 1.5897868871688843, 1.5773831605911255, 1.5674082040786743, 1.5581532716751099, 1.5523643493652344, 1.544826626777649, 1.5374473333358765, 1.5311378240585327, 1.5276894569396973, 1.5215070247650146, 1.5155925750732422, 1.5103716850280762, 1.5042173862457275, 1.4984116554260254, 1.4909625053405762, 1.4865442514419556, 1.480258822441101, 1.472798228263855, 1.4691832065582275, 1.4622801542282104, 1.4577772617340088, 1.4526346921920776], "accuracy": [0.20545463263988495, 0.2765907347202301, 0.3159591555595398, 0.3323606848716736, 0.339231938123703, 0.34153804183006287, 0.34502071142196655, 0.35062122344970703, 0.3521978557109833, 0.35464513301849365, 0.35883376002311707, 0.36198702454566956, 0.3653990924358368, 0.3668815791606903, 0.3717997074127197, 0.37478822469711304, 0.37942394614219666, 0.379518061876297, 0.38304781913757324, 0.38587161898612976, 0.39102503657341003, 0.39479008316993713, 0.3991905152797699, 0.4021790325641632, 0.4058029055595398, 0.4081795811653137, 0.4126976728439331, 0.4162980020046234, 0.42281627655029297, 0.4242517054080963, 0.4274519979953766, 0.4334760904312134, 0.4358763098716736, 0.43905308842658997, 0.4424887001514435, 0.44761860370635986, 0.4503953456878662, 0.45397213101387024], "val_loss": [35.706024169921875, 21.7563419342041, 13.655290603637695, 8.955933570861816, 6.185385704040527, 4.5078630447387695, 3.467735767364502, 2.8036739826202393, 2.3745222091674805, 2.0900073051452637, 1.9067466259002686, 1.7865803241729736, 1.708417534828186, 1.6558822393417358, 1.6230398416519165, 1.6009647846221924, 1.5878790616989136, 1.5810034275054932, 1.5746650695800781, 1.5689547061920166, 1.567173719406128, 1.563765287399292, 1.562812089920044, 1.5612940788269043, 1.562419056892395, 1.5613380670547485, 1.5622632503509521, 1.5585525035858154, 1.5592507123947144, 1.5619676113128662, 1.5626615285873413, 1.5627121925354004, 1.5652457475662231, 1.5716431140899658, 1.5733036994934082, 1.5769882202148438, 1.580074667930603, 1.5812549591064453], "val_accuracy": [0.20927734673023224, 0.22705078125, 0.26728516817092896, 0.2984375059604645, 0.3291015625, 0.34394532442092896, 0.3466796875, 0.35136717557907104, 0.35234373807907104, 0.35595703125, 0.35771483182907104, 0.35810548067092896, 0.3612304627895355, 0.36835938692092896, 0.36845701932907104, 0.37080079317092896, 0.37236326932907104, 0.37236326932907104, 0.37519532442092896, 0.3773437440395355, 0.37939453125, 0.3802734315395355, 0.37939453125, 0.37841796875, 0.3794921934604645, 0.38007813692092896, 0.38251954317092896, 0.38496094942092896, 0.3838867247104645, 0.38310545682907104, 0.3848632872104645, 0.38398438692092896, 0.38623046875, 0.3846679627895355, 0.38642579317092896, 0.38457030057907104, 0.3841796815395355, 0.3866210877895355]}