{"loss": [12.890117645263672, 8.921339988708496, 6.2758965492248535, 4.609557628631592, 3.5518105030059814, 2.875469446182251, 2.4429314136505127, 2.164796829223633, 1.9850348234176636, 1.8651827573776245, 1.7840054035186768, 1.7300293445587158, 1.690070629119873, 1.6627901792526245, 1.644866943359375, 1.6304291486740112, 1.6196730136871338, 1.6073330640792847, 1.597143292427063, 1.5898661613464355, 1.5809451341629028, 1.5726369619369507, 1.5635634660720825, 1.55291748046875, 1.5452830791473389, 1.5347191095352173, 1.5228207111358643, 1.5094201564788818, 1.4964617490768433, 1.4835864305496216, 1.4650896787643433, 1.4452545642852783], "accuracy": [0.19999529421329498, 0.2227974385023117, 0.26602503657341003, 0.28205007314682007, 0.28567394614219666, 0.2878859043121338, 0.292356938123703, 0.29647496342658997, 0.3001458942890167, 0.30659356713294983, 0.31346479058265686, 0.3189476728439331, 0.3228303790092468, 0.3291603922843933, 0.32956042885780334, 0.3336549401283264, 0.34022024273872375, 0.3436323404312134, 0.34699735045433044, 0.3547392785549164, 0.3593514561653137, 0.3653520345687866, 0.3721762001514435, 0.3757059574127197, 0.38196536898612976, 0.38693052530288696, 0.39627259969711304, 0.4035203456878662, 0.41265061497688293, 0.42166322469711304, 0.43199360370635986, 0.4452889561653137], "val_loss": [10.633514404296875, 7.410979270935059, 5.333646297454834, 4.0070905685424805, 3.1618080139160156, 2.621429920196533, 2.2808876037597656, 2.0574309825897217, 1.9173383712768555, 1.8201968669891357, 1.7563035488128662, 1.7120234966278076, 1.6853994131088257, 1.6623897552490234, 1.6507419347763062, 1.6377077102661133, 1.6315033435821533, 1.6246089935302734, 1.6225618124008179, 1.6225383281707764, 1.6194145679473877, 1.6172447204589844, 1.6235015392303467, 1.6236711740493774, 1.6260807514190674, 1.6323026418685913, 1.636810302734375, 1.6469656229019165, 1.6569734811782837, 1.6691560745239258, 1.6841789484024048, 1.711491584777832], "val_accuracy": [0.21025390923023224, 0.25019532442092896, 0.2791992127895355, 0.28925782442092896, 0.29414063692092896, 0.2992187440395355, 0.3008789122104645, 0.3046875, 0.3077148497104645, 0.31279295682907104, 0.3192382752895355, 0.32568359375, 0.3272460997104645, 0.33125001192092896, 0.33251953125, 0.33642578125, 0.3373046815395355, 0.33710938692092896, 0.33642578125, 0.33623045682907104, 0.3379882872104645, 0.34599608182907104, 0.34648436307907104, 0.3487304747104645, 0.34501951932907104, 0.3466796875, 0.3412109315395355, 0.34296876192092896, 0.34130859375, 0.3388671875, 0.33623045682907104, 0.3330078125]}