{"loss": [3.053161144256592, 0.8939067125320435, 0.846583366394043, 0.8342806696891785, 0.8254797458648682, 0.8172939419746399, 0.8106946349143982, 0.8060170412063599, 0.8017576932907104, 0.7983108758926392, 0.7953436970710754, 0.7941046953201294, 0.7916111946105957, 0.789630651473999, 0.7887577414512634, 0.7866122126579285, 0.7854872941970825, 0.7836422324180603, 0.7818760275840759, 0.7811025381088257, 0.7796720266342163, 0.7781898379325867, 0.7775612473487854, 0.7761160135269165, 0.7751606702804565, 0.7732462286949158, 0.7724040150642395, 0.7712898254394531, 0.7700459361076355, 0.7683941721916199, 0.7672691941261292, 0.7667959928512573, 0.7649913430213928, 0.7638562917709351, 0.7627332806587219, 0.7613644599914551, 0.7593883275985718, 0.7574478983879089, 0.7571164965629578, 0.7547082304954529, 0.7528420090675354, 0.7515385150909424, 0.7498504519462585], "accuracy": [0.5899521708488464, 0.6444270014762878, 0.6498507261276245, 0.6542593836784363, 0.6584094762802124, 0.6630473732948303, 0.6659864187240601, 0.6682271957397461, 0.6706222295761108, 0.6724252700805664, 0.673396646976471, 0.6743471622467041, 0.6754477620124817, 0.6763294339179993, 0.6765629053115845, 0.6782116889953613, 0.6787328124046326, 0.6796437501907349, 0.6807339191436768, 0.6805275082588196, 0.6819449663162231, 0.6832852363586426, 0.683752179145813, 0.68423992395401, 0.68556147813797, 0.6862597465515137, 0.6864744424819946, 0.687197744846344, 0.6883796453475952, 0.6893759965896606, 0.6900659799575806, 0.6902472972869873, 0.6916980743408203, 0.6925318241119385, 0.6937158107757568, 0.6946412920951843, 0.6953750252723694, 0.6972718834877014, 0.6975511908531189, 0.6996731758117676, 0.7011197805404663, 0.7015845775604248, 0.7033167481422424], "val_loss": [0.9773155450820923, 0.8472427129745483, 0.830081045627594, 0.8252226710319519, 0.8358470797538757, 0.8203068375587463, 0.8162551522254944, 0.8087461590766907, 0.8066256046295166, 0.8091092109680176, 0.8070675730705261, 0.8124856948852539, 0.8103611469268799, 0.8066055178642273, 0.8026089668273926, 0.8011870384216309, 0.8041075468063354, 0.7997329831123352, 0.7985050678253174, 0.7954365611076355, 0.7982730865478516, 0.7970435619354248, 0.7891945242881775, 0.7985110878944397, 0.7921239733695984, 0.7930480241775513, 0.7953795790672302, 0.7927013039588928, 0.79766845703125, 0.7911837697029114, 0.7908734679222107, 0.7929725050926208, 0.7881184816360474, 0.7899777889251709, 0.7958034873008728, 0.791622519493103, 0.7940230369567871, 0.788384735584259, 0.7985425591468811, 0.7932040095329285, 0.7949098348617554, 0.796983003616333, 0.7953332662582397], "val_accuracy": [0.6498147249221802, 0.6509665250778198, 0.6564169526100159, 0.657042920589447, 0.6474525928497314, 0.6581864356994629, 0.659363329410553, 0.6646384000778198, 0.6646384000778198, 0.6632946133613586, 0.6645132303237915, 0.6609324812889099, 0.6609992384910583, 0.6641042232513428, 0.6665664911270142, 0.6659655570983887, 0.6644965410232544, 0.6678268313407898, 0.6685279607772827, 0.6696214079856873, 0.6676599383354187, 0.6687867045402527, 0.6734107732772827, 0.6685363054275513, 0.671541154384613, 0.6711905598640442, 0.6698551177978516, 0.6716830134391785, 0.6678017973899841, 0.6734358072280884, 0.6729767918586731, 0.6718583106994629, 0.6747546195983887, 0.6730602383613586, 0.6706313490867615, 0.6731687188148499, 0.6716746687889099, 0.6751218438148499, 0.6704894304275513, 0.6725844740867615, 0.6730852723121643, 0.6708650588989258, 0.6727096438407898]}