{"loss": [12.439628601074219, 6.771396160125732, 4.603311538696289, 3.583101511001587, 2.9837698936462402, 2.583655834197998, 2.3053555488586426, 2.107119083404541, 1.9650516510009766, 1.8644908666610718, 1.791928768157959, 1.7388017177581787, 1.7019374370574951, 1.6729322671890259, 1.653824806213379, 1.6368719339370728, 1.6246604919433594, 1.613804817199707, 1.6062371730804443, 1.5999521017074585, 1.5929659605026245, 1.5901659727096558, 1.5839558839797974, 1.579856276512146, 1.575736165046692, 1.5715481042861938, 1.5709224939346313, 1.5687845945358276, 1.5631991624832153, 1.5545363426208496], "accuracy": [0.20681945979595184, 0.27054309844970703, 0.2875800132751465, 0.3022402226924896, 0.3110410273075104, 0.31666508316993713, 0.3204301595687866, 0.32403048872947693, 0.32746610045433044, 0.33271366357803345, 0.3344550132751465, 0.33826711773872375, 0.34398531913757324, 0.3474915325641632, 0.35076242685317993, 0.3540803790092468, 0.35645708441734314, 0.3594926595687866, 0.36483433842658997, 0.36812877655029297, 0.3718702793121338, 0.37330570816993713, 0.3778237998485565, 0.38347139954566956, 0.3853539228439331, 0.3894013464450836, 0.38980138301849365, 0.39702561497688293, 0.3981315791606903, 0.40632060170173645], "val_loss": [8.733237266540527, 5.431629657745361, 4.025280475616455, 3.250558853149414, 2.7596561908721924, 2.4228947162628174, 2.1810543537139893, 2.0195112228393555, 1.9018287658691406, 1.8211669921875, 1.75922429561615, 1.719710350036621, 1.6935176849365234, 1.6720640659332275, 1.6580121517181396, 1.6436786651611328, 1.6339218616485596, 1.6291415691375732, 1.6238139867782593, 1.6198381185531616, 1.6209020614624023, 1.625178575515747, 1.6234155893325806, 1.6270618438720703, 1.6289112567901611, 1.6329500675201416, 1.6377475261688232, 1.6399171352386475, 1.6461589336395264, 1.6570675373077393], "val_accuracy": [0.21298828721046448, 0.2637695372104645, 0.29345703125, 0.31279295682907104, 0.3203125, 0.3255859315395355, 0.3350585997104645, 0.3338867127895355, 0.3360351622104645, 0.33720701932907104, 0.34228515625, 0.34345704317092896, 0.33964842557907104, 0.34130859375, 0.3421874940395355, 0.34843748807907104, 0.35078126192092896, 0.35400390625, 0.35498046875, 0.3550781309604645, 0.35595703125, 0.3511718809604645, 0.35673826932907104, 0.3553710877895355, 0.35859376192092896, 0.35869139432907104, 0.35615235567092896, 0.35673826932907104, 0.3570312559604645, 0.3555664122104645]}