{"loss": [12.873603820800781, 7.6188859939575195, 5.009978294372559, 3.7085115909576416, 2.986957311630249, 2.4603724479675293, 2.1577250957489014, 1.9555943012237549, 1.8112430572509766, 1.7086666822433472, 1.6365077495574951, 1.5872629880905151, 1.5418070554733276, 1.5047821998596191, 1.4763853549957275, 1.4520440101623535, 1.430535078048706, 1.406437873840332, 1.3843696117401123, 1.388021469116211, 1.3584325313568115, 1.3292896747589111, 1.2964801788330078, 1.2822563648223877, 1.2747302055358887, 1.206393837928772], "accuracy": [0.20124247670173645, 0.2067253440618515, 0.2112434059381485, 0.21354950964450836, 0.23216302692890167, 0.3008989095687866, 0.33403143286705017, 0.35751599073410034, 0.3756353557109833, 0.39057794213294983, 0.39942583441734314, 0.4065794348716736, 0.4191924035549164, 0.4323465824127197, 0.4426299035549164, 0.4516425132751465, 0.4614316523075104, 0.4737387001514435, 0.48846951127052307, 0.48355138301849365, 0.49708208441734314, 0.5151543617248535, 0.5331090092658997, 0.5390389561653137, 0.5469455718994141, 0.5849726796150208], "val_loss": [9.6312894821167, 5.992922306060791, 4.210897445678711, 3.286471128463745, 2.709092617034912, 2.290372133255005, 2.0284576416015625, 1.8622157573699951, 1.7514795064926147, 1.6831836700439453, 1.626442551612854, 1.5892484188079834, 1.5671002864837646, 1.5557867288589478, 1.5428383350372314, 1.538216471672058, 1.5400630235671997, 1.5472644567489624, 1.557578682899475, 1.576194167137146, 1.5765119791030884, 1.59770667552948, 1.6488651037216187, 1.6619739532470703, 1.678392767906189, 1.7503652572631836], "val_accuracy": [0.20781250298023224, 0.20781250298023224, 0.20878906548023224, 0.21865233778953552, 0.26249998807907104, 0.3291015625, 0.3587890565395355, 0.37451171875, 0.3856445252895355, 0.3910156190395355, 0.3902343809604645, 0.39482420682907104, 0.3978515565395355, 0.40283203125, 0.4043945372104645, 0.4078125059604645, 0.40449219942092896, 0.40449219942092896, 0.3983398377895355, 0.3965820372104645, 0.3921875059604645, 0.39326173067092896, 0.38349610567092896, 0.3887695372104645, 0.38544923067092896, 0.38310545682907104]}