{"loss": [9.19261646270752, 7.187324047088623, 5.671602249145508, 4.576993465423584, 3.766425848007202, 3.169797658920288, 2.730607032775879, 2.412670135498047, 2.180504083633423, 2.016390562057495, 1.8990930318832397, 1.8163137435913086, 1.7586710453033447, 1.7192192077636719, 1.690954327583313, 1.670630931854248, 1.6571781635284424, 1.647009015083313, 1.6390184164047241, 1.6318570375442505, 1.6268525123596191, 1.6236555576324463, 1.620050072669983, 1.6167118549346924, 1.6144521236419678, 1.6113786697387695, 1.607463002204895, 1.605085015296936, 1.6001322269439697, 1.595915675163269, 1.591895580291748, 1.5867923498153687, 1.5823695659637451, 1.5774376392364502, 1.5705643892288208, 1.5647484064102173], "accuracy": [0.19881871342658997, 0.23651637136936188, 0.2684723138809204, 0.2793204188346863, 0.28567394614219666, 0.2900978922843933, 0.2931099534034729, 0.2948042154312134, 0.2974397540092468, 0.29828688502311707, 0.3018401861190796, 0.30162838101387024, 0.3044051229953766, 0.3039344847202301, 0.3063347041606903, 0.30579349398612976, 0.3064759075641632, 0.3079583942890167, 0.309935063123703, 0.3097938597202301, 0.31259411573410034, 0.3132294714450836, 0.3130647540092468, 0.3169710040092468, 0.31650036573410034, 0.31633564829826355, 0.3183829188346863, 0.32054781913757324, 0.3245246708393097, 0.3262895345687866, 0.330078125, 0.33028990030288696, 0.3336549401283264, 0.3397025465965271, 0.34078502655029297, 0.3459855020046234], "val_loss": [8.102619171142578, 6.348443984985352, 5.071646690368652, 4.121928691864014, 3.423585891723633, 2.911377429962158, 2.5390865802764893, 2.270413637161255, 2.0780746936798096, 1.9410442113876343, 1.845273733139038, 1.7789329290390015, 1.7323776483535767, 1.7000420093536377, 1.6781288385391235, 1.6633799076080322, 1.6523106098175049, 1.6450115442276, 1.6400210857391357, 1.63663649559021, 1.6331230401992798, 1.631172776222229, 1.6305363178253174, 1.629368782043457, 1.6290210485458374, 1.6284688711166382, 1.6289514303207397, 1.630361795425415, 1.6328790187835693, 1.636395812034607, 1.6407581567764282, 1.640695571899414, 1.6400337219238281, 1.6442267894744873, 1.6512922048568726, 1.6597312688827515], "val_accuracy": [0.2177734375, 0.25390625, 0.28730469942092896, 0.29863280057907104, 0.30253905057907104, 0.3011718690395355, 0.3018554747104645, 0.30292969942092896, 0.3065429627895355, 0.30585938692092896, 0.30683594942092896, 0.30351561307907104, 0.30292969942092896, 0.30302733182907104, 0.30517578125, 0.3052734434604645, 0.3042968809604645, 0.30585938692092896, 0.3070312440395355, 0.30517578125, 0.30615234375, 0.3060546815395355, 0.30439454317092896, 0.3047851622104645, 0.30292969942092896, 0.3028320372104645, 0.3021484315395355, 0.30097657442092896, 0.30097657442092896, 0.29902344942092896, 0.2962890565395355, 0.3003906309604645, 0.29902344942092896, 0.29736328125, 0.2938476502895355, 0.2909179627895355]}