{"loss": [12.165557861328125, 6.589537620544434, 4.523248195648193, 3.55735182762146, 2.9795470237731934, 2.5891165733337402, 2.316269636154175, 2.1187057495117188, 1.9777781963348389, 1.8774343729019165, 1.8058502674102783, 1.7556809186935425, 1.7204166650772095, 1.6926460266113281, 1.6739983558654785, 1.6603953838348389, 1.6488271951675415, 1.6416845321655273, 1.6346770524978638, 1.631359577178955, 1.6269779205322266, 1.622613549232483, 1.619379997253418, 1.616552472114563, 1.615622878074646, 1.6117873191833496, 1.6121033430099487, 1.608585238456726, 1.6086541414260864, 1.602271556854248], "accuracy": [0.22256211936473846, 0.26974302530288696, 0.287109375, 0.2988045811653137, 0.30158132314682007, 0.3075583577156067, 0.31094691157341003, 0.31254705786705017, 0.3171592652797699, 0.31854763627052307, 0.3221244215965271, 0.3243599534034729, 0.32461878657341003, 0.3300545811653137, 0.3282426595687866, 0.33104291558265686, 0.33706700801849365, 0.3357962965965271, 0.3377494215965271, 0.3385965824127197, 0.3425498902797699, 0.34725621342658997, 0.3453972041606903, 0.34697383642196655, 0.3497740924358368, 0.35283321142196655, 0.3540803790092468, 0.3595162034034729, 0.36226940155029297, 0.3662933111190796], "val_loss": [8.420716285705566, 5.268244743347168, 3.9360127449035645, 3.213710069656372, 2.7437283992767334, 2.419560194015503, 2.1894431114196777, 2.0277841091156006, 1.9111840724945068, 1.8308932781219482, 1.7719606161117554, 1.7315915822982788, 1.7024023532867432, 1.682382583618164, 1.6687138080596924, 1.6581764221191406, 1.6510082483291626, 1.6484363079071045, 1.6437232494354248, 1.6403251886367798, 1.6403440237045288, 1.6404011249542236, 1.6421188116073608, 1.6435279846191406, 1.6455535888671875, 1.6483538150787354, 1.6507165431976318, 1.657118797302246, 1.660602331161499, 1.6716632843017578], "val_accuracy": [0.25458985567092896, 0.29443359375, 0.30781251192092896, 0.31279295682907104, 0.3153320252895355, 0.31669920682907104, 0.31953126192092896, 0.32304686307907104, 0.32392579317092896, 0.3223632872104645, 0.32402342557907104, 0.32451170682907104, 0.3250976502895355, 0.3267578184604645, 0.32490235567092896, 0.33085936307907104, 0.32929688692092896, 0.3287109434604645, 0.32685548067092896, 0.32988280057907104, 0.32958984375, 0.32890623807907104, 0.32841795682907104, 0.3306640684604645, 0.32861328125, 0.33085936307907104, 0.33125001192092896, 0.33232420682907104, 0.330078125, 0.32539063692092896]}