{"loss": [10.816671371459961, 5.437526702880859, 3.952507972717285, 3.197561502456665, 2.728684425354004, 2.4490931034088135, 2.2476236820220947, 2.109269857406616, 2.0120792388916016, 1.9403817653656006, 1.88456130027771, 1.8431200981140137, 1.809978723526001, 1.7856377363204956, 1.7705621719360352, 1.7531325817108154, 1.7418136596679688, 1.733120083808899, 1.7260477542877197, 1.721556544303894, 1.7176382541656494, 1.7152245044708252, 1.7128006219863892, 1.7110720872879028, 1.7098541259765625, 1.7092689275741577, 1.7084355354309082, 1.7079393863677979, 1.707777500152588, 1.70718514919281, 1.7071789503097534, 1.707150936126709, 1.7074906826019287, 1.7069791555404663, 1.706918716430664, 1.7071335315704346, 1.707146167755127, 1.706775188446045, 1.7069706916809082, 1.706612467765808, 1.7068941593170166, 1.7066864967346191, 1.7069334983825684, 1.7072259187698364], "accuracy": [0.2648111879825592, 0.274658203125, 0.2741156816482544, 0.2741020917892456, 0.2744818925857544, 0.2735053300857544, 0.2746853232383728, 0.2748345136642456, 0.2746988832950592, 0.2747395932674408, 0.2748209536075592, 0.2748209536075592, 0.2765570878982544, 0.2768690288066864, 0.2746853232383728, 0.2748209536075592, 0.2748209536075592, 0.2748209536075592, 0.2748209536075592, 0.2748209536075592, 0.2748209536075592, 0.2748209536075592, 0.2748209536075592, 0.2748209536075592, 0.2748209536075592, 0.2748209536075592, 0.2748209536075592, 0.2748209536075592, 0.2748209536075592, 0.2748209536075592, 0.2748209536075592, 0.2748209536075592, 0.2748209536075592, 0.2748209536075592, 0.2748209536075592, 0.2748209536075592, 0.2748209536075592, 0.2748209536075592, 0.2748209536075592, 0.2748209536075592, 0.2748209536075592, 0.2748209536075592, 0.2748209536075592, 0.2748209536075592], "val_loss": [6.738219261169434, 4.494992733001709, 3.501207113265991, 2.9170033931732178, 2.587843894958496, 2.361915111541748, 2.1686575412750244, 2.055975914001465, 1.9747395515441895, 1.9115556478500366, 1.864194631576538, 1.827974796295166, 1.8149700164794922, 1.785900592803955, 1.762734293937683, 1.7494102716445923, 1.7395071983337402, 1.7320047616958618, 1.7263222932815552, 1.7220138311386108, 1.718772530555725, 1.7163405418395996, 1.7145280838012695, 1.7131870985031128, 1.712195634841919, 1.7114583253860474, 1.7109225988388062, 1.710540533065796, 1.7102611064910889, 1.7100683450698853, 1.709918737411499, 1.7098146677017212, 1.709805965423584, 1.7096999883651733, 1.7096621990203857, 1.7096269130706787, 1.709610939025879, 1.7096046209335327, 1.709594964981079, 1.7095974683761597, 1.7095834016799927, 1.7095931768417358, 1.7137205600738525, 1.7096493244171143], "val_accuracy": [0.2746853232383728, 0.2746853232383728, 0.2746853232383728, 0.2746853232383728, 0.2746853232383728, 0.2746853232383728, 0.2746853232383728, 0.2746853232383728, 0.2746853232383728, 0.2746853232383728, 0.2746853232383728, 0.2746853232383728, 0.2746853232383728, 0.2746853232383728, 0.2746853232383728, 0.2746853232383728, 0.2746853232383728, 0.2746853232383728, 0.2746853232383728, 0.2746853232383728, 0.2746853232383728, 0.2746853232383728, 0.2746853232383728, 0.2746853232383728, 0.2746853232383728, 0.2746853232383728, 0.2746853232383728, 0.2746853232383728, 0.2746853232383728, 0.2746853232383728, 0.2746853232383728, 0.2746853232383728, 0.2746853232383728, 0.2746853232383728, 0.2746853232383728, 0.2746853232383728, 0.2746853232383728, 0.2746853232383728, 0.2746853232383728, 0.2746853232383728, 0.2746853232383728, 0.2746853232383728, 0.2747395932674408, 0.2746853232383728]}