{"loss": [9.212727546691895, 7.193352222442627, 5.6816301345825195, 4.583812713623047, 3.774045944213867, 3.172029733657837, 2.7326903343200684, 2.4116251468658447, 2.181128978729248, 2.016439199447632, 1.8981068134307861, 1.816166877746582, 1.7590924501419067, 1.7199804782867432, 1.6903142929077148, 1.6705363988876343, 1.6566886901855469, 1.6456671953201294, 1.6373752355575562, 1.6320862770080566, 1.626280426979065, 1.6213966608047485, 1.6190460920333862, 1.6154042482376099, 1.6111385822296143, 1.607491374015808, 1.602835774421692, 1.5986320972442627, 1.5943267345428467, 1.5893830060958862, 1.5844234228134155, 1.5792086124420166, 1.5738683938980103, 1.5671228170394897], "accuracy": [0.2008894979953766, 0.23717527091503143, 0.2707313597202301, 0.27981457114219666, 0.2851797938346863, 0.29021555185317993, 0.29440417885780334, 0.29649850726127625, 0.29922816157341003, 0.29998117685317993, 0.3004753291606903, 0.30254611372947693, 0.3040521442890167, 0.30355799198150635, 0.3071112632751465, 0.30536991357803345, 0.30744069814682007, 0.3093232214450836, 0.31000563502311707, 0.31226468086242676, 0.31092336773872375, 0.31285297870635986, 0.31379422545433044, 0.31344127655029297, 0.31784167885780334, 0.31977126002311707, 0.3207831382751465, 0.32337161898612976, 0.325560063123703, 0.3293251097202301, 0.3307840824127197, 0.3354668617248535, 0.3392554521560669, 0.34273815155029297], "val_loss": [8.117622375488281, 6.360989093780518, 5.078884601593018, 4.126835823059082, 3.4278464317321777, 2.913254976272583, 2.539821147918701, 2.270134210586548, 2.0777697563171387, 1.9409818649291992, 1.8444335460662842, 1.7785577774047852, 1.7321157455444336, 1.7000755071640015, 1.6779422760009766, 1.6629669666290283, 1.651999831199646, 1.645654320716858, 1.6400127410888672, 1.6360641717910767, 1.6338045597076416, 1.6320171356201172, 1.631150484085083, 1.6302518844604492, 1.6300874948501587, 1.6320345401763916, 1.6337919235229492, 1.6356322765350342, 1.6384929418563843, 1.6404447555541992, 1.639735460281372, 1.6432960033416748, 1.6485230922698975, 1.6556552648544312], "val_accuracy": [0.21767577528953552, 0.265625, 0.28632813692092896, 0.29716795682907104, 0.3028320372104645, 0.3036132752895355, 0.3021484315395355, 0.3046875, 0.3056640625, 0.3052734434604645, 0.3072265684604645, 0.3077148497104645, 0.3089843690395355, 0.3109374940395355, 0.31035155057907104, 0.3106445372104645, 0.3109374940395355, 0.31074219942092896, 0.30927735567092896, 0.30986326932907104, 0.310546875, 0.30839842557907104, 0.3080078065395355, 0.3099609315395355, 0.30683594942092896, 0.302734375, 0.2999023497104645, 0.3003906309604645, 0.29707032442092896, 0.2974609434604645, 0.30253905057907104, 0.3021484315395355, 0.29755860567092896, 0.29658204317092896]}