{"loss": [12.301892280578613, 6.724213600158691, 4.607515811920166, 3.6010963916778564, 3.0071728229522705, 2.607374668121338, 2.3257057666778564, 2.1266281604766846, 1.9832420349121094, 1.88197660446167, 1.8076355457305908, 1.7560583353042603, 1.7179876565933228, 1.6920210123062134, 1.6717485189437866, 1.656981348991394, 1.647788405418396, 1.6395199298858643, 1.6310231685638428, 1.6260257959365845, 1.6201684474945068, 1.6176276206970215, 1.6156340837478638, 1.612634301185608, 1.6081504821777344, 1.6071929931640625, 1.6061756610870361, 1.6035577058792114, 1.6005750894546509, 1.5985528230667114, 1.5973303318023682], "accuracy": [0.22256211936473846, 0.27816736698150635, 0.29261577129364014, 0.30160486698150635, 0.30849963426589966, 0.31080570816993713, 0.3175828456878662, 0.3173004388809204, 0.32311275601387024, 0.3258659541606903, 0.32384225726127625, 0.3253012001514435, 0.3293251097202301, 0.3313017785549164, 0.33318430185317993, 0.3349021077156067, 0.33603161573410034, 0.3379141688346863, 0.3401496708393097, 0.34294992685317993, 0.3460325598716736, 0.3477974534034729, 0.3473268151283264, 0.35271555185317993, 0.3533509075641632, 0.35511577129364014, 0.3604103922843933, 0.36137518286705017, 0.36488139629364014, 0.3653755784034729, 0.370481938123703], "val_loss": [8.591207504272461, 5.38726806640625, 4.0132598876953125, 3.2549805641174316, 2.7690491676330566, 2.4393317699432373, 2.202376127243042, 2.0362939834594727, 1.9185960292816162, 1.8379433155059814, 1.777759313583374, 1.7392146587371826, 1.7061105966567993, 1.6849286556243896, 1.6713699102401733, 1.6589006185531616, 1.6524111032485962, 1.648864984512329, 1.644559621810913, 1.641556739807129, 1.6366316080093384, 1.638413667678833, 1.6380853652954102, 1.6393346786499023, 1.6432145833969116, 1.6454250812530518, 1.6484718322753906, 1.649557113647461, 1.650909185409546, 1.6583282947540283, 1.661543607711792], "val_accuracy": [0.2583984434604645, 0.2930664122104645, 0.3062500059604645, 0.3130859434604645, 0.31718748807907104, 0.31962889432907104, 0.3223632872104645, 0.32548826932907104, 0.32343751192092896, 0.32304686307907104, 0.32402342557907104, 0.3216796815395355, 0.32343751192092896, 0.32568359375, 0.3243164122104645, 0.3241210877895355, 0.3248046934604645, 0.32490235567092896, 0.3277343809604645, 0.32695311307907104, 0.3309570252895355, 0.3310546875, 0.3319335877895355, 0.3321289122104645, 0.3310546875, 0.3333984315395355, 0.3304687440395355, 0.3316406309604645, 0.33427733182907104, 0.33281248807907104, 0.33642578125]}