{"loss": [40.94841766357422, 18.92736053466797, 11.636648178100586, 8.268613815307617, 6.171149730682373, 4.718099117279053, 3.6980340480804443, 2.9861598014831543, 2.496281862258911, 2.1621503829956055, 1.9326696395874023, 1.7682405710220337, 1.6482456922531128, 1.5786470174789429, 1.5305259227752686, 1.4987229108810425, 1.4765771627426147, 1.4609172344207764, 1.4493776559829712, 1.438600778579712, 1.430418610572815, 1.4251638650894165, 1.4190531969070435, 1.4111307859420776, 1.408282995223999, 1.4025806188583374, 1.3987809419631958, 1.3961057662963867, 1.3896609544754028, 1.387921929359436, 1.3816399574279785, 1.3808478116989136, 1.3744819164276123, 1.3729058504104614, 1.3664997816085815, 1.3640211820602417, 1.3613734245300293, 1.355602502822876, 1.3525792360305786, 1.3483399152755737, 1.3462677001953125, 1.3396387100219727], "accuracy": [0.242629274725914, 0.2779947817325592, 0.3478190004825592, 0.3713495135307312, 0.3770228922367096, 0.3835565447807312, 0.386137455701828, 0.390811026096344, 0.3925548791885376, 0.3946940004825592, 0.3994605541229248, 0.4121326208114624, 0.4312221109867096, 0.4368954598903656, 0.4456380307674408, 0.4511253833770752, 0.4553106427192688, 0.4577288031578064, 0.4634486734867096, 0.4661923348903656, 0.4708658754825592, 0.4702846109867096, 0.4734933078289032, 0.4788411557674408, 0.4795154333114624, 0.480375736951828, 0.4826543927192688, 0.4865373969078064, 0.4886997640132904, 0.4884905219078064, 0.4910016655921936, 0.4923967719078064, 0.494326651096344, 0.49853515625, 0.500372052192688, 0.5011858344078064, 0.5057896375656128, 0.5072544813156128, 0.5086960792541504, 0.5134393572807312, 0.5172293782234192, 0.5200892686843872], "val_loss": [25.611328125, 14.177154541015625, 9.706626892089844, 7.151554107666016, 5.407036304473877, 4.171175479888916, 3.305976390838623, 2.711073875427246, 2.3050215244293213, 2.0274105072021484, 1.8392125368118286, 1.694401741027832, 1.60369873046875, 1.5487334728240967, 1.5177143812179565, 1.490813970565796, 1.4763506650924683, 1.4640545845031738, 1.4473994970321655, 1.44265878200531, 1.436046838760376, 1.4316309690475464, 1.4320087432861328, 1.4254882335662842, 1.4213221073150635, 1.4243978261947632, 1.4214189052581787, 1.421142816543579, 1.4216371774673462, 1.4169012308120728, 1.4141385555267334, 1.4126452207565308, 1.4152710437774658, 1.4180972576141357, 1.418996810913086, 1.4235109090805054, 1.4164685010910034, 1.420325517654419, 1.4139728546142578, 1.4208812713623047, 1.4204967021942139, 1.4274072647094727], "val_accuracy": [0.269717276096344, 0.2922247052192688, 0.3450520932674408, 0.357328861951828, 0.3727678656578064, 0.3794642984867096, 0.3873697817325592, 0.3898809552192688, 0.3903459906578064, 0.394438236951828, 0.4020647406578064, 0.421875, 0.435453861951828, 0.4411272406578064, 0.4445684552192688, 0.4476376473903656, 0.4521949291229248, 0.4555431604385376, 0.4622395932674408, 0.4622395932674408, 0.4644717276096344, 0.4638206958770752, 0.4652157723903656, 0.468936026096344, 0.4730282723903656, 0.46875, 0.4741443395614624, 0.4718191921710968, 0.4735863208770752, 0.4743303656578064, 0.4759114682674408, 0.4752604067325592, 0.4759114682674408, 0.474702388048172, 0.4720982015132904, 0.4734002947807312, 0.4743303656578064, 0.470610111951828, 0.4796316921710968, 0.4734933078289032, 0.474702388048172, 0.4740513265132904]}