{"loss": [40.93510437011719, 18.975460052490234, 11.742042541503906, 8.3041410446167, 6.168985366821289, 4.711961269378662, 3.6891701221466064, 2.97890043258667, 2.489206075668335, 2.1586406230926514, 1.9338798522949219, 1.7863489389419556, 1.6886869668960571, 1.625491738319397, 1.5818370580673218, 1.5548588037490845, 1.537227988243103, 1.5195595026016235, 1.510545253753662, 1.4928007125854492, 1.4578211307525635, 1.43561589717865, 1.4266659021377563, 1.4187521934509277, 1.412588357925415, 1.409057378768921, 1.40084969997406, 1.3944504261016846, 1.3937782049179077, 1.3869237899780273, 1.3810954093933105, 1.3748691082000732, 1.375751256942749, 1.3678981065750122, 1.365304946899414, 1.3607327938079834, 1.3581302165985107, 1.3511465787887573, 1.3471537828445435, 1.345334768295288, 1.3380517959594727, 1.3341506719589233, 1.331212043762207, 1.3242517709732056, 1.3220566511154175, 1.3177258968353271, 1.3074973821640015, 1.3038440942764282], "accuracy": [0.236421138048172, 0.269228994846344, 0.2878069281578064, 0.352725088596344, 0.374418705701828, 0.3830450177192688, 0.391787588596344, 0.3941824734210968, 0.3955078125, 0.3987165093421936, 0.3999488353729248, 0.402646005153656, 0.4034365713596344, 0.4043433666229248, 0.407040536403656, 0.4059942364692688, 0.4077846109867096, 0.4119931161403656, 0.414853036403656, 0.4247349202632904, 0.4480794370174408, 0.4620768129825592, 0.46875, 0.4720052182674408, 0.4726794958114624, 0.4773065447807312, 0.4786551296710968, 0.48486328125, 0.4859793484210968, 0.4870721697807312, 0.4909784197807312, 0.4968377947807312, 0.4926060140132904, 0.4980701208114624, 0.5005115270614624, 0.5010230541229248, 0.501953125, 0.507207989692688, 0.5103236436843872, 0.5129278302192688, 0.515252947807312, 0.5161830186843872, 0.5221121907234192, 0.5234375, 0.525762677192688, 0.5287621021270752, 0.533877432346344, 0.5367606282234192], "val_loss": [25.638721466064453, 14.210038185119629, 9.74217700958252, 7.131336688995361, 5.381192684173584, 4.158331871032715, 3.294694185256958, 2.705258369445801, 2.3067939281463623, 2.037975788116455, 1.8582243919372559, 1.7319200038909912, 1.6566003561019897, 1.6063828468322754, 1.5740259885787964, 1.5532385110855103, 1.536902666091919, 1.5260645151138306, 1.5237334966659546, 1.4658353328704834, 1.4504212141036987, 1.4311720132827759, 1.4261996746063232, 1.4201719760894775, 1.4207593202590942, 1.411298155784607, 1.4056602716445923, 1.4066716432571411, 1.4043548107147217, 1.4006071090698242, 1.400651216506958, 1.3990370035171509, 1.3954676389694214, 1.392497181892395, 1.3929648399353027, 1.3947012424468994, 1.3946893215179443, 1.3922960758209229, 1.3956013917922974, 1.3924592733383179, 1.3979922533035278, 1.3959523439407349, 1.3996598720550537, 1.4078998565673828, 1.4080851078033447, 1.4109835624694824, 1.425429105758667, 1.4337334632873535], "val_accuracy": [0.2687872052192688, 0.2763206958770752, 0.2800409197807312, 0.3507254421710968, 0.3697916567325592, 0.3775111734867096, 0.3870907723903656, 0.3922061026096344, 0.3900669515132904, 0.392392098903656, 0.3950892984867096, 0.3987165093421936, 0.4000186026096344, 0.4029017984867096, 0.400576651096344, 0.404110848903656, 0.4072730541229248, 0.4087611734867096, 0.4094122052192688, 0.439639151096344, 0.4562872052192688, 0.462704598903656, 0.4664248526096344, 0.468656986951828, 0.4702380895614624, 0.4723772406578064, 0.4750744104385376, 0.474516361951828, 0.4773995578289032, 0.4807477593421936, 0.4777715802192688, 0.4810267984867096, 0.4827938973903656, 0.4827008843421936, 0.4869791567325592, 0.4849330484867096, 0.486328125, 0.4867931604385376, 0.4816778302192688, 0.4868861734867096, 0.4868861734867096, 0.4878162145614624, 0.48828125, 0.4836309552192688, 0.4836309552192688, 0.4832589328289032, 0.4800967276096344, 0.4821428656578064]}