{"loss": [12.366347312927246, 6.677312850952148, 4.521667957305908, 3.532794713973999, 2.9518351554870605, 2.5586955547332764, 2.2853944301605225, 2.091395616531372, 1.9523694515228271, 1.8541021347045898, 1.782427191734314, 1.7327332496643066, 1.694847583770752, 1.6677401065826416, 1.648497462272644, 1.6334588527679443, 1.6234012842178345, 1.6121195554733276, 1.603577733039856, 1.5997647047042847, 1.594214916229248, 1.589504599571228, 1.584702491760254, 1.5804224014282227, 1.5781525373458862, 1.5723907947540283, 1.567191481590271, 1.565820574760437, 1.5602527856826782], "accuracy": [0.2002541422843933, 0.25456514954566956, 0.28746235370635986, 0.3010636270046234, 0.3060523271560669, 0.31464138627052307, 0.31826525926589966, 0.3218420445919037, 0.3285720944404602, 0.3315841555595398, 0.33631399273872375, 0.34142038226127625, 0.34309110045433044, 0.34970349073410034, 0.3521272540092468, 0.35662180185317993, 0.35657474398612976, 0.36172816157341003, 0.3670698404312134, 0.37043485045433044, 0.3726232945919037, 0.37372928857803345, 0.3763883709907532, 0.3796357214450836, 0.3829301595687866, 0.3894484043121338, 0.39413121342658997, 0.39554309844970703, 0.4036615192890167], "val_loss": [8.6351318359375, 5.3499755859375, 3.956794023513794, 3.2083091735839844, 2.727193593978882, 2.3985161781311035, 2.16819429397583, 2.002790689468384, 1.8921403884887695, 1.8103269338607788, 1.749764084815979, 1.7107994556427002, 1.6861836910247803, 1.6668455600738525, 1.6576334238052368, 1.6446788311004639, 1.6399505138397217, 1.6279131174087524, 1.6237142086029053, 1.6256811618804932, 1.625745415687561, 1.624353051185608, 1.6264461278915405, 1.6310794353485107, 1.633012056350708, 1.6339191198349, 1.6385133266448975, 1.6447588205337524, 1.6507165431976318], "val_accuracy": [0.19912108778953552, 0.23457030951976776, 0.2945312559604645, 0.31464844942092896, 0.3216796815395355, 0.32685548067092896, 0.3294921815395355, 0.3375000059604645, 0.33818358182907104, 0.3426757752895355, 0.3482421934604645, 0.3462890684604645, 0.3436523377895355, 0.34375, 0.34160155057907104, 0.3428710997104645, 0.3485351502895355, 0.35185545682907104, 0.35468751192092896, 0.3482421934604645, 0.35126954317092896, 0.35419923067092896, 0.35302734375, 0.35039061307907104, 0.34814453125, 0.35224610567092896, 0.35429686307907104, 0.3548828065395355, 0.35322266817092896]}