{"loss": [3.039203405380249, 0.8926266431808472, 0.8459282517433167, 0.8336896896362305, 0.8253913521766663, 0.8180267214775085, 0.8116188645362854, 0.8059713244438171, 0.8026244640350342, 0.7992154955863953, 0.7961804270744324, 0.7940446138381958, 0.7923483848571777, 0.7902148365974426, 0.7886908054351807, 0.7871456742286682, 0.785408616065979, 0.784725546836853, 0.7824656963348389, 0.7810655832290649, 0.7798941135406494, 0.7790940403938293, 0.7778516411781311, 0.7769511938095093, 0.7755345106124878, 0.7739599943161011, 0.7729012966156006, 0.7714713215827942, 0.7704187631607056, 0.7694438099861145, 0.7679329514503479, 0.7665441036224365, 0.7652322053909302, 0.7642508149147034, 0.7627792954444885, 0.7608186602592468, 0.7596964240074158, 0.758508563041687, 0.7571845650672913, 0.7550503015518188, 0.7536983489990234, 0.7512823343276978], "accuracy": [0.5897687077522278, 0.6446479558944702, 0.6501196622848511, 0.6542906165122986, 0.6580134630203247, 0.6621281504631042, 0.6655028462409973, 0.6683210134506226, 0.6703658699989319, 0.6722730994224548, 0.6735342144966125, 0.6743388175964355, 0.6759834289550781, 0.676298201084137, 0.6768214106559753, 0.678036630153656, 0.6786244511604309, 0.6795082092285156, 0.6807672381401062, 0.6810444593429565, 0.6819303631782532, 0.6827766299247742, 0.6831434965133667, 0.6836833953857422, 0.6845651268959045, 0.6858658194541931, 0.6860033869743347, 0.6872894763946533, 0.6879544258117676, 0.6887965202331543, 0.6897845268249512, 0.691103994846344, 0.6919815540313721, 0.6924734711647034, 0.6931363344192505, 0.694795548915863, 0.6958336234092712, 0.6965402364730835, 0.6976533532142639, 0.6994563937187195, 0.7006632685661316, 0.701674222946167], "val_loss": [0.9746628999710083, 0.8457660675048828, 0.8265084624290466, 0.8238929510116577, 0.8263496160507202, 0.8158670663833618, 0.8163236975669861, 0.8152667880058289, 0.817868709564209, 0.8123829364776611, 0.811145544052124, 0.8050578236579895, 0.8107544183731079, 0.8089874982833862, 0.8048498034477234, 0.7969806790351868, 0.8027247786521912, 0.7998652458190918, 0.7957567572593689, 0.7908290028572083, 0.7949476838111877, 0.7987621426582336, 0.7928760051727295, 0.7949821352958679, 0.7892659306526184, 0.7933179140090942, 0.7914542555809021, 0.7959070205688477, 0.7927525639533997, 0.7918739914894104, 0.7883016467094421, 0.7877473831176758, 0.788605272769928, 0.7884374260902405, 0.791205108165741, 0.7906262874603271, 0.7889195680618286, 0.7927240133285522, 0.7927182912826538, 0.7947165369987488, 0.7902838587760925, 0.7960336804389954], "val_accuracy": [0.6479283571243286, 0.651183545589447, 0.6572349071502686, 0.6567758321762085, 0.6542634963989258, 0.6603816151618958, 0.6609575152397156, 0.6599308848381042, 0.6581113338470459, 0.66087406873703, 0.6616085767745972, 0.6657318472862244, 0.6607571840286255, 0.662443220615387, 0.6650557518005371, 0.6708650588989258, 0.6666165590286255, 0.6684361696243286, 0.6705812811851501, 0.6729934811592102, 0.6709568500518799, 0.6682608723640442, 0.6720753312110901, 0.6704226732254028, 0.6739783883094788, 0.6713658571243286, 0.672208845615387, 0.671432614326477, 0.6710487008094788, 0.6721087098121643, 0.6742454767227173, 0.6755558848381042, 0.6753305196762085, 0.6747963428497314, 0.6738781929016113, 0.6747713088989258, 0.6756811141967773, 0.6737947463989258, 0.6738615036010742, 0.6734358072280884, 0.67552250623703, 0.673185408115387]}