{"loss": [12.41249942779541, 6.768533229827881, 4.574748992919922, 3.4951720237731934, 2.88273024559021, 2.4979379177093506, 2.2328286170959473, 2.0451905727386475, 1.9152448177337646, 1.8192921876907349, 1.7544515132904053, 1.7050262689590454, 1.6703901290893555, 1.6421908140182495, 1.6192976236343384, 1.5983655452728271, 1.583441138267517, 1.5730170011520386, 1.5578793287277222, 1.550484538078308, 1.5388681888580322, 1.529774785041809, 1.5251091718673706, 1.5164376497268677, 1.5062150955200195, 1.4988802671432495, 1.4935741424560547, 1.4837439060211182, 1.4798240661621094, 1.4702199697494507, 1.4622125625610352, 1.4505698680877686, 1.441450595855713], "accuracy": [0.20004235208034515, 0.20893731713294983, 0.21326713263988495, 0.26600149273872375, 0.29696911573410034, 0.3042404055595398, 0.31148815155029297, 0.31995952129364014, 0.3254424035549164, 0.33709055185317993, 0.34186747670173645, 0.35062122344970703, 0.35285672545433044, 0.36309298872947693, 0.36923474073410034, 0.37942394614219666, 0.3842008709907532, 0.3899190425872803, 0.39923757314682007, 0.4035674035549164, 0.4104856848716736, 0.4164627194404602, 0.4218514561653137, 0.42479291558265686, 0.4319465458393097, 0.4401590824127197, 0.4445594847202301, 0.44627729058265686, 0.4499247074127197, 0.45907849073410034, 0.46444371342658997, 0.47091490030288696, 0.4779273271560669], "val_loss": [8.684324264526367, 5.345268726348877, 3.962994337081909, 3.177187919616699, 2.6980373859405518, 2.364544153213501, 2.127930164337158, 1.9662063121795654, 1.8535385131835938, 1.7774410247802734, 1.723950743675232, 1.692159652709961, 1.6617342233657837, 1.6428673267364502, 1.6152623891830444, 1.6052436828613281, 1.5892322063446045, 1.586021065711975, 1.578786849975586, 1.5741599798202515, 1.5724375247955322, 1.5718028545379639, 1.570497751235962, 1.5705450773239136, 1.5724897384643555, 1.578986406326294, 1.5814114809036255, 1.5869815349578857, 1.5888404846191406, 1.5960861444473267, 1.6075588464736938, 1.6130256652832031, 1.636742353439331], "val_accuracy": [0.20732422173023224, 0.20957031846046448, 0.21826171875, 0.2724609375, 0.2933593690395355, 0.31425780057907104, 0.31982421875, 0.3287109434604645, 0.33662110567092896, 0.3397460877895355, 0.3418945372104645, 0.34492188692092896, 0.3458007872104645, 0.3550781309604645, 0.3675781190395355, 0.3672851622104645, 0.3814453184604645, 0.3794921934604645, 0.3853515684604645, 0.38994139432907104, 0.3905273377895355, 0.38837891817092896, 0.3890624940395355, 0.39306640625, 0.3924804627895355, 0.3897460997104645, 0.3946289122104645, 0.39482420682907104, 0.3955078125, 0.39501953125, 0.3955078125, 0.39179688692092896, 0.3941406309604645]}