{"loss": [11.80130672454834, 6.388574600219727, 4.448197841644287, 3.536759376525879, 2.977217674255371, 2.5947067737579346, 2.321608304977417, 2.128695487976074, 1.9894362688064575, 1.8918209075927734, 1.8233423233032227, 1.774306297302246, 1.7410027980804443, 1.716408610343933, 1.6985385417938232, 1.6857126951217651, 1.676874041557312, 1.67186439037323, 1.6664472818374634, 1.663116455078125, 1.6583904027938843, 1.6564738750457764, 1.6548641920089722, 1.6532820463180542, 1.6530401706695557, 1.6492353677749634, 1.6494852304458618, 1.6486575603485107, 1.6467485427856445, 1.6455729007720947, 1.6451317071914673, 1.645987629890442, 1.6447081565856934, 1.6427981853485107, 1.6426970958709717, 1.6416083574295044, 1.6421163082122803, 1.6409294605255127, 1.6400518417358398, 1.6400223970413208, 1.6393463611602783, 1.6395313739776611, 1.6378576755523682, 1.6383084058761597, 1.6382629871368408, 1.6376501321792603, 1.636602759361267], "accuracy": [0.24903520941734314, 0.27019014954566956, 0.2780967652797699, 0.2807558476924896, 0.28583866357803345, 0.28736820816993713, 0.2913215458393097, 0.2912980020046234, 0.2936747074127197, 0.29409825801849365, 0.29270991683006287, 0.29546311497688293, 0.29831042885780334, 0.2968514561653137, 0.2991340458393097, 0.3004753291606903, 0.298828125, 0.2991105020046234, 0.30233433842658997, 0.29842808842658997, 0.3016754388809204, 0.3018401861190796, 0.30054593086242676, 0.3018637001514435, 0.2992987632751465, 0.3034638464450836, 0.3039344847202301, 0.30268731713294983, 0.3027108311653137, 0.30299320816993713, 0.3045227825641632, 0.30640530586242676, 0.30445218086242676, 0.3040992021560669, 0.30687594413757324, 0.3061699867248535, 0.30671122670173645, 0.3087349534034729, 0.3072289228439331, 0.30732303857803345, 0.3087114095687866, 0.30911144614219666, 0.30824077129364014, 0.3102644979953766, 0.3089231848716736, 0.3109704554080963, 0.3109939694404602], "val_loss": [8.097139358520508, 5.108466625213623, 3.8825526237487793, 3.201368808746338, 2.743527889251709, 2.4243969917297363, 2.1969122886657715, 2.033658981323242, 1.9194612503051758, 1.838397741317749, 1.7830740213394165, 1.7421319484710693, 1.7139095067977905, 1.6944156885147095, 1.6810071468353271, 1.6702550649642944, 1.6639716625213623, 1.6580610275268555, 1.6546318531036377, 1.6507561206817627, 1.650120496749878, 1.6473076343536377, 1.646113395690918, 1.6450086832046509, 1.643042802810669, 1.6422359943389893, 1.6419658660888672, 1.6414657831192017, 1.6401447057724, 1.640244722366333, 1.6400415897369385, 1.640117883682251, 1.640899658203125, 1.6394712924957275, 1.6401803493499756, 1.6391061544418335, 1.638898491859436, 1.638930320739746, 1.6399046182632446, 1.640127420425415, 1.6396989822387695, 1.6413263082504272, 1.6411844491958618, 1.6416412591934204, 1.6422942876815796, 1.6437257528305054, 1.6441230773925781], "val_accuracy": [0.2811523377895355, 0.2876953184604645, 0.29228514432907104, 0.296875, 0.30156248807907104, 0.3055664002895355, 0.3046875, 0.30244141817092896, 0.30449217557907104, 0.30224609375, 0.3021484315395355, 0.3050781190395355, 0.3046875, 0.3067382872104645, 0.3046875, 0.3052734434604645, 0.3050781190395355, 0.30585938692092896, 0.30693358182907104, 0.3075195252895355, 0.3047851622104645, 0.30839842557907104, 0.30830079317092896, 0.3080078065395355, 0.3094726502895355, 0.30859375, 0.3121093809604645, 0.31035155057907104, 0.3115234375, 0.3109374940395355, 0.3094726502895355, 0.30888670682907104, 0.3096679747104645, 0.30937498807907104, 0.30937498807907104, 0.31083983182907104, 0.3089843690395355, 0.30986326932907104, 0.3095703125, 0.3099609315395355, 0.31035155057907104, 0.3111328184604645, 0.3101562559604645, 0.30839842557907104, 0.3076171875, 0.30742186307907104, 0.3099609315395355]}