{"loss": [12.722501754760742, 8.822521209716797, 6.2495198249816895, 4.55472993850708, 3.4202635288238525, 2.741488456726074, 2.3139522075653076, 2.029653787612915, 1.8382781744003296, 1.6995373964309692, 1.6043426990509033, 1.5326087474822998, 1.475942611694336, 1.4220064878463745, 1.3630919456481934, 1.2948201894760132, 1.2159076929092407, 1.1556034088134766, 1.171700119972229, 1.1138172149658203, 0.9422146677970886, 0.9540330171585083, 0.9789954423904419, 0.904052734375], "accuracy": [0.20244258642196655, 0.20757247507572174, 0.20945501327514648, 0.22816264629364014, 0.28943899273872375, 0.3207360804080963, 0.3393495976924896, 0.36379894614219666, 0.38530686497688293, 0.4060852825641632, 0.4225809574127197, 0.4388883709907532, 0.4555252194404602, 0.4728209674358368, 0.4980233311653137, 0.5275084972381592, 0.568359375, 0.5959855318069458, 0.582243025302887, 0.6046686768531799, 0.6948654055595398, 0.6836643218994141, 0.665803849697113, 0.6927240490913391], "val_loss": [10.489118576049805, 7.336834907531738, 5.285831451416016, 3.9431872367858887, 3.066046714782715, 2.5088400840759277, 2.154904842376709, 1.9205745458602905, 1.7810977697372437, 1.699639081954956, 1.6290756464004517, 1.59395432472229, 1.5881969928741455, 1.5777767896652222, 1.6109939813613892, 1.6800521612167358, 1.7474195957183838, 1.8556991815567017, 1.77371084690094, 1.7766878604888916, 1.9540716409683228, 1.8230453729629517, 2.1246819496154785, 2.2905209064483643], "val_accuracy": [0.20781250298023224, 0.20781250298023224, 0.20791015028953552, 0.23808594048023224, 0.30156248807907104, 0.3275390565395355, 0.34716796875, 0.3785156309604645, 0.3858398497104645, 0.38603514432907104, 0.3956054747104645, 0.39892578125, 0.3958984315395355, 0.3995117247104645, 0.39580076932907104, 0.38818359375, 0.3832031190395355, 0.37236326932907104, 0.37519532442092896, 0.36542969942092896, 0.3604492247104645, 0.3592773377895355, 0.3409179747104645, 0.33349609375]}