{"loss": [21.02092170715332, 9.99616813659668, 6.413329601287842, 4.691286563873291, 3.6378211975097656, 2.9347400665283203, 2.4611518383026123, 2.142857313156128, 1.9284061193466187, 1.786502718925476, 1.6943315267562866, 1.6310783624649048, 1.5891592502593994, 1.5614593029022217, 1.5405088663101196, 1.5230169296264648, 1.5102970600128174, 1.500600814819336, 1.4909920692443848, 1.4849542379379272, 1.47909677028656, 1.472917914390564, 1.467474102973938, 1.4634982347488403, 1.4590719938278198, 1.4541232585906982, 1.4474730491638184, 1.445144772529602, 1.4427947998046875, 1.4370718002319336, 1.4312560558319092, 1.4210094213485718, 1.4194824695587158, 1.4157222509384155, 1.407523274421692, 1.397537350654602], "accuracy": [0.2403382658958435, 0.281665563583374, 0.33851397037506104, 0.37065741419792175, 0.381628155708313, 0.3861369788646698, 0.3898354470729828, 0.3935754597187042, 0.39534157514572144, 0.39662981033325195, 0.40209442377090454, 0.4041098654270172, 0.4051903188228607, 0.4088887870311737, 0.41302359104156494, 0.419153094291687, 0.4210854470729828, 0.4247215688228607, 0.4281083643436432, 0.43110039830207825, 0.43257564306259155, 0.4357338845729828, 0.438268780708313, 0.44094914197921753, 0.4419880211353302, 0.44506317377090454, 0.44946807622909546, 0.44928109645843506, 0.45202377438545227, 0.456262469291687, 0.45894283056259155, 0.4637632966041565, 0.467212438583374, 0.47184592485427856, 0.4762508273124695, 0.48167386651039124], "val_loss": [13.245412826538086, 7.696496486663818, 5.465563774108887, 4.135921478271484, 3.261106014251709, 2.6716625690460205, 2.2828972339630127, 2.0128977298736572, 1.8487358093261719, 1.7333065271377563, 1.6576448678970337, 1.6110246181488037, 1.5785365104675293, 1.5571504831314087, 1.540290117263794, 1.525830626487732, 1.5150940418243408, 1.5103591680526733, 1.5010231733322144, 1.4979840517044067, 1.4935952425003052, 1.4985568523406982, 1.49807870388031, 1.492607831954956, 1.4961267709732056, 1.4899121522903442, 1.4946938753128052, 1.492228627204895, 1.5017069578170776, 1.492175579071045, 1.4964181184768677, 1.4964045286178589, 1.4937554597854614, 1.5038833618164062, 1.504173755645752, 1.5114316940307617], "val_accuracy": [0.27055028080940247, 0.278192937374115, 0.325322687625885, 0.3693104684352875, 0.38773778080940247, 0.39291781187057495, 0.39427649974823, 0.39877718687057495, 0.396484375, 0.4002207815647125, 0.40259850025177, 0.40293818712234497, 0.4055706560611725, 0.407353937625885, 0.40981656312942505, 0.41329821944236755, 0.41966712474823, 0.4197520315647125, 0.42433762550354004, 0.42348843812942505, 0.42459240555763245, 0.42162024974823, 0.42331862449645996, 0.4251019060611725, 0.42289403080940247, 0.4275645315647125, 0.42246943712234497, 0.42476221919059753, 0.42085596919059753, 0.4256114065647125, 0.424932062625885, 0.4270550310611725, 0.42798912525177, 0.42323368787765503, 0.42637568712234497, 0.42569634318351746]}