{"loss": [17.273544311523438, 10.812417030334473, 7.295871257781982, 5.319836616516113, 4.126215934753418, 3.3505470752716064, 2.825868606567383, 2.465463161468506, 2.214317560195923, 2.032864809036255, 1.9030548334121704, 1.817874789237976, 1.7627143859863281, 1.7271614074707031, 1.6999232769012451, 1.6864911317825317, 1.6718915700912476, 1.657848834991455, 1.6493144035339355, 1.6414471864700317, 1.6323988437652588, 1.6252214908599854, 1.6139379739761353, 1.6068875789642334, 1.6216247081756592, 1.5961060523986816, 1.5869712829589844, 1.5875403881072998, 1.5674221515655518, 1.5671006441116333], "accuracy": [0.19655968248844147, 0.20634883642196655, 0.20670180022716522, 0.21011389791965485, 0.21067865192890167, 0.2102080136537552, 0.21041980385780334, 0.21039627492427826, 0.21700866520404816, 0.24272872507572174, 0.25847139954566956, 0.26753106713294983, 0.27503764629364014, 0.28103822469711304, 0.2890389561653137, 0.2911803424358368, 0.2932981848716736, 0.29706326127052307, 0.30355799198150635, 0.30774661898612976, 0.31035861372947693, 0.3164297938346863, 0.3234892785549164, 0.32638365030288696, 0.3188300132751465, 0.33330196142196655, 0.3344314694404602, 0.3327842652797699, 0.3449736535549164, 0.34203219413757324], "val_loss": [13.36510944366455, 8.683438301086426, 6.120923042297363, 4.624514579772949, 3.681079864501953, 3.0511491298675537, 2.620558023452759, 2.32210111618042, 2.109985828399658, 1.95271897315979, 1.8484833240509033, 1.7830588817596436, 1.7499608993530273, 1.7172329425811768, 1.6980435848236084, 1.6894371509552002, 1.6847686767578125, 1.6788212060928345, 1.6778678894042969, 1.6748762130737305, 1.6801153421401978, 1.6782182455062866, 1.684388518333435, 1.689138650894165, 1.7106199264526367, 1.7091411352157593, 1.7262470722198486, 1.7148847579956055, 1.7226301431655884, 1.7392361164093018], "val_accuracy": [0.20781250298023224, 0.20781250298023224, 0.20781250298023224, 0.20781250298023224, 0.20781250298023224, 0.20781250298023224, 0.20781250298023224, 0.20761719346046448, 0.23564453423023224, 0.2578125, 0.26513671875, 0.27265626192092896, 0.27373045682907104, 0.2806640565395355, 0.2906250059604645, 0.29033201932907104, 0.2874999940395355, 0.29052734375, 0.29277342557907104, 0.29179686307907104, 0.2919921875, 0.2958007752895355, 0.29521483182907104, 0.29130858182907104, 0.2796874940395355, 0.2840820252895355, 0.2752929627895355, 0.28339844942092896, 0.28105467557907104, 0.2911132872104645]}