{"loss": [12.493508338928223, 6.843252658843994, 4.615958213806152, 3.549867630004883, 2.8990728855133057, 2.5071182250976562, 2.238236904144287, 2.051656484603882, 1.9196336269378662, 1.8269686698913574, 1.75931978225708, 1.7141737937927246, 1.675626277923584, 1.6485592126846313, 1.6265004873275757, 1.6091036796569824, 1.5882679224014282, 1.5758016109466553, 1.5657490491867065, 1.554666519165039, 1.5480245351791382, 1.5343844890594482, 1.5290054082870483, 1.5200047492980957, 1.511440634727478, 1.510581374168396, 1.5047968626022339, 1.4932345151901245, 1.4845302104949951, 1.4740453958511353, 1.467880368232727], "accuracy": [0.2001129537820816, 0.20844314992427826, 0.2118317037820816, 0.24286991357803345, 0.28595632314682007, 0.2964279055595398, 0.3102644979953766, 0.3132294714450836, 0.3206419348716736, 0.32654836773872375, 0.3369964361190796, 0.3404320478439331, 0.35000941157341003, 0.36038684844970703, 0.3662697672843933, 0.3757059574127197, 0.3834007978439331, 0.39283695816993713, 0.3975668251514435, 0.40314382314682007, 0.4052146077156067, 0.41305065155029297, 0.4168862998485565, 0.425169438123703, 0.43182888627052307, 0.4342997074127197, 0.43502917885780334, 0.4448183476924896, 0.44811275601387024, 0.45907849073410034, 0.4611022174358368], "val_loss": [8.780519485473633, 5.39443302154541, 3.9917144775390625, 3.1807782649993896, 2.688565492630005, 2.3571856021881104, 2.126854181289673, 1.9671363830566406, 1.8571350574493408, 1.7838226556777954, 1.7294963598251343, 1.694120168685913, 1.6618516445159912, 1.639749526977539, 1.6266462802886963, 1.6088711023330688, 1.6217491626739502, 1.610242247581482, 1.6050689220428467, 1.6054494380950928, 1.5819618701934814, 1.599505066871643, 1.5961759090423584, 1.6057183742523193, 1.5944576263427734, 1.6181375980377197, 1.5933363437652588, 1.6036138534545898, 1.614654779434204, 1.621793508529663, 1.644797682762146], "val_accuracy": [0.21660156548023224, 0.22011718153953552, 0.21816405653953552, 0.28535157442092896, 0.3006835877895355, 0.31181639432907104, 0.3213867247104645, 0.32666015625, 0.33642578125, 0.3358398377895355, 0.3441406190395355, 0.3446289002895355, 0.3539062440395355, 0.36152344942092896, 0.3656249940395355, 0.3721679747104645, 0.3653320372104645, 0.3726562559604645, 0.3749023377895355, 0.3763671815395355, 0.3915039002895355, 0.3807617127895355, 0.38251954317092896, 0.38164061307907104, 0.3866210877895355, 0.37763673067092896, 0.3902343809604645, 0.3907226622104645, 0.38916015625, 0.3892578184604645, 0.3797851502895355]}