{"loss": [8.743045806884766, 4.833110809326172, 2.957610845565796, 2.1611056327819824, 1.8390376567840576, 1.696877121925354, 1.6163594722747803, 1.560350775718689, 1.5217311382293701, 1.4921858310699463, 1.4626953601837158, 1.438429832458496, 1.4132459163665771, 1.3830541372299194, 1.3584263324737549, 1.347309947013855, 1.3036495447158813, 1.2856497764587402, 1.2524614334106445, 1.1885643005371094, 1.122641921043396, 1.0648075342178345], "accuracy": [0.2044898271560669, 0.2151261270046234, 0.2732727825641632, 0.31544145941734314, 0.3371846675872803, 0.35257434844970703, 0.3709290325641632, 0.39024850726127625, 0.40495577454566956, 0.4194982945919037, 0.435546875, 0.4503012001514435, 0.46176111698150635, 0.4805864095687866, 0.4958113729953766, 0.5032944083213806, 0.5242140293121338, 0.5347091555595398, 0.5567582845687866, 0.5915380120277405, 0.6285061836242676, 0.6617799401283264], "val_loss": [6.311060905456543, 3.682807207107544, 2.5116190910339355, 2.026244878768921, 1.7969942092895508, 1.688429832458496, 1.6097993850708008, 1.5650737285614014, 1.5422780513763428, 1.532827377319336, 1.5334807634353638, 1.5324230194091797, 1.5404194593429565, 1.5650577545166016, 1.5704948902130127, 1.5741621255874634, 1.5990924835205078, 1.6116983890533447, 1.6646522283554077, 1.6940479278564453, 1.7276980876922607, 1.7968899011611938], "val_accuracy": [0.20781250298023224, 0.21269531548023224, 0.2611328065395355, 0.3140625059604645, 0.3408203125, 0.34521484375, 0.3726562559604645, 0.38691407442092896, 0.3912109434604645, 0.3934570252895355, 0.39335936307907104, 0.39375001192092896, 0.3960937559604645, 0.3902343809604645, 0.392578125, 0.39433592557907104, 0.38837891817092896, 0.39228516817092896, 0.37910157442092896, 0.3866210877895355, 0.3858398497104645, 0.3785156309604645]}