{"loss": [12.412803649902344, 6.761556148529053, 4.564663410186768, 3.4790515899658203, 2.878167152404785, 2.4940991401672363, 2.230757474899292, 2.0431935787200928, 1.9125107526779175, 1.8182406425476074, 1.751672387123108, 1.704819679260254, 1.6672841310501099, 1.6391853094100952, 1.6179687976837158, 1.5969083309173584, 1.5828840732574463, 1.5704480409622192, 1.5581879615783691, 1.548021674156189, 1.5389147996902466, 1.5321513414382935, 1.520164966583252, 1.5153778791427612, 1.5113192796707153, 1.50324547290802, 1.4905762672424316, 1.4899983406066895, 1.4805803298950195, 1.4702508449554443, 1.4611603021621704, 1.447899341583252], "accuracy": [0.19855986535549164, 0.20712538063526154, 0.21733810007572174, 0.27576711773872375, 0.29602786898612976, 0.30492281913757324, 0.31268826127052307, 0.3242422938346863, 0.32878389954566956, 0.3366905152797699, 0.34323230385780334, 0.34800922870635986, 0.35989269614219666, 0.36622270941734314, 0.372435063123703, 0.3806946575641632, 0.38766002655029297, 0.3922486901283264, 0.39926111698150635, 0.4050028324127197, 0.41015625, 0.41380366683006287, 0.42288684844970703, 0.42571064829826355, 0.42792263627052307, 0.4364410638809204, 0.44375941157341003, 0.4432417154312134, 0.4514777958393097, 0.45832547545433044, 0.46477314829826355, 0.47091490030288696], "val_loss": [8.681336402893066, 5.335701942443848, 3.951516628265381, 3.1759896278381348, 2.693718194961548, 2.3612866401672363, 2.1260907649993896, 1.9648793935775757, 1.8578027486801147, 1.7787704467773438, 1.7253062725067139, 1.6875756978988647, 1.6543397903442383, 1.6310945749282837, 1.613797903060913, 1.6005789041519165, 1.592889428138733, 1.5827548503875732, 1.582529067993164, 1.5767500400543213, 1.576587438583374, 1.572837233543396, 1.5742802619934082, 1.575486421585083, 1.573667049407959, 1.576318383216858, 1.5840505361557007, 1.5846203565597534, 1.5866758823394775, 1.5928184986114502, 1.602123498916626, 1.6115045547485352], "val_accuracy": [0.20830078423023224, 0.21210937201976776, 0.2275390625, 0.2802734375, 0.2987304627895355, 0.31103515625, 0.32792967557907104, 0.3329101502895355, 0.3345703184604645, 0.34111326932907104, 0.34199219942092896, 0.34619140625, 0.35761719942092896, 0.361328125, 0.37041014432907104, 0.37763673067092896, 0.3755859434604645, 0.38593751192092896, 0.3841796815395355, 0.39189451932907104, 0.39140623807907104, 0.3968749940395355, 0.3993164002895355, 0.3956054747104645, 0.4000000059604645, 0.4037109315395355, 0.40185546875, 0.4024414122104645, 0.4004882872104645, 0.40205079317092896, 0.4009765684604645, 0.4013671875]}