{"loss": [40.737300872802734, 18.92900276184082, 11.718011856079102, 8.371382713317871, 6.273064136505127, 4.820550918579102, 3.7997825145721436, 3.085162878036499, 2.5931050777435303, 2.2550840377807617, 2.0279905796051025, 1.8778808116912842, 1.7794471979141235, 1.7160738706588745, 1.6728719472885132, 1.6466912031173706, 1.6294317245483398, 1.6181772947311401, 1.608725666999817, 1.6044044494628906, 1.6002237796783447, 1.5959314107894897, 1.5940290689468384, 1.5917223691940308, 1.5876414775848389, 1.5870041847229004, 1.5856906175613403, 1.5836944580078125, 1.5827486515045166, 1.5814114809036255, 1.5808227062225342, 1.5784918069839478, 1.5776339769363403, 1.5764005184173584, 1.5749715566635132, 1.5751118659973145, 1.5737724304199219, 1.5732330083847046, 1.5720937252044678, 1.5708708763122559, 1.5705275535583496, 1.5691907405853271, 1.5680491924285889, 1.5676026344299316, 1.5662177801132202, 1.5658094882965088, 1.5649844408035278, 1.5633747577667236, 1.5635148286819458, 1.5622332096099854, 1.5616167783737183, 1.560981273651123, 1.5588469505310059, 1.5592454671859741, 1.5586622953414917, 1.557934284210205, 1.5562821626663208, 1.556365728378296, 1.5547512769699097, 1.5533168315887451, 1.5536051988601685, 1.5533421039581299, 1.551509976387024], "accuracy": [0.2794615924358368, 0.3233480751514435, 0.32786616683006287, 0.3331137001514435, 0.33570218086242676, 0.3401731848716736, 0.3414909541606903, 0.3409026861190796, 0.34153804183006287, 0.3439147174358368, 0.3445265293121338, 0.3445265293121338, 0.34339702129364014, 0.34655025601387024, 0.34713855385780334, 0.34956231713294983, 0.3470208942890167, 0.3467385172843933, 0.34817394614219666, 0.3497740924358368, 0.34880930185317993, 0.3520095944404602, 0.35208019614219666, 0.35250377655029297, 0.354856938123703, 0.35450395941734314, 0.3544333577156067, 0.356080561876297, 0.35271555185317993, 0.3554922938346863, 0.35761013627052307, 0.3571394979953766, 0.3559158444404602, 0.3598220944404602, 0.35857492685317993, 0.3601044714450836, 0.359375, 0.35836315155029297, 0.36186936497688293, 0.3606221675872803, 0.35956326127052307, 0.3618928790092468, 0.3629988729953766, 0.36142224073410034, 0.3635636270046234, 0.3635636270046234, 0.36426958441734314, 0.3681052327156067, 0.36589327454566956, 0.36770519614219666, 0.3672110438346863, 0.3670698404312134, 0.3683640956878662, 0.3688347041606903, 0.36742281913757324, 0.36815229058265686, 0.3711172938346863, 0.3705995976924896, 0.3725762367248535, 0.3736116290092468, 0.3736116290092468, 0.37339985370635986, 0.37417638301849365], "val_loss": [25.686655044555664, 14.284101486206055, 9.781717300415039, 7.213706016540527, 5.467029571533203, 4.241183280944824, 3.3845725059509277, 2.790302038192749, 2.3849830627441406, 2.1088359355926514, 1.9265350103378296, 1.8040173053741455, 1.7270456552505493, 1.6758177280426025, 1.642330527305603, 1.6194837093353271, 1.6068334579467773, 1.5967999696731567, 1.589963674545288, 1.5860185623168945, 1.5825294256210327, 1.580385684967041, 1.5769306421279907, 1.5761082172393799, 1.574854850769043, 1.5743612051010132, 1.572497844696045, 1.571162223815918, 1.5708624124526978, 1.5697134733200073, 1.5690711736679077, 1.568796992301941, 1.5673348903656006, 1.5676769018173218, 1.5665152072906494, 1.56596839427948, 1.5652353763580322, 1.5643999576568604, 1.5643445253372192, 1.5633561611175537, 1.5635898113250732, 1.564807653427124, 1.562501072883606, 1.5629079341888428, 1.5640056133270264, 1.5626716613769531, 1.563622236251831, 1.562473177909851, 1.5624845027923584, 1.5631253719329834, 1.5625896453857422, 1.5621440410614014, 1.5616800785064697, 1.5637691020965576, 1.5630038976669312, 1.5641722679138184, 1.5635509490966797, 1.5634626150131226, 1.5645097494125366, 1.5635913610458374, 1.5636742115020752, 1.5649282932281494, 1.5666242837905884], "val_accuracy": [0.24794921278953552, 0.2860351502895355, 0.32890623807907104, 0.34199219942092896, 0.3475585877895355, 0.3490234315395355, 0.3504882752895355, 0.3536132872104645, 0.3553710877895355, 0.35664063692092896, 0.3564453125, 0.35664063692092896, 0.35712891817092896, 0.3602539002895355, 0.3580078184604645, 0.3604492247104645, 0.35908204317092896, 0.36015623807907104, 0.35917967557907104, 0.3604492247104645, 0.3609375059604645, 0.36181640625, 0.3607421815395355, 0.36328125, 0.36064451932907104, 0.3631835877895355, 0.36259764432907104, 0.36201173067092896, 0.36181640625, 0.3622070252895355, 0.36298829317092896, 0.36279296875, 0.3653320372104645, 0.3617187440395355, 0.36455076932907104, 0.3636718690395355, 0.36376953125, 0.3631835877895355, 0.36328125, 0.36396485567092896, 0.3653320372104645, 0.36552733182907104, 0.36552733182907104, 0.3662109375, 0.36542969942092896, 0.36542969942092896, 0.36376953125, 0.36640626192092896, 0.365234375, 0.36669921875, 0.365234375, 0.365234375, 0.3663085997104645, 0.36474609375, 0.36542969942092896, 0.3631835877895355, 0.36455076932907104, 0.3656249940395355, 0.36474609375, 0.36455076932907104, 0.36503905057907104, 0.3642578125, 0.3622070252895355]}