{"loss": [12.52834415435791, 6.88517427444458, 4.632455348968506, 3.5148801803588867, 2.9143378734588623, 2.5242912769317627, 2.256957769393921, 2.066500425338745, 1.9308853149414062, 1.8367947340011597, 1.7660012245178223, 1.7153563499450684, 1.6791013479232788, 1.6489890813827515, 1.6256386041641235, 1.6025669574737549, 1.5881019830703735, 1.5741634368896484, 1.563391923904419, 1.551967740058899, 1.5457022190093994, 1.536259412765503, 1.5285214185714722, 1.5199439525604248, 1.513669490814209, 1.508679986000061, 1.501826524734497, 1.4942705631256104, 1.4902431964874268, 1.4822667837142944, 1.4748470783233643, 1.469433069229126], "accuracy": [0.19676543772220612, 0.20426829159259796, 0.2177734375, 0.2800590693950653, 0.3004239797592163, 0.30540207028388977, 0.31350037455558777, 0.32047924399375916, 0.32405200600624084, 0.3296493887901306, 0.3356516659259796, 0.3431068956851959, 0.34999048709869385, 0.35932737588882446, 0.3640434443950653, 0.37419018149375916, 0.38459888100624084, 0.38640910387039185, 0.39364996552467346, 0.40036681294441223, 0.40355849266052246, 0.4095131456851959, 0.41611090302467346, 0.42092224955558777, 0.42378050088882446, 0.4253525137901306, 0.4292587637901306, 0.4381192922592163, 0.4388814866542816, 0.44431212544441223, 0.45086222887039185, 0.4553639590740204], "val_loss": [8.833728790283203, 5.432498931884766, 4.006864070892334, 3.2296879291534424, 2.7451705932617188, 2.4010016918182373, 2.162888765335083, 1.9895604848861694, 1.8793468475341797, 1.7927449941635132, 1.7466106414794922, 1.6965904235839844, 1.663378357887268, 1.6346107721328735, 1.622227668762207, 1.6085224151611328, 1.5967342853546143, 1.5911203622817993, 1.581615686416626, 1.579750657081604, 1.5807559490203857, 1.5719187259674072, 1.5745384693145752, 1.5750311613082886, 1.5744125843048096, 1.5794093608856201, 1.581677794456482, 1.5766432285308838, 1.5830767154693604, 1.578779697418213, 1.584506630897522, 1.5905259847640991], "val_accuracy": [0.20927734673023224, 0.21015624701976776, 0.23154297471046448, 0.2652343809604645, 0.2808593809604645, 0.3003906309604645, 0.31474608182907104, 0.3277343809604645, 0.32685548067092896, 0.33857423067092896, 0.33222657442092896, 0.34736329317092896, 0.3504882752895355, 0.359375, 0.37138670682907104, 0.3760742247104645, 0.37890625, 0.3836914002895355, 0.38896483182907104, 0.38818359375, 0.38798826932907104, 0.3944335877895355, 0.39287108182907104, 0.39472657442092896, 0.39306640625, 0.39091795682907104, 0.3934570252895355, 0.3985351622104645, 0.3939453065395355, 0.3946289122104645, 0.3974609375, 0.39453125]}