{"loss": [41.383243560791016, 19.373891830444336, 11.855192184448242, 8.363784790039062, 6.215152740478516, 4.729583263397217, 3.7063868045806885, 3.0006613731384277, 2.5139784812927246, 2.1835145950317383, 1.9601142406463623, 1.8042466640472412, 1.7007287740707397, 1.6316325664520264, 1.5853102207183838, 1.5589114427566528, 1.5334868431091309, 1.5201265811920166, 1.5101381540298462, 1.4980684518814087, 1.4901715517044067, 1.4829833507537842, 1.4784355163574219, 1.4712848663330078, 1.4656546115875244, 1.4574609994888306, 1.451584815979004, 1.4444342851638794, 1.4414892196655273, 1.4353455305099487, 1.4289605617523193, 1.4238611459732056, 1.4178099632263184, 1.410546064376831, 1.4046469926834106, 1.400407314300537, 1.3914543390274048, 1.3882229328155518, 1.382645606994629], "accuracy": [0.1962302327156067, 0.20891377329826355, 0.26376599073410034, 0.29515719413757324, 0.3150884807109833, 0.34005552530288696, 0.3481268882751465, 0.35255083441734314, 0.358763188123703, 0.36262235045433044, 0.37010541558265686, 0.3810005784034729, 0.3913780152797699, 0.4009553790092468, 0.40994447469711304, 0.41145047545433044, 0.41700395941734314, 0.4214279055595398, 0.4250047206878662, 0.42964044213294983, 0.4326760172843933, 0.4343702793121338, 0.4390295445919037, 0.44164156913757324, 0.4458066523075104, 0.44825395941734314, 0.4532426595687866, 0.4582784175872803, 0.4597373902797699, 0.4637848138809204, 0.46522024273872375, 0.4683029055595398, 0.4739034175872803, 0.47755083441734314, 0.48261013627052307, 0.48762235045433044, 0.48926958441734314, 0.4935523271560669, 0.49809393286705017], "val_loss": [26.206073760986328, 14.485529899597168, 9.838983535766602, 7.21738338470459, 5.446999549865723, 4.1873602867126465, 3.324448823928833, 2.7304015159606934, 2.3232593536376953, 2.048372745513916, 1.8667300939559937, 1.744231939315796, 1.6600221395492554, 1.608066201210022, 1.5727603435516357, 1.5493927001953125, 1.536525011062622, 1.5253150463104248, 1.5188753604888916, 1.514070749282837, 1.5125463008880615, 1.5083070993423462, 1.5085312128067017, 1.5046446323394775, 1.5046430826187134, 1.5029746294021606, 1.5035864114761353, 1.5050173997879028, 1.5018441677093506, 1.5049383640289307, 1.5048327445983887, 1.5087801218032837, 1.5091044902801514, 1.5108463764190674, 1.5121980905532837, 1.5161408185958862, 1.5193736553192139, 1.5178563594818115, 1.5206505060195923], "val_accuracy": [0.2080078125, 0.2080078125, 0.23085936903953552, 0.2508789002895355, 0.30341798067092896, 0.32958984375, 0.33984375, 0.35087889432907104, 0.361328125, 0.3653320372104645, 0.3726562559604645, 0.3837890625, 0.3951171934604645, 0.3975585997104645, 0.40361326932907104, 0.408203125, 0.40986329317092896, 0.4129882752895355, 0.4134765565395355, 0.4146484434604645, 0.4126953184604645, 0.4166015684604645, 0.4188476502895355, 0.4208007752895355, 0.41962891817092896, 0.421875, 0.42255860567092896, 0.42011719942092896, 0.42021483182907104, 0.4227539002895355, 0.42167967557907104, 0.42167967557907104, 0.4234375059604645, 0.4249023497104645, 0.4239257872104645, 0.42011719942092896, 0.4232421815395355, 0.42353516817092896, 0.4261718690395355]}