{"loss": [12.425578117370605, 6.780280590057373, 4.567967414855957, 3.4829699993133545, 2.892246961593628, 2.506711959838867, 2.239572525024414, 2.0491433143615723, 1.9171464443206787, 1.8220231533050537, 1.7543833255767822, 1.704087257385254, 1.6668798923492432, 1.6368381977081299, 1.6150566339492798, 1.594569206237793, 1.5782266855239868, 1.5669963359832764, 1.5554280281066895, 1.5424959659576416, 1.5339927673339844, 1.526259183883667, 1.5192362070083618, 1.5125856399536133, 1.500626564025879, 1.496713638305664, 1.4872273206710815, 1.480879306793213, 1.4700273275375366, 1.4660252332687378, 1.4552801847457886, 1.445033311843872, 1.4345977306365967], "accuracy": [0.19888930022716522, 0.2102080136537552, 0.22463290393352509, 0.28176769614219666, 0.29788684844970703, 0.3068053424358368, 0.3139589726924896, 0.3243364095687866, 0.3285720944404602, 0.33661991357803345, 0.34276166558265686, 0.3489740192890167, 0.3571159541606903, 0.36801111698150635, 0.3745529055595398, 0.38514211773872375, 0.39147213101387024, 0.39688441157341003, 0.4008612632751465, 0.40933263301849365, 0.41354480385780334, 0.41881588101387024, 0.42552241683006287, 0.42992281913757324, 0.43651166558265686, 0.4399472773075104, 0.44526544213294983, 0.45093655586242676, 0.45813724398612976, 0.4614081382751465, 0.4681617021560669, 0.4774566888809204, 0.4819747805595398], "val_loss": [8.697884559631348, 5.3554558753967285, 3.952113628387451, 3.1917495727539062, 2.708272933959961, 2.3699567317962646, 2.13289737701416, 1.969567060470581, 1.855188012123108, 1.7784640789031982, 1.7274755239486694, 1.6813987493515015, 1.6514291763305664, 1.6306791305541992, 1.609706163406372, 1.6024830341339111, 1.5886352062225342, 1.576975703239441, 1.5764954090118408, 1.5729942321777344, 1.5760176181793213, 1.5694841146469116, 1.5685698986053467, 1.570643424987793, 1.573823094367981, 1.5740127563476562, 1.5852901935577393, 1.5876137018203735, 1.5893499851226807, 1.5999966859817505, 1.6185104846954346, 1.6148048639297485, 1.6195125579833984], "val_accuracy": [0.20888671278953552, 0.20986327528953552, 0.23955078423023224, 0.2681640684604645, 0.2969726622104645, 0.3133789002895355, 0.3228515684604645, 0.3331054747104645, 0.34130859375, 0.3436523377895355, 0.34785157442092896, 0.35546875, 0.3603515625, 0.3642578125, 0.37236326932907104, 0.38349610567092896, 0.3882812559604645, 0.3882812559604645, 0.39111328125, 0.39375001192092896, 0.3926757872104645, 0.3951171934604645, 0.3956054747104645, 0.39667969942092896, 0.39824217557907104, 0.3944335877895355, 0.39580076932907104, 0.39482420682907104, 0.3980468809604645, 0.39599609375, 0.39335936307907104, 0.3941406309604645, 0.39335936307907104]}