{"loss": [41.11915969848633, 19.08327293395996, 11.757302284240723, 8.367587089538574, 6.2551727294921875, 4.797791004180908, 3.7745163440704346, 3.0579469203948975, 2.5613906383514404, 2.2210609912872314, 1.9908380508422852, 1.8391951322555542, 1.7396368980407715, 1.674505352973938, 1.633009910583496, 1.6039727926254272, 1.585321068763733, 1.573289394378662, 1.5635511875152588, 1.5544226169586182, 1.5487792491912842, 1.5435634851455688, 1.5388169288635254, 1.5364526510238647, 1.5301998853683472, 1.5271722078323364, 1.5244860649108887, 1.520646095275879, 1.5186692476272583, 1.515795111656189, 1.5123300552368164, 1.5102585554122925, 1.5053305625915527, 1.5022039413452148, 1.500988483428955, 1.49733304977417, 1.4941502809524536, 1.4939340353012085, 1.48786461353302, 1.4848756790161133, 1.4818733930587769, 1.4798016548156738, 1.4730370044708252], "accuracy": [0.2224915325641632, 0.3130882978439331, 0.3359375, 0.3379141688346863, 0.34356173872947693, 0.3461267054080963, 0.3499152958393097, 0.35631588101387024, 0.35749247670173645, 0.3614457845687866, 0.3664580285549164, 0.3715173304080963, 0.373046875, 0.37540003657341003, 0.3758941888809204, 0.3794004023075104, 0.3823654055595398, 0.3841302692890167, 0.3835655152797699, 0.38754236698150635, 0.39053088426589966, 0.3932840824127197, 0.39608433842658997, 0.3966255784034729, 0.4008847773075104, 0.4016142785549164, 0.40392038226127625, 0.40328502655029297, 0.4058029055595398, 0.4095208942890167, 0.4106504023075104, 0.4130271077156067, 0.41460373997688293, 0.4152626097202301, 0.4148390293121338, 0.41834524273872375, 0.42208677530288696, 0.4203925132751465, 0.42632248997688293, 0.4272402226924896, 0.43138179183006287, 0.43048757314682007, 0.4344879388809204], "val_loss": [25.943450927734375, 14.402215957641602, 9.842581748962402, 7.2438483238220215, 5.480997562408447, 4.241301536560059, 3.3683598041534424, 2.766801118850708, 2.353431463241577, 2.074763298034668, 1.8876359462738037, 1.7687292098999023, 1.6914783716201782, 1.6382728815078735, 1.6075439453125, 1.585045337677002, 1.5703784227371216, 1.5592467784881592, 1.552933692932129, 1.5480669736862183, 1.5452826023101807, 1.5400031805038452, 1.5375679731369019, 1.5349773168563843, 1.5324736833572388, 1.5297634601593018, 1.5314304828643799, 1.530086636543274, 1.5304993391036987, 1.5284594297409058, 1.5294039249420166, 1.5286959409713745, 1.5272215604782104, 1.5294698476791382, 1.5273324251174927, 1.5292240381240845, 1.5294666290283203, 1.5299656391143799, 1.529870867729187, 1.5331369638442993, 1.5347039699554443, 1.5378363132476807, 1.5404167175292969], "val_accuracy": [0.20751953125, 0.23310546576976776, 0.244140625, 0.2982421815395355, 0.33642578125, 0.3514648377895355, 0.3564453125, 0.3641601502895355, 0.37187498807907104, 0.36962890625, 0.37578123807907104, 0.3790039122104645, 0.38134765625, 0.3828125, 0.3846679627895355, 0.38603514432907104, 0.3880859315395355, 0.3885742127895355, 0.388671875, 0.3907226622104645, 0.39404296875, 0.39501953125, 0.396484375, 0.39716798067092896, 0.39824217557907104, 0.400390625, 0.39794921875, 0.3993164002895355, 0.3978515565395355, 0.3978515565395355, 0.3975585997104645, 0.39726561307907104, 0.4004882872104645, 0.40019530057907104, 0.40058594942092896, 0.3995117247104645, 0.3984375, 0.4009765684604645, 0.4002929627895355, 0.4000000059604645, 0.3995117247104645, 0.39619141817092896, 0.39677733182907104]}