{"loss": [11.960807800292969, 6.53125, 4.526342391967773, 3.5799126625061035, 3.005000114440918, 2.6119401454925537, 2.3329858779907227, 2.1353378295898438, 1.9938567876815796, 1.8926584720611572, 1.8231761455535889, 1.7724940776824951, 1.7360202074050903, 1.7113088369369507, 1.6924370527267456, 1.6802808046340942, 1.6706868410110474, 1.663483738899231, 1.658056378364563, 1.6534254550933838, 1.6494985818862915, 1.6488010883331299, 1.6464060544967651, 1.645011067390442, 1.6409906148910522, 1.6408674716949463, 1.6399401426315308, 1.6398714780807495, 1.63689124584198, 1.6368253231048584, 1.6369500160217285, 1.6367340087890625, 1.6346665620803833, 1.6347984075546265, 1.6338545083999634, 1.632938027381897, 1.63297700881958, 1.6310588121414185, 1.6315829753875732, 1.6313647031784058, 1.6297028064727783, 1.6296312808990479, 1.629297137260437, 1.6284583806991577, 1.6297316551208496, 1.6281938552856445, 1.627990484237671], "accuracy": [0.252564936876297, 0.27247270941734314, 0.28616809844970703, 0.28762707114219666, 0.2905214726924896, 0.2945924401283264, 0.2914862632751465, 0.2956748902797699, 0.29741623997688293, 0.2977691888809204, 0.29831042885780334, 0.3013695478439331, 0.29948702454566956, 0.30247554183006287, 0.30059298872947693, 0.3031579554080963, 0.30402860045433044, 0.30584055185317993, 0.3040521442890167, 0.3051110804080963, 0.30609938502311707, 0.3078642785549164, 0.3055581748485565, 0.30506399273872375, 0.30849963426589966, 0.30551111698150635, 0.307981938123703, 0.30548757314682007, 0.30704066157341003, 0.3078642785549164, 0.30765247344970703, 0.3080054521560669, 0.3085702061653137, 0.3091820478439331, 0.3077230751514435, 0.3092997074127197, 0.30925264954566956, 0.31137049198150635, 0.3099115192890167, 0.31169992685317993, 0.3116058111190796, 0.3119352459907532, 0.3112998902797699, 0.31134694814682007, 0.313841313123703, 0.31661802530288696, 0.31499436497688293], "val_loss": [8.287659645080566, 5.214385509490967, 3.9357898235321045, 3.2325046062469482, 2.763218402862549, 2.4368433952331543, 2.2052195072174072, 2.0381011962890625, 1.9226223230361938, 1.8368028402328491, 1.7792896032333374, 1.7366281747817993, 1.7078287601470947, 1.6871020793914795, 1.672142744064331, 1.6623811721801758, 1.6553280353546143, 1.6480954885482788, 1.643825888633728, 1.6409645080566406, 1.6386134624481201, 1.6369578838348389, 1.6341787576675415, 1.633241891860962, 1.6315561532974243, 1.631121039390564, 1.6301400661468506, 1.6302950382232666, 1.6294502019882202, 1.628710150718689, 1.6290690898895264, 1.6280100345611572, 1.6289701461791992, 1.6283390522003174, 1.6282479763031006, 1.6282374858856201, 1.6275304555892944, 1.627618432044983, 1.628426194190979, 1.6277897357940674, 1.6282460689544678, 1.6282241344451904, 1.6282966136932373, 1.6281137466430664, 1.6296367645263672, 1.6298860311508179, 1.6299870014190674], "val_accuracy": [0.291015625, 0.29736328125, 0.3076171875, 0.30488282442092896, 0.3109374940395355, 0.3114257752895355, 0.31103515625, 0.31396484375, 0.31035155057907104, 0.3163085877895355, 0.31425780057907104, 0.31621092557907104, 0.3165039122104645, 0.3189453184604645, 0.3165039122104645, 0.3165039122104645, 0.3182617127895355, 0.31953126192092896, 0.3187499940395355, 0.3199218809604645, 0.3182617127895355, 0.31718748807907104, 0.31806641817092896, 0.3179687559604645, 0.318359375, 0.31884765625, 0.31865233182907104, 0.3184570372104645, 0.3173828125, 0.318359375, 0.31640625, 0.3182617127895355, 0.31757813692092896, 0.3163085877895355, 0.3174804747104645, 0.31669920682907104, 0.3165039122104645, 0.31640625, 0.3177734315395355, 0.31640625, 0.31591796875, 0.3182617127895355, 0.3197265565395355, 0.318359375, 0.31660157442092896, 0.31884765625, 0.3189453184604645]}