{"loss": [12.451828956604004, 6.796964168548584, 4.556515693664551, 3.474442720413208, 2.8911149501800537, 2.50645112991333, 2.2407119274139404, 2.051450729370117, 1.919228196144104, 1.823683738708496, 1.7556543350219727, 1.7062337398529053, 1.6673234701156616, 1.6348036527633667, 1.6141411066055298, 1.5926893949508667, 1.581018090248108, 1.5663976669311523, 1.5569396018981934, 1.5483201742172241, 1.54131281375885, 1.535378336906433, 1.523820400238037, 1.523267388343811, 1.511250615119934, 1.5037081241607666, 1.4939422607421875, 1.4925302267074585, 1.4831976890563965, 1.473334789276123, 1.4658629894256592, 1.4594919681549072, 1.4490324258804321, 1.4400207996368408], "accuracy": [0.19910109043121338, 0.20757247507572174, 0.23583395779132843, 0.2907097041606903, 0.30118128657341003, 0.30849963426589966, 0.31854763627052307, 0.3246893882751465, 0.330689936876297, 0.3384553790092468, 0.34652674198150635, 0.3520095944404602, 0.35838666558265686, 0.3718702793121338, 0.3744117021560669, 0.38180065155029297, 0.3911191523075104, 0.395872563123703, 0.40135541558265686, 0.40392038226127625, 0.41015625, 0.41387423872947693, 0.4184629023075104, 0.4180864095687866, 0.4262518882751465, 0.43258190155029297, 0.4412415325641632, 0.442018061876297, 0.4477127194404602, 0.45608997344970703, 0.4621611535549164, 0.46806758642196655, 0.4720679521560669, 0.47945690155029297], "val_loss": [8.728116035461426, 5.3589067459106445, 3.9443516731262207, 3.192568778991699, 2.7143192291259766, 2.3746871948242188, 2.13734769821167, 1.9692806005477905, 1.8563817739486694, 1.776322603225708, 1.7224619388580322, 1.6807914972305298, 1.6506035327911377, 1.6267303228378296, 1.618507981300354, 1.6006476879119873, 1.6006358861923218, 1.5917418003082275, 1.5759423971176147, 1.5757616758346558, 1.5833542346954346, 1.5723097324371338, 1.580273985862732, 1.5676671266555786, 1.568415880203247, 1.5771821737289429, 1.586726427078247, 1.584702730178833, 1.593552827835083, 1.5906447172164917, 1.5964573621749878, 1.6047592163085938, 1.613088846206665, 1.6245015859603882], "val_accuracy": [0.21669921278953552, 0.21367187798023224, 0.25654298067092896, 0.28349608182907104, 0.3018554747104645, 0.31865233182907104, 0.33447265625, 0.3388671875, 0.3418945372104645, 0.3519531190395355, 0.35595703125, 0.3570312559604645, 0.3702148497104645, 0.37177735567092896, 0.3663085997104645, 0.37578123807907104, 0.3692382872104645, 0.37646484375, 0.38789063692092896, 0.38740235567092896, 0.38203126192092896, 0.3895507752895355, 0.38544923067092896, 0.39335936307907104, 0.3965820372104645, 0.39384764432907104, 0.38671875, 0.3912109434604645, 0.3887695372104645, 0.3910156190395355, 0.39189451932907104, 0.3936523497104645, 0.3946289122104645, 0.3882812559604645]}