{"loss": [12.737258911132812, 8.832393646240234, 6.257473468780518, 4.591508865356445, 3.5153396129608154, 2.819537878036499, 2.3829245567321777, 2.105947732925415, 1.9334102869033813, 1.7694275379180908, 1.6157763004302979, 1.5398348569869995, 1.4759838581085205, 1.4214929342269897, 1.4036871194839478, 1.329724907875061, 1.255913257598877, 1.256412148475647, 1.2052277326583862, 1.1418884992599487, 1.0935856103897095, 1.040056586265564, 0.9664066433906555, 0.9608785510063171, 0.9051846265792847], "accuracy": [0.19914814829826355, 0.20759600400924683, 0.21006682515144348, 0.2136436402797699, 0.2351280152797699, 0.26103633642196655, 0.27548474073410034, 0.291627436876297, 0.30567583441734314, 0.3507859706878662, 0.401002436876297, 0.419310063123703, 0.4426534175872803, 0.46237292885780334, 0.4630318284034729, 0.5028708577156067, 0.5412744879722595, 0.5355092287063599, 0.5609939694404602, 0.5905026197433472, 0.6176816821098328, 0.6403191089630127, 0.673828125, 0.6727456450462341, 0.6939005851745605], "val_loss": [10.501203536987305, 7.345546722412109, 5.293087482452393, 3.9751009941101074, 3.1418614387512207, 2.561812400817871, 2.230081081390381, 2.0209267139434814, 1.8809493780136108, 1.6806341409683228, 1.6132762432098389, 1.5846774578094482, 1.569976806640625, 1.5860884189605713, 1.5671005249023438, 1.632520079612732, 1.7145885229110718, 1.6522235870361328, 1.7313995361328125, 1.8220828771591187, 1.977027177810669, 2.007051944732666, 2.321540355682373, 2.266742467880249, 2.3656790256500244], "val_accuracy": [0.20781250298023224, 0.20781250298023224, 0.21376952528953552, 0.22919921576976776, 0.21796874701976776, 0.27031248807907104, 0.27958983182907104, 0.2901367247104645, 0.31318360567092896, 0.37109375, 0.3877929747104645, 0.3856445252895355, 0.38593751192092896, 0.3846679627895355, 0.3812499940395355, 0.376953125, 0.3705078065395355, 0.3373046815395355, 0.37187498807907104, 0.35869139432907104, 0.35009765625, 0.32548826932907104, 0.2967773377895355, 0.32470703125, 0.3407226502895355]}