{"loss": [20.931373596191406, 9.93447208404541, 6.438314437866211, 4.719326019287109, 3.6102547645568848, 2.904057502746582, 2.4318504333496094, 2.120663642883301, 1.9123001098632812, 1.772371530532837, 1.6793277263641357, 1.5928254127502441, 1.5310301780700684, 1.497276782989502, 1.4725216627120972, 1.4541051387786865, 1.443572998046875, 1.43914794921875, 1.424944281578064, 1.420335292816162, 1.4124184846878052, 1.4035298824310303, 1.401894211769104, 1.395402193069458, 1.3917067050933838, 1.388460636138916, 1.381942868232727, 1.3802956342697144, 1.373449444770813, 1.36784827709198, 1.3633551597595215, 1.3551759719848633, 1.350056529045105, 1.3494670391082764, 1.3397077322006226, 1.3341530561447144, 1.326116681098938, 1.3156592845916748], "accuracy": [0.2404213696718216, 0.2744140625, 0.28432512283325195, 0.32660821080207825, 0.3721742033958435, 0.38482797145843506, 0.3917054533958435, 0.39234957098960876, 0.3951338231563568, 0.3979388177394867, 0.40286320447921753, 0.4254903495311737, 0.4454163908958435, 0.450610876083374, 0.45973238348960876, 0.463659405708313, 0.4658203125, 0.4674617648124695, 0.47122257947921753, 0.4745886027812958, 0.4787026345729828, 0.48150765895843506, 0.4821102023124695, 0.48620346188545227, 0.4889669120311737, 0.490026593208313, 0.4936627447605133, 0.4960729777812958, 0.4992935359477997, 0.5011635422706604, 0.5024102330207825, 0.510388970375061, 0.5119057297706604, 0.514295220375061, 0.5181183218955994, 0.5218791365623474, 0.5288605093955994, 0.5349069237709045], "val_loss": [13.156349182128906, 7.643123626708984, 5.442590236663818, 4.112244129180908, 3.2375409603118896, 2.642608404159546, 2.24784255027771, 2.0022504329681396, 1.831376075744629, 1.7194675207138062, 1.6395344734191895, 1.535101056098938, 1.5001325607299805, 1.4754104614257812, 1.4638688564300537, 1.4501066207885742, 1.4470046758651733, 1.4380695819854736, 1.4380581378936768, 1.427350401878357, 1.429339051246643, 1.423385500907898, 1.4280184507369995, 1.4314122200012207, 1.4309167861938477, 1.4252849817276, 1.4292751550674438, 1.421811819076538, 1.4280146360397339, 1.423576831817627, 1.4255807399749756, 1.4272961616516113, 1.4255465269088745, 1.4297672510147095, 1.4329568147659302, 1.4378761053085327, 1.4431072473526, 1.4454392194747925], "val_accuracy": [0.26893681287765503, 0.2805706560611725, 0.28846806287765503, 0.33738112449645996, 0.368291437625885, 0.3873980939388275, 0.39597487449645996, 0.3969089686870575, 0.397333562374115, 0.40336278080940247, 0.41041100025177, 0.448369562625885, 0.45482337474823, 0.45703125, 0.4574558436870575, 0.46238112449645996, 0.462041437625885, 0.46730637550354004, 0.46390965580940247, 0.46934443712234497, 0.47019362449645996, 0.47206181287765503, 0.46976903080940247, 0.46900475025177, 0.4689198434352875, 0.471552312374115, 0.47172215580940247, 0.47469428181648254, 0.47104281187057495, 0.47630774974823, 0.47630774974823, 0.47732678055763245, 0.47902512550354004, 0.477666437625885, 0.47537365555763245, 0.47384509444236755, 0.4730808436870575, 0.4713824689388275]}