{"loss": [8.543806076049805, 4.496185779571533, 2.7201192378997803, 2.0394201278686523, 1.774397373199463, 1.6575714349746704, 1.595921516418457, 1.5539133548736572, 1.5154181718826294, 1.4863988161087036, 1.4566054344177246, 1.4291521310806274, 1.4008692502975464, 1.3702874183654785, 1.3340975046157837, 1.2967784404754639, 1.2666659355163574, 1.2219634056091309, 1.153581976890564, 1.100598692893982], "accuracy": [0.20573700964450836, 0.2443053424358368, 0.3014872074127197, 0.32188913226127625, 0.3386200964450836, 0.3551863729953766, 0.37071725726127625, 0.3862716555595398, 0.404296875, 0.42093372344970703, 0.43785297870635986, 0.45394861698150635, 0.4721856117248535, 0.48997554183006287, 0.5077654123306274, 0.5317441821098328, 0.5526638031005859, 0.5754659175872803, 0.6131400465965271, 0.6450960040092468], "val_loss": [6.018462181091309, 3.418083906173706, 2.369107723236084, 1.9364264011383057, 1.7611439228057861, 1.6643297672271729, 1.5926967859268188, 1.5621514320373535, 1.5450271368026733, 1.5379421710968018, 1.552996277809143, 1.5415892601013184, 1.5471007823944092, 1.586223840713501, 1.6017913818359375, 1.6541922092437744, 1.6165376901626587, 1.6727555990219116, 1.748682975769043, 1.7518091201782227], "val_accuracy": [0.20966796576976776, 0.23173828423023224, 0.25761717557907104, 0.31962889432907104, 0.32929688692092896, 0.3448242247104645, 0.37109375, 0.3828125, 0.38749998807907104, 0.39335936307907104, 0.38691407442092896, 0.39570313692092896, 0.3934570252895355, 0.3902343809604645, 0.39111328125, 0.3785156309604645, 0.38886719942092896, 0.3812499940395355, 0.37871092557907104, 0.3736328184604645]}