{"loss": [41.24534606933594, 19.2689151763916, 11.91263484954834, 8.423914909362793, 6.230201244354248, 4.750982761383057, 3.7181568145751953, 3.000562906265259, 2.5030994415283203, 2.170032262802124, 1.942458152770996, 1.7937501668930054, 1.696051836013794, 1.628070592880249, 1.5854811668395996, 1.5545542240142822, 1.5198359489440918, 1.484643578529358, 1.4618600606918335, 1.4492449760437012, 1.4372345209121704, 1.4307222366333008, 1.4231594800949097, 1.4175165891647339, 1.410098910331726, 1.4059349298477173, 1.4021602869033813, 1.3957237005233765, 1.3927671909332275, 1.3865355253219604, 1.3868402242660522, 1.3783475160598755, 1.3733667135238647, 1.36994469165802, 1.3642878532409668, 1.3622616529464722, 1.3585435152053833, 1.3542447090148926, 1.349552869796753, 1.344664454460144, 1.3433778285980225, 1.3400373458862305, 1.3356832265853882, 1.3337855339050293, 1.3291833400726318, 1.3228063583374023, 1.316236972808838, 1.3156331777572632], "accuracy": [0.240234375, 0.268159419298172, 0.2829706072807312, 0.3380301296710968, 0.3713495135307312, 0.3816266655921936, 0.388369619846344, 0.3906482458114624, 0.3970889151096344, 0.3978329598903656, 0.3991582989692688, 0.4012276828289032, 0.4036690890789032, 0.4042736291885376, 0.40478515625, 0.4099004864692688, 0.4233165979385376, 0.4395228922367096, 0.4506603479385376, 0.456147700548172, 0.4598911702632904, 0.4623790979385376, 0.4666573703289032, 0.4697963297367096, 0.4725864827632904, 0.4767252504825592, 0.4773297905921936, 0.4830729067325592, 0.4834449291229248, 0.4866071343421936, 0.4875604510307312, 0.4918154776096344, 0.4915829598903656, 0.4989071786403656, 0.4989769458770752, 0.499418705701828, 0.501581072807312, 0.503534197807312, 0.5094168782234192, 0.5103934407234192, 0.513067364692688, 0.5121372938156128, 0.5171595811843872, 0.5177873969078064, 0.5212518572807312, 0.5232747197151184, 0.527948260307312, 0.5292736291885376], "val_loss": [25.99911117553711, 14.431598663330078, 9.856230735778809, 7.208240985870361, 5.429611682891846, 4.188891887664795, 3.3174660205841064, 2.7185819149017334, 2.3119208812713623, 2.045231342315674, 1.8663909435272217, 1.742002248764038, 1.6577110290527344, 1.605103611946106, 1.5739400386810303, 1.5455721616744995, 1.4853460788726807, 1.4672719240188599, 1.4504880905151367, 1.442169427871704, 1.4334756135940552, 1.4316097497940063, 1.4243208169937134, 1.4191563129425049, 1.4125912189483643, 1.4115607738494873, 1.4068723917007446, 1.4064592123031616, 1.3998044729232788, 1.3981492519378662, 1.3997976779937744, 1.3953560590744019, 1.3936108350753784, 1.394622802734375, 1.3926604986190796, 1.3898723125457764, 1.39594566822052, 1.3873323202133179, 1.3904626369476318, 1.395276427268982, 1.398409128189087, 1.3953806161880493, 1.3960464000701904, 1.3965247869491577, 1.406426191329956, 1.412488579750061, 1.4288201332092285, 1.424676775932312], "val_accuracy": [0.2680431604385376, 0.2802269458770752, 0.287295401096344, 0.3391927182674408, 0.3700706958770752, 0.3800223171710968, 0.3856956958770752, 0.3902529776096344, 0.3941592276096344, 0.3910900354385376, 0.392578125, 0.3972284197807312, 0.4007626473903656, 0.4029017984867096, 0.4032738208770752, 0.409970223903656, 0.4391741156578064, 0.4450334906578064, 0.4505208432674408, 0.4554501473903656, 0.4586123526096344, 0.4598214328289032, 0.4597284197807312, 0.462704598903656, 0.4670758843421936, 0.4699590802192688, 0.4734002947807312, 0.4733072817325592, 0.4757254421710968, 0.4768415093421936, 0.4754464328289032, 0.478608638048172, 0.4772135317325592, 0.4769345223903656, 0.478329598903656, 0.478608638048172, 0.4778645932674408, 0.4852120578289032, 0.4830729067325592, 0.482421875, 0.478422611951828, 0.4846540093421936, 0.4854910671710968, 0.4871651828289032, 0.4830729067325592, 0.4798177182674408, 0.4731212854385376, 0.4808407723903656]}