{"loss": [12.525022506713867, 6.881811141967773, 4.631441593170166, 3.596250295639038, 2.958923816680908, 2.4982614517211914, 2.2264254093170166, 2.038414239883423, 1.907711148262024, 1.8154596090316772, 1.7505234479904175, 1.7028974294662476, 1.6639248132705688, 1.6363677978515625, 1.612665057182312, 1.5944393873214722, 1.5811655521392822, 1.570040225982666, 1.558793544769287, 1.5490319728851318, 1.5424120426177979, 1.5351804494857788, 1.5273505449295044, 1.5214500427246094, 1.5152620077133179, 1.5069092512130737, 1.5013725757598877, 1.4933397769927979, 1.487064003944397, 1.4795111417770386], "accuracy": [0.1984657347202301, 0.2049369364976883, 0.2102080136537552, 0.2131965309381485, 0.24110504984855652, 0.2917215824127197, 0.3043815791606903, 0.3144295811653137, 0.32339513301849365, 0.32838383316993713, 0.3371376097202301, 0.34713855385780334, 0.35902202129364014, 0.3676581382751465, 0.37445876002311707, 0.38365963101387024, 0.3874482214450836, 0.39231929183006287, 0.39864927530288696, 0.40514400601387024, 0.40648531913757324, 0.4143684208393097, 0.41655686497688293, 0.4218985438346863, 0.4251458942890167, 0.43084055185317993, 0.4343702793121338, 0.44178274273872375, 0.4457831382751465, 0.44990116357803345], "val_loss": [8.826286315917969, 5.4196319580078125, 3.9974169731140137, 3.247117280960083, 2.6900808811187744, 2.341334581375122, 2.1108784675598145, 1.9522504806518555, 1.8428131341934204, 1.7681455612182617, 1.7141205072402954, 1.6740707159042358, 1.6429052352905273, 1.6203101873397827, 1.6066334247589111, 1.6090288162231445, 1.5969749689102173, 1.5789484977722168, 1.579894781112671, 1.5776472091674805, 1.5776103734970093, 1.582183837890625, 1.5859014987945557, 1.589825987815857, 1.5931437015533447, 1.5974977016448975, 1.600732445716858, 1.6047146320343018, 1.5879675149917603, 1.5958266258239746], "val_accuracy": [0.21630859375, 0.21728515625, 0.21992187201976776, 0.2255859375, 0.29804688692092896, 0.3138671815395355, 0.3207031190395355, 0.32841795682907104, 0.33916014432907104, 0.34052735567092896, 0.35517579317092896, 0.3628906309604645, 0.3680664002895355, 0.37548828125, 0.3797851502895355, 0.3785156309604645, 0.3807617127895355, 0.39189451932907104, 0.38798826932907104, 0.3896484375, 0.3895507752895355, 0.3931640684604645, 0.39228516817092896, 0.39042967557907104, 0.3936523497104645, 0.38984376192092896, 0.3902343809604645, 0.3905273377895355, 0.39726561307907104, 0.39726561307907104]}