{"loss": [12.873039245605469, 8.193987846374512, 5.510724067687988, 3.914506673812866, 3.008110761642456, 2.4905261993408203, 2.156684637069702, 1.9313246011734009, 1.7715556621551514, 1.6478043794631958, 1.5577486753463745, 1.475200891494751, 1.3857853412628174, 1.3210786581039429, 1.2758088111877441, 1.1680830717086792, 1.1440547704696655, 1.1236602067947388, 0.9447414875030518, 0.9409350752830505, 0.9021793007850647, 0.8892496824264526], "accuracy": [0.20194841921329498, 0.2088431864976883, 0.21067865192890167, 0.2682840824127197, 0.31614741683006287, 0.34064382314682007, 0.36528143286705017, 0.38754236698150635, 0.408203125, 0.43112292885780334, 0.4514542520046234, 0.46759694814682007, 0.5084713697433472, 0.5291792154312134, 0.5440276861190796, 0.5942912101745605, 0.6045039296150208, 0.6100338697433472, 0.6932417154312134, 0.6910768151283264, 0.7049369215965271, 0.7090314626693726], "val_loss": [10.084894180297852, 6.584989070892334, 4.604216575622559, 3.4055724143981934, 2.7687318325042725, 2.3254663944244385, 2.0302135944366455, 1.8595201969146729, 1.7504796981811523, 1.6942083835601807, 1.640602707862854, 1.6352016925811768, 1.691549301147461, 1.6919028759002686, 1.6728222370147705, 1.7764244079589844, 1.813147783279419, 1.8787784576416016, 1.8983104228973389, 1.966025948524475, 2.2373499870300293, 2.097477674484253], "val_accuracy": [0.20781250298023224, 0.20781250298023224, 0.22646483778953552, 0.29023438692092896, 0.28056639432907104, 0.3382812440395355, 0.3758789002895355, 0.3848632872104645, 0.3916992247104645, 0.3919921815395355, 0.38994139432907104, 0.3934570252895355, 0.3861328065395355, 0.3661132752895355, 0.3794921934604645, 0.3604492247104645, 0.34160155057907104, 0.3617187440395355, 0.35986328125, 0.33154296875, 0.33154296875, 0.333984375]}