{"loss": [12.450540542602539, 6.81120491027832, 4.5972185134887695, 3.547299385070801, 2.881502151489258, 2.4910171031951904, 2.2245066165924072, 2.036700963973999, 1.9058071374893188, 1.8106005191802979, 1.7460808753967285, 1.694213628768921, 1.6579926013946533, 1.6263681650161743, 1.606222152709961, 1.5890525579452515, 1.5753506422042847, 1.5609562397003174, 1.5535653829574585, 1.5430632829666138, 1.534287452697754, 1.528450846672058, 1.5224781036376953, 1.515493631362915, 1.5079749822616577, 1.501474380493164, 1.501081109046936, 1.4927966594696045, 1.48826265335083, 1.4818652868270874, 1.4758825302124023, 1.4648451805114746, 1.458438754081726, 1.44923996925354], "accuracy": [0.19940699636936188, 0.20851373672485352, 0.21246705949306488, 0.2372458577156067, 0.2904508709907532, 0.30327561497688293, 0.3135824501514435, 0.32426580786705017, 0.3332313597202301, 0.3405497074127197, 0.34596195816993713, 0.35419803857803345, 0.3658226728439331, 0.37219974398612976, 0.37914156913757324, 0.3849068284034729, 0.38994258642196655, 0.3957549035549164, 0.40064945816993713, 0.40801486372947693, 0.41128575801849365, 0.41307416558265686, 0.4198042154312134, 0.42225149273872375, 0.4263460040092468, 0.43352314829826355, 0.43065229058265686, 0.4409120976924896, 0.44521838426589966, 0.4446771442890167, 0.4532897174358368, 0.4581137001514435, 0.4650084674358368, 0.4684440791606903], "val_loss": [8.73760986328125, 5.3723602294921875, 3.977099895477295, 3.190732002258301, 2.6912264823913574, 2.3547139167785645, 2.1169803142547607, 1.9561614990234375, 1.8396915197372437, 1.7604725360870361, 1.7063910961151123, 1.6664111614227295, 1.6340383291244507, 1.6137278079986572, 1.5970046520233154, 1.587653636932373, 1.5763483047485352, 1.5706006288528442, 1.5667808055877686, 1.5612223148345947, 1.5588791370391846, 1.5591273307800293, 1.5590986013412476, 1.5578742027282715, 1.5649210214614868, 1.569922685623169, 1.5618062019348145, 1.5633288621902466, 1.5726864337921143, 1.5741569995880127, 1.5769002437591553, 1.5767041444778442, 1.589176893234253, 1.5896629095077515], "val_accuracy": [0.21279296278953552, 0.21416015923023224, 0.21796874701976776, 0.26689451932907104, 0.29667967557907104, 0.31816405057907104, 0.3326171934604645, 0.3388671875, 0.34394532442092896, 0.3480468690395355, 0.35761719942092896, 0.36279296875, 0.37324219942092896, 0.38164061307907104, 0.38447266817092896, 0.38896483182907104, 0.3897460997104645, 0.39619141817092896, 0.39472657442092896, 0.3955078125, 0.40214842557907104, 0.39863282442092896, 0.3963867127895355, 0.3973632752895355, 0.4017578065395355, 0.39873045682907104, 0.3975585997104645, 0.3974609375, 0.39453125, 0.39423829317092896, 0.39599609375, 0.4002929627895355, 0.3970703184604645, 0.40283203125]}