{"loss": [20.90044403076172, 9.909381866455078, 6.420862674713135, 4.67221736907959, 3.603652238845825, 2.9053244590759277, 2.4381184577941895, 2.1219475269317627, 1.911579966545105, 1.7751694917678833, 1.6839693784713745, 1.6232327222824097, 1.5835529565811157, 1.5451395511627197, 1.4953577518463135, 1.4707986116409302, 1.4535176753997803, 1.4422580003738403, 1.4334774017333984, 1.425221562385559, 1.4183950424194336, 1.4116636514663696, 1.4036784172058105, 1.400301456451416, 1.394210696220398, 1.3899357318878174, 1.3859736919403076, 1.381217360496521, 1.3780608177185059, 1.3692439794540405, 1.3632278442382812, 1.3581117391586304, 1.3539129495620728, 1.3447715044021606, 1.3357303142547607, 1.3328336477279663, 1.3258614540100098, 1.3141857385635376, 1.3018250465393066, 1.290336012840271, 1.277494192123413, 1.2660220861434937, 1.247323989868164], "accuracy": [0.24249917268753052, 0.27487117052078247, 0.2912026345729828, 0.35532331466674805, 0.37855303287506104, 0.3850357234477997, 0.38781997561454773, 0.3942611515522003, 0.396899938583374, 0.3979388177394867, 0.4022606313228607, 0.40298786759376526, 0.40658244490623474, 0.4196517765522003, 0.4415932595729828, 0.451732873916626, 0.4605635106563568, 0.46293216943740845, 0.46704620122909546, 0.4702044427394867, 0.47552359104156494, 0.477746844291687, 0.479907751083374, 0.483606219291687, 0.488073468208313, 0.4884682595729828, 0.49085772037506104, 0.4963846504688263, 0.496301531791687, 0.5010181069374084, 0.5045711398124695, 0.5079787373542786, 0.5100149512290955, 0.516746997833252, 0.5209857225418091, 0.5259931683540344, 0.5295462012290955, 0.5381274819374084, 0.545690655708313, 0.5498877763748169, 0.558385968208313, 0.5665101408958435, 0.5762134194374084], "val_loss": [13.125332832336426, 7.624188423156738, 5.431951999664307, 4.100480556488037, 3.224651575088501, 2.644224166870117, 2.2633309364318848, 1.9985344409942627, 1.8334521055221558, 1.7216496467590332, 1.648828387260437, 1.6042739152908325, 1.573337435722351, 1.507326364517212, 1.4744430780410767, 1.4589736461639404, 1.4502177238464355, 1.4442088603973389, 1.4377762079238892, 1.4365595579147339, 1.4326988458633423, 1.4240138530731201, 1.4245530366897583, 1.4291080236434937, 1.428911805152893, 1.429722547531128, 1.4340040683746338, 1.4377611875534058, 1.4316071271896362, 1.4264135360717773, 1.4233380556106567, 1.4287925958633423, 1.4218274354934692, 1.4268070459365845, 1.432740569114685, 1.4385071992874146, 1.441637396812439, 1.4417965412139893, 1.4490469694137573, 1.4561537504196167, 1.4606949090957642, 1.4730050563812256, 1.4944919347763062], "val_accuracy": [0.26961615681648254, 0.27921196818351746, 0.28719428181648254, 0.35580843687057495, 0.3821331560611725, 0.3930027186870575, 0.39096468687057495, 0.400390625, 0.39614468812942505, 0.40030571818351746, 0.40183424949645996, 0.40438178181648254, 0.40794837474823, 0.43520718812942505, 0.4468410313129425, 0.454228937625885, 0.45643681287765503, 0.45957881212234497, 0.46187159419059753, 0.46187159419059753, 0.46170178055763245, 0.46773096919059753, 0.46713656187057495, 0.4689198434352875, 0.4700237810611725, 0.47104281187057495, 0.46841031312942505, 0.46713656187057495, 0.46976903080940247, 0.47367528080940247, 0.47664740681648254, 0.47596806287765503, 0.4772418439388275, 0.47860053181648254, 0.4744395315647125, 0.47707200050354004, 0.4747792184352875, 0.4763926565647125, 0.4747792184352875, 0.473505437374115, 0.4739300310611725, 0.4713824689388275, 0.46841031312942505]}