{"loss": [41.18809127807617, 19.19803237915039, 11.819862365722656, 8.35268783569336, 6.215613842010498, 4.7444071769714355, 3.716047763824463, 2.999624013900757, 2.506054162979126, 2.1662800312042236, 1.9459574222564697, 1.7978061437606812, 1.696057677268982, 1.6309634447097778, 1.5879197120666504, 1.5592883825302124, 1.541536569595337, 1.5256736278533936, 1.5154608488082886, 1.504272222518921, 1.495982050895691, 1.491571307182312, 1.4868462085723877, 1.4792425632476807, 1.4734541177749634, 1.472607970237732, 1.4697484970092773, 1.4628682136535645, 1.4604644775390625, 1.4578700065612793, 1.4564721584320068, 1.451628565788269, 1.4477946758270264, 1.4449968338012695, 1.4414536952972412, 1.439781904220581, 1.4359629154205322, 1.4330288171768188, 1.4276880025863647, 1.4242682456970215, 1.4216701984405518, 1.4171407222747803, 1.414068579673767, 1.408875584602356, 1.401229977607727, 1.3967244625091553, 1.3895913362503052], "accuracy": [0.236421138048172, 0.2731817364692688, 0.3269391655921936, 0.3665829598903656, 0.3801153302192688, 0.3843238353729248, 0.3913457989692688, 0.3947870135307312, 0.3950892984867096, 0.3989490270614624, 0.3976702094078064, 0.4002278745174408, 0.4019949734210968, 0.4033668041229248, 0.4043666422367096, 0.4077613353729248, 0.4092494547367096, 0.4145972728729248, 0.4153645932674408, 0.419340580701828, 0.4227120578289032, 0.4224330484867096, 0.4265252947807312, 0.4271996021270752, 0.4308268129825592, 0.4319196343421936, 0.4338727593421936, 0.4371744692325592, 0.437313973903656, 0.4385928213596344, 0.439360111951828, 0.4416620135307312, 0.44384765625, 0.44482421875, 0.447660893201828, 0.4479166567325592, 0.4502650797367096, 0.4528459906578064, 0.4563336968421936, 0.4574730396270752, 0.4591006338596344, 0.462100088596344, 0.466796875, 0.4662853479385376, 0.4718889594078064, 0.475981205701828, 0.483003169298172], "val_loss": [25.925331115722656, 14.381109237670898, 9.798432350158691, 7.185736656188965, 5.418633460998535, 4.183976650238037, 3.3168880939483643, 2.72001314163208, 2.3130838871002197, 2.0407326221466064, 1.8641210794448853, 1.7517096996307373, 1.6646746397018433, 1.6112109422683716, 1.5782228708267212, 1.5587027072906494, 1.539644479751587, 1.5361390113830566, 1.530176043510437, 1.5090951919555664, 1.5029339790344238, 1.4985594749450684, 1.4927918910980225, 1.487472653388977, 1.4875272512435913, 1.4918384552001953, 1.48763108253479, 1.4755563735961914, 1.4761375188827515, 1.4769384860992432, 1.4791985750198364, 1.4813205003738403, 1.4804983139038086, 1.4787043333053589, 1.4746229648590088, 1.474784016609192, 1.471270203590393, 1.4732922315597534, 1.4806865453720093, 1.4810798168182373, 1.4836556911468506, 1.4834489822387695, 1.4884250164031982, 1.485565185546875, 1.4833788871765137, 1.4931325912475586, 1.5152496099472046], "val_accuracy": [0.2672061026096344, 0.283203125, 0.3362165093421936, 0.357235848903656, 0.373046875, 0.380673348903656, 0.3899739682674408, 0.3882068395614624, 0.394438236951828, 0.3962053656578064, 0.3938802182674408, 0.3932291567325592, 0.3976004421710968, 0.400297611951828, 0.4007626473903656, 0.4000186026096344, 0.4035528302192688, 0.402157723903656, 0.4029947817325592, 0.416015625, 0.41796875, 0.4191778302192688, 0.4193638265132904, 0.4228050708770752, 0.4214099645614624, 0.419735848903656, 0.4221540093421936, 0.4287574291229248, 0.4262462854385376, 0.427734375, 0.425688236951828, 0.4280133843421936, 0.4273623526096344, 0.429873526096344, 0.4308965802192688, 0.4312686026096344, 0.4320126473903656, 0.4319196343421936, 0.427920401096344, 0.4287574291229248, 0.4290364682674408, 0.427734375, 0.4306175708770752, 0.4313616156578064, 0.4326636791229248, 0.4293154776096344, 0.4207589328289032]}