{"loss": [41.105445861816406, 19.155183792114258, 11.849764823913574, 8.397907257080078, 6.2090163230896, 4.732929229736328, 3.703582763671875, 2.9861443042755127, 2.4956600666046143, 2.1618010997772217, 1.9372942447662354, 1.7889182567596436, 1.6915817260742188, 1.625988245010376, 1.5831718444824219, 1.5574718713760376, 1.5374311208724976, 1.5236413478851318, 1.5134168863296509, 1.5039600133895874, 1.4962371587753296, 1.4892446994781494, 1.4844274520874023, 1.4777979850769043, 1.4733831882476807, 1.4688297510147095, 1.46476149559021, 1.460662603378296, 1.4559773206710815, 1.4563367366790771, 1.4482436180114746, 1.4456408023834229, 1.4434661865234375, 1.43895423412323, 1.4380167722702026, 1.4341745376586914, 1.429175853729248, 1.4282150268554688, 1.426445722579956, 1.4206531047821045, 1.4160789251327515, 1.4117977619171143, 1.412878155708313, 1.4050201177597046, 1.398356556892395, 1.396112084388733, 1.389708161354065], "accuracy": [0.237258180975914, 0.26904296875, 0.2833193838596344, 0.3302873969078064, 0.3705589771270752, 0.3794642984867096, 0.387114018201828, 0.3926943838596344, 0.3939732015132904, 0.3975307047367096, 0.4004603922367096, 0.3998790979385376, 0.4018089771270752, 0.4046688973903656, 0.405180424451828, 0.4064127504825592, 0.4088309109210968, 0.4079241156578064, 0.4124813973903656, 0.4149228036403656, 0.4203869104385376, 0.4256649911403656, 0.4261532723903656, 0.4279901385307312, 0.4297339916229248, 0.4332217276096344, 0.4334309995174408, 0.43505859375, 0.4383370578289032, 0.4384533166885376, 0.443266361951828, 0.4461263120174408, 0.4458705484867096, 0.4497302770614624, 0.4483119547367096, 0.4494280219078064, 0.4536830484867096, 0.45263671875, 0.4550316333770752, 0.4574497640132904, 0.4623790979385376, 0.4638904333114624, 0.4638671875, 0.469819575548172, 0.4729120135307312, 0.4747721254825592, 0.4782598614692688], "val_loss": [25.858341217041016, 14.349440574645996, 9.812979698181152, 7.183887958526611, 5.404323577880859, 4.167949199676514, 3.300041675567627, 2.7112605571746826, 2.305708408355713, 2.0355184078216553, 1.8478949069976807, 1.7321374416351318, 1.6500861644744873, 1.6029436588287354, 1.5703589916229248, 1.5489033460617065, 1.5345340967178345, 1.525112509727478, 1.518871545791626, 1.5166451930999756, 1.515480875968933, 1.5025300979614258, 1.4939614534378052, 1.4837106466293335, 1.4828169345855713, 1.4770480394363403, 1.4752824306488037, 1.474315881729126, 1.4729646444320679, 1.4702813625335693, 1.4693328142166138, 1.4692188501358032, 1.4727811813354492, 1.4692319631576538, 1.4725691080093384, 1.4703962802886963, 1.4679875373840332, 1.4757018089294434, 1.4705408811569214, 1.4782147407531738, 1.4800398349761963, 1.4827158451080322, 1.484946370124817, 1.487768530845642, 1.4800935983657837, 1.478878378868103, 1.4860925674438477], "val_accuracy": [0.269717276096344, 0.2845052182674408, 0.2914806604385376, 0.3461681604385376, 0.374906986951828, 0.3803013265132904, 0.3902529776096344, 0.3877418041229248, 0.390718013048172, 0.3901599645614624, 0.3967633843421936, 0.3968563973903656, 0.398251473903656, 0.3990885317325592, 0.400576651096344, 0.3991815447807312, 0.4036458432674408, 0.4032738208770752, 0.4058779776096344, 0.4037388265132904, 0.4057849645614624, 0.4146205484867096, 0.4193638265132904, 0.4224330484867096, 0.423642098903656, 0.4229910671710968, 0.4241071343421936, 0.4273623526096344, 0.4263392984867096, 0.4288504421710968, 0.4281994104385376, 0.4323846697807312, 0.4299665093421936, 0.431547611951828, 0.4313616156578064, 0.4331287145614624, 0.435360848903656, 0.4313616156578064, 0.433686763048172, 0.4312686026096344, 0.4302455484867096, 0.4293154776096344, 0.4309895932674408, 0.431454598903656, 0.433500736951828, 0.4379650354385376, 0.4343377947807312]}