{"loss": [12.31444263458252, 6.663758277893066, 4.505300998687744, 3.4440505504608154, 2.869948387145996, 2.4910192489624023, 2.2295961380004883, 2.0460402965545654, 1.9154653549194336, 1.8223481178283691, 1.7531392574310303, 1.702629566192627, 1.6657606363296509, 1.6335452795028687, 1.6126420497894287, 1.59481680393219, 1.580610752105713, 1.5681499242782593, 1.5585126876831055, 1.5513708591461182, 1.5438824892044067, 1.5374631881713867, 1.5284353494644165, 1.5218905210494995, 1.5168427228927612, 1.5140984058380127, 1.5060395002365112, 1.5002168416976929, 1.4953652620315552, 1.4865162372589111, 1.4802662134170532], "accuracy": [0.19594785571098328, 0.20851373672485352, 0.2219032347202301, 0.28522685170173645, 0.2965926229953766, 0.3048287034034729, 0.3145943284034729, 0.31948888301849365, 0.3265013098716736, 0.3315370976924896, 0.3386671543121338, 0.3506447672843933, 0.3577042520046234, 0.3695642054080963, 0.37445876002311707, 0.38288310170173645, 0.3874717652797699, 0.39293110370635986, 0.3966490924358368, 0.400390625, 0.40643826127052307, 0.4074971675872803, 0.41535672545433044, 0.4184629023075104, 0.4217102825641632, 0.4264166057109833, 0.43145236372947693, 0.4322759807109833, 0.4379706382751465, 0.4457360804080963, 0.4483010172843933], "val_loss": [8.559076309204102, 5.264073848724365, 3.920320987701416, 3.179187774658203, 2.709507465362549, 2.3794524669647217, 2.1370949745178223, 1.9687789678573608, 1.8608518838882446, 1.7791303396224976, 1.7200727462768555, 1.6756365299224854, 1.6446115970611572, 1.6245189905166626, 1.6162745952606201, 1.6006120443344116, 1.5950548648834229, 1.5949265956878662, 1.5847707986831665, 1.5787708759307861, 1.568113088607788, 1.5683810710906982, 1.5748859643936157, 1.5720959901809692, 1.576206922531128, 1.5768009424209595, 1.5736976861953735, 1.583909511566162, 1.5846891403198242, 1.5823259353637695, 1.5941282510757446], "val_accuracy": [0.21035155653953552, 0.21259765326976776, 0.228515625, 0.24677734076976776, 0.27734375, 0.2948242127895355, 0.31328123807907104, 0.33154296875, 0.3326171934604645, 0.34062498807907104, 0.34941405057907104, 0.35673826932907104, 0.36845701932907104, 0.3709960877895355, 0.3690429627895355, 0.3744140565395355, 0.3778320252895355, 0.3729492127895355, 0.37910157442092896, 0.38349610567092896, 0.38984376192092896, 0.392578125, 0.3868164122104645, 0.38916015625, 0.3828125, 0.38554686307907104, 0.3929687440395355, 0.38691407442092896, 0.3885742127895355, 0.39208984375, 0.3837890625]}