{"loss": [31.335796356201172, 23.289627075195312, 17.33837127685547, 12.931208610534668, 9.675701141357422, 7.290334701538086, 5.558935165405273, 4.318531036376953, 3.442589044570923, 2.830967664718628, 2.410001277923584, 2.12465500831604, 1.934306263923645, 1.8094896078109741, 1.7291700839996338, 1.6768304109573364, 1.6421105861663818, 1.6213983297348022, 1.6071584224700928, 1.5989631414413452, 1.5934759378433228, 1.5894612073898315, 1.5850812196731567, 1.5832431316375732, 1.5801405906677246, 1.5786617994308472, 1.5783939361572266, 1.575514793395996, 1.5737543106079102, 1.5730804204940796, 1.5720181465148926, 1.5683692693710327, 1.5678974390029907, 1.5672457218170166, 1.5647281408309937, 1.562469244003296, 1.5612298250198364, 1.560797095298767, 1.5590704679489136, 1.5569533109664917, 1.5554181337356567, 1.5544805526733398, 1.5523617267608643, 1.5506353378295898, 1.5500887632369995, 1.548500895500183, 1.546563982963562, 1.544638752937317, 1.5443514585494995, 1.5434420108795166, 1.5412609577178955], "accuracy": [0.2282097190618515, 0.30052241683006287, 0.3239363729953766, 0.33346667885780334, 0.33570218086242676, 0.33633753657341003, 0.338502436876297, 0.34085559844970703, 0.3395143151283264, 0.34153804183006287, 0.3428322672843933, 0.3441735804080963, 0.34353822469711304, 0.345703125, 0.3469502925872803, 0.3469032347202301, 0.34892696142196655, 0.3482445478439331, 0.35130366683006287, 0.35040944814682007, 0.3523155152797699, 0.35236257314682007, 0.35417452454566956, 0.3560570478439331, 0.3569982945919037, 0.35737481713294983, 0.3563394248485565, 0.35913968086242676, 0.35836315155029297, 0.36048099398612976, 0.36226940155029297, 0.3643637001514435, 0.36368128657341003, 0.3646460771560669, 0.3652579188346863, 0.36650508642196655, 0.36801111698150635, 0.36697572469711304, 0.3685758709907532, 0.36968186497688293, 0.3698465824127197, 0.37128201127052307, 0.3739410638809204, 0.373658686876297, 0.3745293617248535, 0.37580007314682007, 0.37690606713294983, 0.3783179521560669, 0.37805911898612976, 0.38060054183006287, 0.37991809844970703], "val_loss": [26.931995391845703, 20.04985809326172, 14.932148933410645, 11.137455940246582, 8.343360900878906, 6.310268402099609, 4.848204612731934, 3.8100242614746094, 3.081559658050537, 2.5779714584350586, 2.2354092597961426, 2.0049350261688232, 1.8527860641479492, 1.7534875869750977, 1.689684271812439, 1.6490726470947266, 1.621781349182129, 1.60585618019104, 1.5951659679412842, 1.588179349899292, 1.5841755867004395, 1.5806745290756226, 1.5776140689849854, 1.5756683349609375, 1.5748721361160278, 1.573466420173645, 1.5726863145828247, 1.5720025300979614, 1.5720975399017334, 1.5713832378387451, 1.5704286098480225, 1.5700896978378296, 1.5692065954208374, 1.5678131580352783, 1.5673531293869019, 1.5664914846420288, 1.5661945343017578, 1.5652782917022705, 1.5647006034851074, 1.564121961593628, 1.5634046792984009, 1.5636212825775146, 1.5638576745986938, 1.5640008449554443, 1.5637785196304321, 1.5639188289642334, 1.5638270378112793, 1.5643393993377686, 1.5642718076705933, 1.5646365880966187, 1.5648696422576904], "val_accuracy": [0.21523436903953552, 0.27490234375, 0.3115234375, 0.33544921875, 0.34687501192092896, 0.35009765625, 0.3525390625, 0.3525390625, 0.35205078125, 0.353515625, 0.3529296815395355, 0.35322266817092896, 0.35498046875, 0.35468751192092896, 0.3570312559604645, 0.3575195372104645, 0.3607421815395355, 0.36064451932907104, 0.3612304627895355, 0.3633789122104645, 0.3623046875, 0.36279296875, 0.3631835877895355, 0.3636718690395355, 0.36357420682907104, 0.36572265625, 0.3661132752895355, 0.3656249940395355, 0.36279296875, 0.3641601502895355, 0.36474609375, 0.36259764432907104, 0.3656249940395355, 0.36542969942092896, 0.3643554747104645, 0.3642578125, 0.3646484315395355, 0.36474609375, 0.3662109375, 0.3667968809604645, 0.36601561307907104, 0.36640626192092896, 0.3666015565395355, 0.36650389432907104, 0.36669921875, 0.36748045682907104, 0.3670898377895355, 0.36455076932907104, 0.36650389432907104, 0.3662109375, 0.3646484315395355]}