{"loss": [40.79596710205078, 18.98668670654297, 11.739571571350098, 8.38375473022461, 6.285645961761475, 4.83043098449707, 3.808600664138794, 3.0922579765319824, 2.597520589828491, 2.260500907897949, 2.0333759784698486, 1.883139729499817, 1.7851146459579468, 1.7206153869628906, 1.6790170669555664, 1.6528873443603516, 1.635721206665039, 1.6243914365768433, 1.616329312324524, 1.6107782125473022, 1.6073687076568604, 1.6049292087554932, 1.602688193321228, 1.6009202003479004, 1.5985751152038574, 1.5968440771102905, 1.5959086418151855, 1.5942522287368774, 1.5943228006362915, 1.5926815271377563, 1.5920331478118896, 1.5912312269210815, 1.5903204679489136, 1.589630126953125, 1.5891824960708618, 1.5883700847625732, 1.5889495611190796, 1.5880126953125, 1.5870178937911987, 1.5866520404815674, 1.5869560241699219, 1.586014747619629, 1.5855216979980469, 1.5840504169464111, 1.585099697113037, 1.5834214687347412, 1.583164095878601, 1.5838029384613037, 1.5835649967193604, 1.5837055444717407, 1.5821549892425537, 1.5830148458480835, 1.5815578699111938, 1.5823489427566528, 1.5814229249954224, 1.5806959867477417], "accuracy": [0.29816922545433044, 0.3198889195919037, 0.3284544348716736, 0.33047816157341003, 0.3347373902797699, 0.3353021442890167, 0.3342667520046234, 0.3354433476924896, 0.33749058842658997, 0.33767884969711304, 0.33829066157341003, 0.33984375, 0.33890247344970703, 0.3373023271560669, 0.3394201695919037, 0.33904367685317993, 0.34085559844970703, 0.3404085040092468, 0.34066736698150635, 0.34007906913757324, 0.3413262367248535, 0.33902013301849365, 0.34273815155029297, 0.34174981713294983, 0.3412085771560669, 0.34349116683006287, 0.34323230385780334, 0.3434440791606903, 0.3431146442890167, 0.3449971675872803, 0.3444559574127197, 0.34365588426589966, 0.3451148271560669, 0.3453736901283264, 0.3446441888809204, 0.3448324501514435, 0.34370294213294983, 0.3439147174358368, 0.34502071142196655, 0.34664440155029297, 0.34593844413757324, 0.34490305185317993, 0.3465973138809204, 0.34669145941734314, 0.346314936876297, 0.34685617685317993, 0.3457266688346863, 0.34683263301849365, 0.34730327129364014, 0.3473503291606903, 0.34833866357803345, 0.34831514954566956, 0.34862104058265686, 0.3482445478439331, 0.34850338101387024, 0.34850338101387024], "val_loss": [25.73541831970215, 14.277674674987793, 9.757413864135742, 7.187888145446777, 5.4532623291015625, 4.234295845031738, 3.384006977081299, 2.792120933532715, 2.385636806488037, 2.111851215362549, 1.9297285079956055, 1.8092454671859741, 1.7300857305526733, 1.6796855926513672, 1.6474387645721436, 1.6260077953338623, 1.6128005981445312, 1.603907585144043, 1.5972540378570557, 1.5934642553329468, 1.5914084911346436, 1.5887603759765625, 1.5869779586791992, 1.5856738090515137, 1.5837459564208984, 1.5828611850738525, 1.5827770233154297, 1.580771803855896, 1.5815412998199463, 1.5800645351409912, 1.5786030292510986, 1.5785945653915405, 1.5774627923965454, 1.5772143602371216, 1.5781340599060059, 1.577073335647583, 1.577304720878601, 1.5762901306152344, 1.576096773147583, 1.5755488872528076, 1.5762903690338135, 1.5750329494476318, 1.5748966932296753, 1.5737006664276123, 1.5745404958724976, 1.572327971458435, 1.5741963386535645, 1.5736157894134521, 1.5736804008483887, 1.5742628574371338, 1.5739375352859497, 1.5728797912597656, 1.5728223323822021, 1.572479009628296, 1.573244333267212, 1.5728033781051636], "val_accuracy": [0.2738281190395355, 0.30859375, 0.3335937559604645, 0.3466796875, 0.3472656309604645, 0.34765625, 0.34843748807907104, 0.34843748807907104, 0.34980469942092896, 0.35029298067092896, 0.3511718809604645, 0.349609375, 0.35273438692092896, 0.3516601622104645, 0.35234373807907104, 0.35234373807907104, 0.35283201932907104, 0.35224610567092896, 0.3539062440395355, 0.3525390625, 0.35078126192092896, 0.35283201932907104, 0.35234373807907104, 0.3514648377895355, 0.3524414002895355, 0.35087889432907104, 0.35273438692092896, 0.35107421875, 0.3524414002895355, 0.3506835997104645, 0.3529296815395355, 0.3509765565395355, 0.3524414002895355, 0.35126954317092896, 0.35205078125, 0.353515625, 0.3539062440395355, 0.3534179627895355, 0.3541015684604645, 0.35468751192092896, 0.35478514432907104, 0.35429686307907104, 0.35380858182907104, 0.3544921875, 0.3529296815395355, 0.35478514432907104, 0.35478514432907104, 0.35429686307907104, 0.35478514432907104, 0.35371094942092896, 0.35468751192092896, 0.35595703125, 0.353515625, 0.35419923067092896, 0.3558593690395355, 0.35595703125]}