{"loss": [41.24508285522461, 19.24683380126953, 11.864530563354492, 8.380090713500977, 6.231807231903076, 4.757920742034912, 3.724208354949951, 3.004114866256714, 2.5066566467285156, 2.1687557697296143, 1.94266676902771, 1.7883588075637817, 1.6898012161254883, 1.6250406503677368, 1.5808699131011963, 1.5428528785705566, 1.491663932800293, 1.4698423147201538, 1.4530436992645264, 1.4393590688705444, 1.4268076419830322, 1.419968843460083, 1.4124250411987305, 1.4056576490402222, 1.4026809930801392, 1.3933112621307373, 1.388727068901062, 1.3843790292739868, 1.3803926706314087, 1.3723676204681396, 1.3667070865631104, 1.3671144247055054, 1.3599753379821777, 1.3556922674179077, 1.3491647243499756, 1.3466475009918213, 1.3411052227020264, 1.3392572402954102, 1.3302463293075562, 1.3235447406768799, 1.3170623779296875, 1.3107876777648926], "accuracy": [0.2418852299451828, 0.2719494104385376, 0.309663325548172, 0.3638857901096344, 0.3782552182674408, 0.386532723903656, 0.3888811469078064, 0.3930431604385376, 0.3961123526096344, 0.3957868218421936, 0.4001116156578064, 0.401460200548172, 0.4030413031578064, 0.4050409197807312, 0.4089239239692688, 0.4186197817325592, 0.4411272406578064, 0.4487072229385376, 0.453706294298172, 0.4625186026096344, 0.46728515625, 0.4706566333770752, 0.4728887677192688, 0.476655513048172, 0.4794456958770752, 0.4831194281578064, 0.4836309552192688, 0.4891415536403656, 0.4903041422367096, 0.4957682192325592, 0.498442143201828, 0.4958379864692688, 0.4998604953289032, 0.5034644603729248, 0.5096028447151184, 0.5078125, 0.510858416557312, 0.511904776096344, 0.518252432346344, 0.5251581072807312, 0.5265764594078064, 0.5310174822807312], "val_loss": [25.989858627319336, 14.417116165161133, 9.882146835327148, 7.211050033569336, 5.438344478607178, 4.1928911209106445, 3.3209774494171143, 2.722565174102783, 2.3124828338623047, 2.041349411010742, 1.860992670059204, 1.7387293577194214, 1.6623033285140991, 1.6131511926651, 1.5762783288955688, 1.507681965827942, 1.4850181341171265, 1.4646987915039062, 1.451570749282837, 1.450049638748169, 1.4268702268600464, 1.4219324588775635, 1.4171185493469238, 1.4116216897964478, 1.4096426963806152, 1.4058101177215576, 1.40232515335083, 1.399700403213501, 1.397273302078247, 1.3986564874649048, 1.3990761041641235, 1.3950127363204956, 1.3973363637924194, 1.398630976676941, 1.3994859457015991, 1.403633713722229, 1.4001150131225586, 1.4030274152755737, 1.400175929069519, 1.41362726688385, 1.415606141090393, 1.4150606393814087], "val_accuracy": [0.2723214328289032, 0.2805059552192688, 0.2722284197807312, 0.3515625, 0.3772321343421936, 0.3854166567325592, 0.3929501473903656, 0.3958333432674408, 0.3949032723903656, 0.394438236951828, 0.3951822817325592, 0.3960193395614624, 0.3976004421710968, 0.3967633843421936, 0.3995535671710968, 0.4332217276096344, 0.4385230541229248, 0.4462425708770752, 0.4522879421710968, 0.4547991156578064, 0.4642857015132904, 0.466796875, 0.4693080484867096, 0.4729352593421936, 0.4737723171710968, 0.474609375, 0.4791666567325592, 0.4796316921710968, 0.482328861951828, 0.4815848171710968, 0.4815848171710968, 0.4813988208770752, 0.478515625, 0.4812127947807312, 0.4832589328289032, 0.4794456958770752, 0.4794456958770752, 0.4789806604385376, 0.4834449291229248, 0.4787946343421936, 0.478422611951828, 0.4820498526096344]}