{"loss": [3.521517276763916, 0.9407083988189697, 0.8450247049331665, 0.828702449798584, 0.8188579082489014, 0.8101474642753601, 0.8033062219619751, 0.7975927591323853, 0.7942432165145874, 0.7902858257293701, 0.7879247665405273, 0.7847815752029419, 0.7823320627212524, 0.7800734639167786, 0.7780882716178894, 0.7761325836181641, 0.7740604877471924, 0.7724074721336365, 0.7702308893203735, 0.7686986327171326, 0.7670741081237793, 0.765213668346405, 0.7634507417678833, 0.7609472274780273, 0.7597712278366089, 0.7576603293418884, 0.755698561668396, 0.7535380721092224, 0.7513719797134399, 0.7487764954566956, 0.7469586730003357, 0.7455637454986572, 0.7432301044464111], "accuracy": [0.6021813154220581, 0.648617684841156, 0.6540018320083618, 0.6587201356887817, 0.6634384393692017, 0.6682742238044739, 0.6720629930496216, 0.6745879650115967, 0.675961434841156, 0.6787892580032349, 0.6795961260795593, 0.6812620162963867, 0.6822620630264282, 0.6836041808128357, 0.6848183870315552, 0.6860194802284241, 0.6873093843460083, 0.6878551244735718, 0.6892468333244324, 0.6899936199188232, 0.6912052035331726, 0.6925316452980042, 0.6936283111572266, 0.6953960657119751, 0.6956989765167236, 0.6977930665016174, 0.6985712051391602, 0.7000046968460083, 0.7028691172599792, 0.7043992280960083, 0.7055507302284241, 0.7075665593147278, 0.7092193961143494], "val_loss": [1.136833667755127, 0.8484715819358826, 0.819536030292511, 0.8079360127449036, 0.8022937178611755, 0.7944191694259644, 0.7902049422264099, 0.7869030237197876, 0.7869278788566589, 0.7789319753646851, 0.7792800664901733, 0.775752604007721, 0.7773149609565735, 0.7765953540802002, 0.7748658061027527, 0.772270679473877, 0.7722610235214233, 0.7772982716560364, 0.7719430923461914, 0.7693068385124207, 0.7687097191810608, 0.7716936469078064, 0.768278181552887, 0.7702915668487549, 0.7697507739067078, 0.7712405323982239, 0.7707369327545166, 0.7701653242111206, 0.7761080861091614, 0.7743881940841675, 0.7795318961143494, 0.7754884362220764, 0.7784364819526672], "val_accuracy": [0.6467977166175842, 0.6565424203872681, 0.6633836030960083, 0.6678016185760498, 0.6706321239471436, 0.674235463142395, 0.6770136952400208, 0.6790295243263245, 0.6781730651855469, 0.6831341981887817, 0.6820375323295593, 0.6844919919967651, 0.6826746463775635, 0.6819748282432556, 0.6834893226623535, 0.6847635507583618, 0.684878408908844, 0.6803246140480042, 0.6840846538543701, 0.6857870817184448, 0.6856408715248108, 0.6840324401855469, 0.687646210193634, 0.684471070766449, 0.6855886578559875, 0.6851813197135925, 0.6858915686607361, 0.6868211030960083, 0.683040201663971, 0.6851081848144531, 0.6816824078559875, 0.6845442056655884, 0.6832386255264282]}