{"loss": [12.924318313598633, 8.96519947052002, 6.287160873413086, 4.5932111740112305, 3.5292582511901855, 2.8557045459747314, 2.424970865249634, 2.1487059593200684, 1.9708598852157593, 1.8525397777557373, 1.774017095565796, 1.7195954322814941, 1.6812336444854736, 1.6567946672439575, 1.635956883430481, 1.621179223060608, 1.609581470489502, 1.5993176698684692, 1.5911865234375, 1.5806437730789185, 1.5734622478485107, 1.5647237300872803, 1.5563536882400513, 1.5494476556777954, 1.5396957397460938, 1.5301684141159058, 1.5197839736938477, 1.5059053897857666, 1.494075894355774, 1.4792671203613281, 1.4645568132400513], "accuracy": [0.19917169213294983, 0.20921969413757324, 0.2585419714450836, 0.279908686876297, 0.2890860438346863, 0.2926863729953766, 0.3009224534034729, 0.3022637367248535, 0.3090879023075104, 0.31049981713294983, 0.31405308842658997, 0.32306569814682007, 0.330078125, 0.32970163226127625, 0.33629047870635986, 0.3386200964450836, 0.34262049198150635, 0.3464090824127197, 0.35238611698150635, 0.35824549198150635, 0.36106929183006287, 0.36455196142196655, 0.37090548872947693, 0.37372928857803345, 0.3832360804080963, 0.38676580786705017, 0.3957078456878662, 0.4059205651283264, 0.41128575801849365, 0.41909825801849365, 0.431028813123703], "val_loss": [10.665115356445312, 7.457273960113525, 5.324687957763672, 3.989548921585083, 3.1394431591033936, 2.600207567214966, 2.258012056350708, 2.0418691635131836, 1.8990659713745117, 1.8037681579589844, 1.7411495447158813, 1.6995521783828735, 1.6711137294769287, 1.6529687643051147, 1.6387386322021484, 1.6287882328033447, 1.6210110187530518, 1.6173465251922607, 1.611945390701294, 1.607529878616333, 1.6062116622924805, 1.61004638671875, 1.6124576330184937, 1.6188623905181885, 1.6176738739013672, 1.6295830011367798, 1.6294962167739868, 1.63166081905365, 1.6403939723968506, 1.6566007137298584, 1.671929955482483], "val_accuracy": [0.2158203125, 0.22373047471046448, 0.27900391817092896, 0.2943359315395355, 0.29912108182907104, 0.3008789122104645, 0.3036132752895355, 0.306640625, 0.31181639432907104, 0.32294923067092896, 0.32568359375, 0.32929688692092896, 0.3319335877895355, 0.32988280057907104, 0.3319335877895355, 0.3375000059604645, 0.33837890625, 0.3407226502895355, 0.3460937440395355, 0.34638673067092896, 0.34746092557907104, 0.34003907442092896, 0.34521484375, 0.34375, 0.3462890684604645, 0.3423828184604645, 0.3409179747104645, 0.3426757752895355, 0.34296876192092896, 0.3426757752895355, 0.3399414122104645]}