{"loss": [31.316221237182617, 23.292068481445312, 17.3577938079834, 12.951310157775879, 9.694868087768555, 7.3065104484558105, 5.572381973266602, 4.330094814300537, 3.451634407043457, 2.838111639022827, 2.414763927459717, 2.1299991607666016, 1.9387928247451782, 1.8132286071777344, 1.7327907085418701, 1.6791541576385498, 1.6467994451522827, 1.6259725093841553, 1.612725853919983, 1.6036417484283447, 1.5974540710449219, 1.595202922821045, 1.5917025804519653, 1.5895212888717651, 1.58866548538208, 1.5871670246124268, 1.5853034257888794, 1.584530234336853, 1.583889365196228, 1.5831546783447266, 1.5828412771224976, 1.5817499160766602, 1.5802782773971558, 1.5805145502090454, 1.5791302919387817, 1.579052448272705, 1.5789231061935425, 1.5775964260101318, 1.576250433921814, 1.5774462223052979, 1.5756789445877075, 1.5751556158065796, 1.574156403541565, 1.5743478536605835, 1.573790192604065, 1.5728111267089844, 1.5721819400787354, 1.5709059238433838, 1.5718839168548584, 1.5700764656066895, 1.5700982809066772, 1.5686886310577393, 1.568638801574707, 1.5682220458984375, 1.5675245523452759, 1.5665476322174072, 1.5667250156402588, 1.5655370950698853, 1.5657271146774292, 1.563581943511963, 1.5634273290634155, 1.5626362562179565, 1.5621005296707153, 1.5612664222717285, 1.5624278783798218, 1.5599822998046875, 1.5592772960662842, 1.5592145919799805], "accuracy": [0.23668110370635986, 0.3012283444404602, 0.3214890956878662, 0.33118411898612976, 0.33316075801849365, 0.33421969413757324, 0.33770236372947693, 0.3395613729953766, 0.33854952454566956, 0.3409026861190796, 0.34007906913757324, 0.34219691157341003, 0.3427146077156067, 0.3421263098716736, 0.34219691157341003, 0.34309110045433044, 0.3434440791606903, 0.341796875, 0.3430440425872803, 0.3437264561653137, 0.34457361698150635, 0.3443382978439331, 0.34393826127052307, 0.3458443284034729, 0.34636202454566956, 0.34551486372947693, 0.34610316157341003, 0.34415003657341003, 0.347044438123703, 0.34789156913757324, 0.34680911898612976, 0.34876224398612976, 0.34652674198150635, 0.3471856117248535, 0.3470679521560669, 0.34697383642196655, 0.3487387001514435, 0.34935054183006287, 0.3498917520046234, 0.34800922870635986, 0.3487151861190796, 0.3491387367248535, 0.3491387367248535, 0.3495858311653137, 0.34923288226127625, 0.3495858311653137, 0.3520566523075104, 0.35297438502311707, 0.35193899273872375, 0.3529273271560669, 0.3521507978439331, 0.35252729058265686, 0.35182133316993713, 0.3531861901283264, 0.3529508709907532, 0.35495105385780334, 0.35377445816993713, 0.35450395941734314, 0.35556286573410034, 0.3548804521560669, 0.3560570478439331, 0.3542215824127197, 0.35751599073410034, 0.3556334674358368, 0.3565512001514435, 0.3575865924358368, 0.35838666558265686, 0.3586690425872803], "val_loss": [26.922199249267578, 20.059335708618164, 14.949951171875, 11.15512752532959, 8.359989166259766, 6.325196266174316, 4.860316276550293, 3.8194332122802734, 3.0888311862945557, 2.5831613540649414, 2.238461971282959, 2.008054494857788, 1.8554449081420898, 1.7550990581512451, 1.6912723779678345, 1.650062918663025, 1.6253654956817627, 1.6087909936904907, 1.5985649824142456, 1.592942476272583, 1.588457703590393, 1.5854460000991821, 1.5843313932418823, 1.582387089729309, 1.5820834636688232, 1.580456018447876, 1.5796252489089966, 1.578802227973938, 1.5780789852142334, 1.578031301498413, 1.5771844387054443, 1.5769550800323486, 1.5765864849090576, 1.5760862827301025, 1.5761373043060303, 1.5756391286849976, 1.5764139890670776, 1.5754555463790894, 1.5748709440231323, 1.5751290321350098, 1.574587106704712, 1.5752902030944824, 1.5752023458480835, 1.5745378732681274, 1.5743569135665894, 1.5746376514434814, 1.5744578838348389, 1.5735435485839844, 1.5736219882965088, 1.5730348825454712, 1.5743272304534912, 1.5730912685394287, 1.5740149021148682, 1.5730654001235962, 1.5737801790237427, 1.573689341545105, 1.5730249881744385, 1.572607159614563, 1.5732214450836182, 1.5735752582550049, 1.5734071731567383, 1.5745770931243896, 1.5742768049240112, 1.5744731426239014, 1.5742357969284058, 1.5744484663009644, 1.5743014812469482, 1.5749056339263916], "val_accuracy": [0.22050781548023224, 0.2823242247104645, 0.31718748807907104, 0.33574217557907104, 0.34521484375, 0.34931641817092896, 0.3490234315395355, 0.34980469942092896, 0.35078126192092896, 0.35078126192092896, 0.35126954317092896, 0.34980469942092896, 0.3501953184604645, 0.35087889432907104, 0.3505859375, 0.3499999940395355, 0.3511718809604645, 0.3499999940395355, 0.3506835997104645, 0.35126954317092896, 0.3515625, 0.35205078125, 0.35283201932907104, 0.35205078125, 0.3504882752895355, 0.3521484434604645, 0.35185545682907104, 0.35234373807907104, 0.3516601622104645, 0.35332030057907104, 0.3524414002895355, 0.3539062440395355, 0.3526367247104645, 0.3529296815395355, 0.3534179627895355, 0.3519531190395355, 0.3529296815395355, 0.35322266817092896, 0.3529296815395355, 0.35283201932907104, 0.35273438692092896, 0.3525390625, 0.3524414002895355, 0.3539062440395355, 0.3525390625, 0.35380858182907104, 0.35175782442092896, 0.35371094942092896, 0.3525390625, 0.3524414002895355, 0.3515625, 0.3515625, 0.3521484434604645, 0.3529296815395355, 0.3511718809604645, 0.3509765565395355, 0.35224610567092896, 0.35322266817092896, 0.35400390625, 0.3515625, 0.35224610567092896, 0.3506835997104645, 0.3525390625, 0.35205078125, 0.3534179627895355, 0.35371094942092896, 0.3541015684604645, 0.35322266817092896]}