{"loss": [11.914512634277344, 6.486725330352783, 4.4995293617248535, 3.563032865524292, 2.994006872177124, 2.605311632156372, 2.3310117721557617, 2.1348776817321777, 1.9954454898834229, 1.8953033685684204, 1.8255348205566406, 1.7762396335601807, 1.7403703927993774, 1.7162690162658691, 1.699367880821228, 1.6862287521362305, 1.6777061223983765, 1.67074453830719, 1.665169596672058, 1.6617553234100342, 1.6597553491592407, 1.6562879085540771, 1.6537766456604004, 1.6531445980072021, 1.6503214836120605, 1.649957537651062, 1.6489444971084595, 1.647395133972168, 1.6474320888519287, 1.6457927227020264, 1.645361304283142, 1.6449697017669678, 1.644753098487854, 1.6432960033416748, 1.642635464668274, 1.642885684967041, 1.642215371131897, 1.641975998878479, 1.6408345699310303, 1.6417216062545776, 1.6390726566314697, 1.639805793762207, 1.6390947103500366, 1.6388487815856934, 1.6379668712615967, 1.6387097835540771, 1.6382083892822266, 1.6382293701171875], "accuracy": [0.24630554020404816, 0.26915475726127625, 0.27729669213294983, 0.2843797206878662, 0.28525036573410034, 0.28958019614219666, 0.29230985045433044, 0.29198041558265686, 0.2908979654312134, 0.2926863729953766, 0.29708677530288696, 0.29786333441734314, 0.29668673872947693, 0.29725149273872375, 0.2977691888809204, 0.29666322469711304, 0.30118128657341003, 0.3003341555595398, 0.3004988729953766, 0.2991105020046234, 0.3019578456878662, 0.2976044714450836, 0.3018637001514435, 0.30118128657341003, 0.30082830786705017, 0.30247554183006287, 0.303346186876297, 0.30341678857803345, 0.30191075801849365, 0.3050169348716736, 0.3043580651283264, 0.30386388301849365, 0.30388742685317993, 0.30459338426589966, 0.3051581382751465, 0.3061699867248535, 0.30567583441734314, 0.3050169348716736, 0.3058640956878662, 0.3084525465965271, 0.3075112998485565, 0.3081701695919037, 0.30758190155029297, 0.3106880784034729, 0.30840548872947693, 0.30944088101387024, 0.31165286898612976, 0.30894672870635986], "val_loss": [8.222261428833008, 5.175324440002441, 3.916996717453003, 3.216219425201416, 2.757718801498413, 2.43369460105896, 2.203911781311035, 2.0409481525421143, 1.9244645833969116, 1.8418813943862915, 1.7836929559707642, 1.744148850440979, 1.7157046794891357, 1.6954206228256226, 1.6821311712265015, 1.6711753606796265, 1.6644207239151, 1.6583006381988525, 1.6543792486190796, 1.6507470607757568, 1.650191307067871, 1.6474101543426514, 1.6458021402359009, 1.6449806690216064, 1.6426903009414673, 1.6419203281402588, 1.6408977508544922, 1.6415830850601196, 1.6402174234390259, 1.6391575336456299, 1.6408090591430664, 1.6397018432617188, 1.6389061212539673, 1.6398401260375977, 1.6397488117218018, 1.6385151147842407, 1.6387265920639038, 1.6382204294204712, 1.6392805576324463, 1.6389089822769165, 1.6396596431732178, 1.6392314434051514, 1.6395184993743896, 1.641308069229126, 1.640807867050171, 1.6405088901519775, 1.640758752822876, 1.6417497396469116], "val_accuracy": [0.28447264432907104, 0.2948242127895355, 0.29619139432907104, 0.30205076932907104, 0.30048829317092896, 0.30195313692092896, 0.3033203184604645, 0.3037109375, 0.30302733182907104, 0.3036132752895355, 0.3067382872104645, 0.30537110567092896, 0.302734375, 0.30488282442092896, 0.30439454317092896, 0.30517578125, 0.3031249940395355, 0.3050781190395355, 0.3057617247104645, 0.30537110567092896, 0.30585938692092896, 0.3070312440395355, 0.30742186307907104, 0.3089843690395355, 0.3080078065395355, 0.3089843690395355, 0.30878907442092896, 0.31035155057907104, 0.3106445372104645, 0.3086914122104645, 0.30986326932907104, 0.30908203125, 0.310546875, 0.30683594942092896, 0.3106445372104645, 0.3091796934604645, 0.3080078065395355, 0.30839842557907104, 0.30927735567092896, 0.3091796934604645, 0.3086914122104645, 0.3084960877895355, 0.31025391817092896, 0.31074219942092896, 0.30781251192092896, 0.31035155057907104, 0.30742186307907104, 0.30888670682907104]}