{"loss": [12.935914993286133, 7.6904802322387695, 5.054032802581787, 3.721909761428833, 2.902820348739624, 2.4614176750183105, 2.176738977432251, 1.9796878099441528, 1.8451372385025024, 1.7333102226257324, 1.6556683778762817, 1.5959421396255493, 1.5506025552749634, 1.5113619565963745, 1.482459545135498, 1.4531701803207397, 1.443215012550354, 1.4152038097381592, 1.4036972522735596, 1.3673784732818604, 1.3283549547195435, 1.2881929874420166, 1.2465341091156006, 1.2074394226074219, 1.197278618812561, 1.2030630111694336, 1.1465363502502441], "accuracy": [0.19853633642196655, 0.20486633479595184, 0.20985504984855652, 0.22067959606647491, 0.2878388464450836, 0.3126176595687866, 0.3324548304080963, 0.3481033444404602, 0.36038684844970703, 0.37911802530288696, 0.3932134807109833, 0.4055205285549164, 0.41728633642196655, 0.4320642054080963, 0.4433358311653137, 0.4551957845687866, 0.45729008316993713, 0.4709855020046234, 0.47540944814682007, 0.498046875, 0.5189194083213806, 0.5406626462936401, 0.5618646740913391, 0.5853256583213806, 0.5901026129722595, 0.5855609774589539, 0.6143166422843933], "val_loss": [9.71268081665039, 6.050515174865723, 4.241989612579346, 3.262395143508911, 2.6707751750946045, 2.308286666870117, 2.0649962425231934, 1.8900260925292969, 1.7897446155548096, 1.690951943397522, 1.63202702999115, 1.593747615814209, 1.569464087486267, 1.5546984672546387, 1.5455412864685059, 1.547707200050354, 1.5392309427261353, 1.5457650423049927, 1.569157600402832, 1.5863330364227295, 1.6064783334732056, 1.6369354724884033, 1.6766515970230103, 1.7606130838394165, 1.7941486835479736, 1.7845909595489502, 1.8526779413223267], "val_accuracy": [0.20781250298023224, 0.20781250298023224, 0.20917968451976776, 0.2525390684604645, 0.30878907442092896, 0.33251953125, 0.3421874940395355, 0.36552733182907104, 0.35664063692092896, 0.3833984434604645, 0.39033204317092896, 0.3958984315395355, 0.3993164002895355, 0.40107423067092896, 0.4034179747104645, 0.40166014432907104, 0.4041992127895355, 0.4007812440395355, 0.39521485567092896, 0.3965820372104645, 0.39189451932907104, 0.3926757872104645, 0.38886719942092896, 0.38251954317092896, 0.37138670682907104, 0.3731445372104645, 0.3729492127895355]}