{"loss": [41.198394775390625, 19.214786529541016, 11.877238273620605, 8.382771492004395, 6.2161383628845215, 4.7408552169799805, 3.7110729217529297, 2.9953420162200928, 2.502513885498047, 2.1643736362457275, 1.9416042566299438, 1.7900844812393188, 1.6915334463119507, 1.627806544303894, 1.5834919214248657, 1.5560969114303589, 1.5399489402770996, 1.5237706899642944, 1.5129252672195435, 1.5055278539657593, 1.4978464841842651, 1.4903452396392822, 1.485337257385254, 1.482279658317566, 1.4789539575576782, 1.4744333028793335, 1.4725110530853271, 1.4627944231033325, 1.4613083600997925, 1.4567819833755493, 1.45061194896698, 1.4380697011947632, 1.4197853803634644, 1.406263828277588, 1.398102879524231, 1.3905274868011475, 1.3840959072113037, 1.377614140510559, 1.3713572025299072, 1.3657642602920532, 1.3655985593795776, 1.3583180904388428, 1.3508707284927368, 1.3466719388961792, 1.3422304391860962, 1.3372284173965454, 1.3308863639831543, 1.3278238773345947, 1.3197861909866333, 1.312514066696167, 1.3088947534561157, 1.3013185262680054, 1.2911176681518555, 1.2817171812057495], "accuracy": [0.2405831515789032, 0.2688802182674408, 0.2852260172367096, 0.3484002947807312, 0.375790536403656, 0.382510244846344, 0.3881371021270752, 0.3910667896270752, 0.3963216245174408, 0.3973214328289032, 0.3974609375, 0.4001581072807312, 0.403715580701828, 0.401762455701828, 0.4036690890789032, 0.4044131338596344, 0.40576171875, 0.4101330041885376, 0.4117605984210968, 0.4148995578289032, 0.4200613796710968, 0.42138671875, 0.4230840802192688, 0.4268275797367096, 0.4259207546710968, 0.4282924234867096, 0.4308733344078064, 0.4365932047367096, 0.4359653890132904, 0.4380580484867096, 0.444242924451828, 0.4524274468421936, 0.4663550853729248, 0.4744698703289032, 0.480166494846344, 0.485653817653656, 0.4876302182674408, 0.4946753978729248, 0.4978143572807312, 0.5002790093421936, 0.498349130153656, 0.5033947229385376, 0.5079752802848816, 0.5106026530265808, 0.5120442509651184, 0.5165085792541504, 0.5217401385307312, 0.5227167010307312, 0.525204598903656, 0.5326915979385376, 0.5325055718421936, 0.5379231572151184, 0.5444568395614624, 0.5459914207458496], "val_loss": [25.938087463378906, 14.389460563659668, 9.834901809692383, 7.196462154388428, 5.415372371673584, 4.174729824066162, 3.3123281002044678, 2.7206311225891113, 2.312751293182373, 2.0384726524353027, 1.8508942127227783, 1.7337431907653809, 1.6584558486938477, 1.6057084798812866, 1.5701470375061035, 1.5529893636703491, 1.5365447998046875, 1.5267293453216553, 1.5161470174789429, 1.5133904218673706, 1.5049452781677246, 1.4983264207839966, 1.4950227737426758, 1.491684079170227, 1.4863989353179932, 1.483168125152588, 1.4818652868270874, 1.4784505367279053, 1.4742311239242554, 1.471631407737732, 1.4630130529403687, 1.4352964162826538, 1.4228410720825195, 1.4125096797943115, 1.4036715030670166, 1.4026998281478882, 1.4007620811462402, 1.3964240550994873, 1.40248703956604, 1.3945297002792358, 1.39360511302948, 1.3956514596939087, 1.3936492204666138, 1.3911620378494263, 1.3937437534332275, 1.3939223289489746, 1.3972409963607788, 1.4017243385314941, 1.4177148342132568, 1.4250997304916382, 1.424296259880066, 1.4357717037200928, 1.4423789978027344, 1.4496533870697021], "val_accuracy": [0.2699962854385376, 0.2796688973903656, 0.2829241156578064, 0.3426339328289032, 0.3782552182674408, 0.3819754421710968, 0.3852306604385376, 0.3860677182674408, 0.3910900354385376, 0.3940662145614624, 0.3949032723903656, 0.3936011791229248, 0.3973214328289032, 0.3979724645614624, 0.3989025354385376, 0.4009486734867096, 0.4029947817325592, 0.4029017984867096, 0.4059709906578064, 0.4084821343421936, 0.412202388048172, 0.4140625, 0.417782723903656, 0.4182477593421936, 0.4187127947807312, 0.4221540093421936, 0.4225260317325592, 0.423642098903656, 0.4266183078289032, 0.427734375, 0.4364769458770752, 0.4585193395614624, 0.464657723903656, 0.4712611734867096, 0.476376473903656, 0.4778645932674408, 0.4793526828289032, 0.4835379421710968, 0.4782366156578064, 0.484188973903656, 0.486328125, 0.4847470223903656, 0.4866071343421936, 0.4897693395614624, 0.4867931604385376, 0.4886532723903656, 0.4859561026096344, 0.4869791567325592, 0.4782366156578064, 0.4798177182674408, 0.4831659197807312, 0.4800037145614624, 0.4819568395614624, 0.478701651096344]}