{"loss": [12.2689847946167, 6.7160186767578125, 4.611486911773682, 3.611222982406616, 3.0136361122131348, 2.6127829551696777, 2.3291656970977783, 2.127112627029419, 1.9855693578720093, 1.8802012205123901, 1.8071695566177368, 1.7557190656661987, 1.717168927192688, 1.6901164054870605, 1.670212745666504, 1.657124400138855, 1.6454545259475708, 1.6375890970230103, 1.6301170587539673, 1.6235406398773193, 1.6192619800567627, 1.6161295175552368, 1.6132915019989014, 1.6108524799346924, 1.60697603225708, 1.6074974536895752, 1.6035792827606201, 1.6028754711151123, 1.5990841388702393, 1.5981981754302979, 1.594449520111084, 1.594948649406433, 1.5914909839630127], "accuracy": [0.2264213114976883, 0.27903804183006287, 0.2919333577156067, 0.29976940155029297, 0.3107115924358368, 0.3129235804080963, 0.31546497344970703, 0.3198418617248535, 0.3219597041606903, 0.3250894248485565, 0.3288544714450836, 0.32788968086242676, 0.3299604654312134, 0.3352315425872803, 0.3359610438346863, 0.3386671543121338, 0.337890625, 0.34153804183006287, 0.34565606713294983, 0.34292638301849365, 0.34622082114219666, 0.34984469413757324, 0.34979763627052307, 0.35252729058265686, 0.3535391688346863, 0.3577277958393097, 0.3616105020046234, 0.3629988729953766, 0.3657285273075104, 0.3671875, 0.3742705285549164, 0.37582361698150635, 0.380247563123703], "val_loss": [8.581860542297363, 5.387799263000488, 4.0197834968566895, 3.2632393836975098, 2.775813102722168, 2.441316843032837, 2.2071175575256348, 2.0429837703704834, 1.9240890741348267, 1.8365898132324219, 1.7782280445098877, 1.7369377613067627, 1.7037990093231201, 1.6862571239471436, 1.670336365699768, 1.6634801626205444, 1.651149034500122, 1.6503684520721436, 1.6450315713882446, 1.6414852142333984, 1.6386988162994385, 1.6387081146240234, 1.638226866722107, 1.6385200023651123, 1.6437337398529053, 1.6471723318099976, 1.6492140293121338, 1.6480849981307983, 1.6544052362442017, 1.6580613851547241, 1.6642869710922241, 1.6714884042739868, 1.6776012182235718], "val_accuracy": [0.2616210877895355, 0.2972656190395355, 0.31123048067092896, 0.31806641817092896, 0.3208984434604645, 0.32392579317092896, 0.3232421875, 0.3204101622104645, 0.32050782442092896, 0.3248046934604645, 0.32441407442092896, 0.32158201932907104, 0.32861328125, 0.3238281309604645, 0.32597655057907104, 0.3232421875, 0.32744139432907104, 0.3252929747104645, 0.3248046934604645, 0.32890623807907104, 0.32841795682907104, 0.3267578184604645, 0.33076173067092896, 0.3304687440395355, 0.3304687440395355, 0.33085936307907104, 0.33125001192092896, 0.33417969942092896, 0.3331054747104645, 0.3310546875, 0.32646483182907104, 0.32929688692092896, 0.33222657442092896]}