{"loss": [40.863685607910156, 19.045543670654297, 11.788684844970703, 8.41395378112793, 6.303500652313232, 4.8438286781311035, 3.816343307495117, 3.097687244415283, 2.5993993282318115, 2.2615020275115967, 2.033332109451294, 1.8795336484909058, 1.780847191810608, 1.7162950038909912, 1.6745009422302246, 1.6475650072097778, 1.6298761367797852, 1.618343472480774, 1.6106598377227783, 1.604550838470459, 1.600836157798767, 1.597558617591858, 1.5947552919387817, 1.5920789241790771, 1.591264247894287, 1.5886268615722656, 1.5866007804870605, 1.586091160774231, 1.5851521492004395, 1.5828691720962524, 1.5822110176086426, 1.5812721252441406, 1.5802019834518433, 1.5783830881118774, 1.5781049728393555, 1.576910376548767, 1.5759801864624023, 1.5758161544799805, 1.574582576751709, 1.573695182800293, 1.5725327730178833, 1.5708649158477783, 1.5707895755767822, 1.5712426900863647, 1.5696167945861816, 1.5695418119430542, 1.567980170249939, 1.5676828622817993, 1.5660088062286377, 1.5655813217163086, 1.565333366394043, 1.5654659271240234, 1.5635309219360352, 1.5621545314788818, 1.562502384185791, 1.5607408285140991, 1.5610287189483643], "accuracy": [0.28115588426589966, 0.32292452454566956, 0.33031344413757324, 0.3347373902797699, 0.3372552692890167, 0.3384553790092468, 0.34007906913757324, 0.34083208441734314, 0.3443147540092468, 0.34382060170173645, 0.34579724073410034, 0.3470679521560669, 0.34605610370635986, 0.34638553857803345, 0.3464561402797699, 0.3469032347202301, 0.34942111372947693, 0.3494446575641632, 0.34895047545433044, 0.35055065155029297, 0.35076242685317993, 0.35026827454566956, 0.3536568284034729, 0.3530685305595398, 0.3551393151283264, 0.35372740030288696, 0.35433924198150635, 0.35570406913757324, 0.354127436876297, 0.3551393151283264, 0.35824549198150635, 0.35721009969711304, 0.3571159541606903, 0.35735127329826355, 0.3584572672843933, 0.35956326127052307, 0.3586455285549164, 0.35765719413757324, 0.35932794213294983, 0.3610222041606903, 0.359986811876297, 0.3617517054080963, 0.36036333441734314, 0.36201053857803345, 0.36217525601387024, 0.36318713426589966, 0.3620340824127197, 0.3626929521560669, 0.3647872805595398, 0.3645049035549164, 0.36589327454566956, 0.3650696575641632, 0.3649284541606903, 0.36754047870635986, 0.3666227459907532, 0.36845821142196655, 0.3683640956878662], "val_loss": [25.82314109802246, 14.373449325561523, 9.837553977966309, 7.247586250305176, 5.4914655685424805, 4.2599287033081055, 3.398007869720459, 2.7995381355285645, 2.391251564025879, 2.1147923469543457, 1.9288736581802368, 1.8066437244415283, 1.7278451919555664, 1.6765661239624023, 1.6434123516082764, 1.620985984802246, 1.6067825555801392, 1.5988781452178955, 1.591274380683899, 1.5877118110656738, 1.5835211277008057, 1.5808266401290894, 1.579205870628357, 1.5776609182357788, 1.5756361484527588, 1.5748928785324097, 1.5730758905410767, 1.5728999376296997, 1.5721080303192139, 1.5702565908432007, 1.570025086402893, 1.5691261291503906, 1.5683659315109253, 1.5676482915878296, 1.5676804780960083, 1.5668721199035645, 1.5669004917144775, 1.565786361694336, 1.5662544965744019, 1.5654438734054565, 1.5657305717468262, 1.564424753189087, 1.564836025238037, 1.5645921230316162, 1.5641440153121948, 1.5656474828720093, 1.563857078552246, 1.5645110607147217, 1.5642575025558472, 1.5648566484451294, 1.565161943435669, 1.5637271404266357, 1.5646193027496338, 1.5649785995483398, 1.5644538402557373, 1.56624436378479, 1.5649763345718384], "val_accuracy": [0.2520507872104645, 0.2920898497104645, 0.32451170682907104, 0.34003907442092896, 0.35224610567092896, 0.35380858182907104, 0.3536132872104645, 0.3545898497104645, 0.35527342557907104, 0.3583984375, 0.35791015625, 0.3587890565395355, 0.35859376192092896, 0.36103516817092896, 0.3612304627895355, 0.361328125, 0.36113280057907104, 0.3617187440395355, 0.3612304627895355, 0.3614257872104645, 0.3628906309604645, 0.36083984375, 0.36357420682907104, 0.3604492247104645, 0.3612304627895355, 0.3607421815395355, 0.3631835877895355, 0.359375, 0.35986328125, 0.36113280057907104, 0.36064451932907104, 0.3638671934604645, 0.36210936307907104, 0.3631835877895355, 0.36357420682907104, 0.36445313692092896, 0.3636718690395355, 0.3633789122104645, 0.3636718690395355, 0.36601561307907104, 0.3641601502895355, 0.36406248807907104, 0.36445313692092896, 0.3642578125, 0.3636718690395355, 0.3642578125, 0.3658203184604645, 0.36474609375, 0.3643554747104645, 0.36406248807907104, 0.36494141817092896, 0.365234375, 0.3662109375, 0.3642578125, 0.36591798067092896, 0.36210936307907104, 0.36503905057907104]}