{"loss": [4.2578816413879395, 1.0943573713302612, 0.863867998123169, 0.8327926993370056, 0.8226024508476257, 0.8151840567588806, 0.8095216155052185, 0.8047713041305542, 0.7991134524345398, 0.794898271560669, 0.7904272079467773, 0.786167323589325, 0.7829462885856628, 0.7804707288742065, 0.7774757146835327, 0.7743052840232849, 0.7725513577461243, 0.7709733247756958, 0.7684004306793213, 0.7662132978439331, 0.7648220062255859, 0.7618942260742188, 0.7601194977760315, 0.7575775980949402, 0.7548501491546631, 0.7529975175857544, 0.7505900263786316, 0.749399721622467, 0.7462653517723083, 0.7428451776504517, 0.7408965229988098, 0.7376850247383118, 0.7338390350341797, 0.7307130694389343, 0.7260526418685913, 0.7226549386978149, 0.721786379814148], "accuracy": [0.6022540926933289, 0.6525174975395203, 0.6575011014938354, 0.6603925824165344, 0.6631693243980408, 0.6654456853866577, 0.6680521368980408, 0.6706064939498901, 0.673428475856781, 0.6763824820518494, 0.6784225106239319, 0.680667519569397, 0.6836841106414795, 0.6839447617530823, 0.6852688789367676, 0.6873853206634521, 0.6887302398681641, 0.6898180246353149, 0.6912776827812195, 0.6922264099121094, 0.6937972903251648, 0.6952568888664246, 0.6968103647232056, 0.6983534097671509, 0.6997122168540955, 0.701175332069397, 0.7035350799560547, 0.7045707106590271, 0.7069374322891235, 0.710176408290863, 0.7102980613708496, 0.713283360004425, 0.7165223360061646, 0.7185623049736023, 0.7226423621177673, 0.7246823310852051, 0.7249951362609863], "val_loss": [1.4821052551269531, 0.8638612627983093, 0.8032955527305603, 0.7897353172302246, 0.7861549258232117, 0.7781104445457458, 0.7746801376342773, 0.7721144556999207, 0.7731764912605286, 0.7712157368659973, 0.7660831212997437, 0.7634090185165405, 0.7584983110427856, 0.7584285140037537, 0.7572767734527588, 0.7535892128944397, 0.7525683045387268, 0.7511028051376343, 0.7519445419311523, 0.7531452178955078, 0.7502357363700867, 0.746734619140625, 0.7488942742347717, 0.7513457536697388, 0.75154709815979, 0.7494440078735352, 0.7524709105491638, 0.7474058270454407, 0.7539262771606445, 0.7542996406555176, 0.7586891651153564, 0.7578354477882385, 0.7613454461097717, 0.7675341963768005, 0.7701215147972107, 0.7737781405448914, 0.7721524238586426], "val_accuracy": [0.6617187261581421, 0.6757394075393677, 0.6799944043159485, 0.681933581829071, 0.680859386920929, 0.6832310557365417, 0.6845284700393677, 0.6859933137893677, 0.684374988079071, 0.685742199420929, 0.6869419813156128, 0.6892020106315613, 0.6926897168159485, 0.692089855670929, 0.6933872699737549, 0.6958565711975098, 0.6971679925918579, 0.6975306868553162, 0.6974888443946838, 0.6961495280265808, 0.6987444162368774, 0.7002371549606323, 0.6994419693946838, 0.6989676356315613, 0.6985490918159485, 0.6997488737106323, 0.6991350650787354, 0.7024553418159485, 0.6986048817634583, 0.6991071701049805, 0.6973353624343872, 0.6983537673950195, 0.697265625, 0.6937918663024902, 0.6937081217765808, 0.6930106282234192, 0.6942383050918579]}