{"loss": [12.46835994720459, 6.808000087738037, 4.589637279510498, 3.48970627784729, 2.8840365409851074, 2.5031180381774902, 2.2380988597869873, 2.050459623336792, 1.9180114269256592, 1.8252360820770264, 1.7584502696990967, 1.7085310220718384, 1.6751292943954468, 1.6439106464385986, 1.6209781169891357, 1.6031172275543213, 1.5884774923324585, 1.5727787017822266, 1.5612502098083496, 1.5516791343688965, 1.545279860496521, 1.5347946882247925, 1.5291500091552734, 1.5208220481872559, 1.5131820440292358, 1.509256362915039, 1.4991754293441772, 1.4892996549606323, 1.4809064865112305, 1.4728070497512817, 1.467310905456543, 1.455049991607666], "accuracy": [0.19790098071098328, 0.2077607363462448, 0.2151496559381485, 0.27473172545433044, 0.2970162034034729, 0.30400508642196655, 0.3138177692890167, 0.3216773271560669, 0.32730138301849365, 0.3332549035549164, 0.34010258316993713, 0.34730327129364014, 0.3547392785549164, 0.3613516688346863, 0.3711172938346863, 0.3790709674358368, 0.3843185305595398, 0.39427241683006287, 0.3966255784034729, 0.4046027958393097, 0.40799134969711304, 0.4136389195919037, 0.41778048872947693, 0.4259224534034729, 0.4292404055595398, 0.43199360370635986, 0.43950018286705017, 0.44674792885780334, 0.45048946142196655, 0.4553840458393097, 0.4576666057109833, 0.4713384807109833], "val_loss": [8.7390718460083, 5.368880271911621, 3.971834897994995, 3.174781560897827, 2.6878304481506348, 2.358031988143921, 2.124431848526001, 1.9645984172821045, 1.8548740148544312, 1.7787355184555054, 1.7251558303833008, 1.6858841180801392, 1.657486915588379, 1.6350895166397095, 1.6155436038970947, 1.6014635562896729, 1.5920978784561157, 1.5846349000930786, 1.5802197456359863, 1.5752935409545898, 1.5725847482681274, 1.5714964866638184, 1.5740628242492676, 1.5728012323379517, 1.572893500328064, 1.5758593082427979, 1.5772234201431274, 1.5804615020751953, 1.58515465259552, 1.5906568765640259, 1.6020641326904297, 1.6101884841918945], "val_accuracy": [0.21044921875, 0.21123047173023224, 0.23593750596046448, 0.29638671875, 0.3163085877895355, 0.31914061307907104, 0.3262695372104645, 0.32880860567092896, 0.3353515565395355, 0.3387695252895355, 0.34746092557907104, 0.35136717557907104, 0.3624023497104645, 0.36650389432907104, 0.36601561307907104, 0.37128907442092896, 0.3785156309604645, 0.384765625, 0.3857421875, 0.38720703125, 0.38505858182907104, 0.3885742127895355, 0.3866210877895355, 0.3900390565395355, 0.390625, 0.390625, 0.3916015625, 0.3929687440395355, 0.39179688692092896, 0.39433592557907104, 0.39091795682907104, 0.3897460997104645]}