{"loss": [12.670005798339844, 8.76828670501709, 6.207998752593994, 4.553692817687988, 3.4830591678619385, 2.7310502529144287, 2.259930372238159, 1.978204607963562, 1.7897478342056274, 1.6720017194747925, 1.5734684467315674, 1.5020275115966797, 1.4417097568511963, 1.392249584197998, 1.3375513553619385, 1.2729911804199219, 1.1825313568115234, 1.1053401231765747, 1.136468768119812, 1.0189006328582764, 1.0147448778152466, 0.9733506441116333, 0.7757192254066467, 0.672927975654602], "accuracy": [0.2014542520046234, 0.2071724385023117, 0.20933735370635986, 0.21397307515144348, 0.24101091921329498, 0.3073700964450836, 0.3569277226924896, 0.38005930185317993, 0.4021790325641632, 0.4155685305595398, 0.4346526861190796, 0.45260730385780334, 0.47260919213294983, 0.4858574867248535, 0.5093655586242676, 0.5371799468994141, 0.5861022472381592, 0.6202701330184937, 0.5992563962936401, 0.6474491953849792, 0.6543674468994141, 0.6675922274589539, 0.7612010836601257, 0.8045698404312134], "val_loss": [10.431217193603516, 7.2879767417907715, 5.250307083129883, 3.9404685497283936, 3.095766544342041, 2.442661762237549, 2.102642774581909, 1.87763249874115, 1.7491052150726318, 1.6813652515411377, 1.6285545825958252, 1.5856331586837769, 1.61405348777771, 1.5771839618682861, 1.6555484533309937, 1.6805002689361572, 1.7747682332992554, 1.8891289234161377, 1.8378931283950806, 2.0580506324768066, 1.8894023895263672, 2.1100873947143555, 2.4167466163635254, 2.3910863399505615], "val_accuracy": [0.20781250298023224, 0.20781250298023224, 0.20781250298023224, 0.23837891221046448, 0.2665039002895355, 0.3539062440395355, 0.361328125, 0.37822264432907104, 0.39189451932907104, 0.39326173067092896, 0.3988281190395355, 0.4061523377895355, 0.3935546875, 0.4043945372104645, 0.3692382872104645, 0.3838867247104645, 0.3744140565395355, 0.35869139432907104, 0.36357420682907104, 0.35273438692092896, 0.35283201932907104, 0.33125001192092896, 0.3272460997104645, 0.3388671875]}