{"loss": [9.184326171875, 7.2063679695129395, 5.6718902587890625, 4.540393352508545, 3.727985143661499, 3.1335582733154297, 2.7020692825317383, 2.3869922161102295, 2.162581205368042, 2.0007424354553223, 1.8880605697631836, 1.8106756210327148, 1.7544219493865967, 1.7159831523895264, 1.6900343894958496, 1.6705728769302368, 1.6571800708770752, 1.6469855308532715, 1.640141487121582, 1.6342241764068604, 1.6294549703598022, 1.6256262063980103, 1.621456503868103, 1.61781644821167, 1.61374032497406, 1.6094902753829956, 1.6063309907913208, 1.6036567687988281, 1.5990285873413086, 1.5961204767227173, 1.5910474061965942, 1.5858663320541382, 1.5812631845474243, 1.5754953622817993], "accuracy": [0.19968938827514648, 0.20964325964450836, 0.2435523271560669, 0.27200207114219666, 0.28044992685317993, 0.28595632314682007, 0.2866622805595398, 0.2915097773075104, 0.29496893286705017, 0.2973220944404602, 0.29649850726127625, 0.2988045811653137, 0.3004988729953766, 0.30254611372947693, 0.3020049035549164, 0.3049934208393097, 0.3062170445919037, 0.3044051229953766, 0.3072759807109833, 0.30833491683006287, 0.31094691157341003, 0.3107115924358368, 0.3143119215965271, 0.3119352459907532, 0.31770047545433044, 0.31875941157341003, 0.32311275601387024, 0.3219832479953766, 0.32807794213294983, 0.3296074867248535, 0.3299369215965271, 0.33450207114219666, 0.3394201695919037, 0.3419615924358368], "val_loss": [8.092754364013672, 6.379859924316406, 5.031272888183594, 4.079436302185059, 3.385657787322998, 2.880540132522583, 2.514857769012451, 2.2510855197906494, 2.064409017562866, 1.9319223165512085, 1.839837670326233, 1.7761240005493164, 1.7318874597549438, 1.7015520334243774, 1.6809358596801758, 1.6666663885116577, 1.6571500301361084, 1.6507527828216553, 1.6463572978973389, 1.643369436264038, 1.6414960622787476, 1.6402829885482788, 1.639704942703247, 1.639388084411621, 1.639743447303772, 1.6409704685211182, 1.6413644552230835, 1.6436350345611572, 1.643650770187378, 1.6456305980682373, 1.6491349935531616, 1.6526260375976562, 1.6571556329727173, 1.658724069595337], "val_accuracy": [0.21181640028953552, 0.21230468153953552, 0.27978515625, 0.2872070372104645, 0.29560548067092896, 0.29570311307907104, 0.2999023497104645, 0.2998046875, 0.3003906309604645, 0.30224609375, 0.30292969942092896, 0.3041015565395355, 0.30400389432907104, 0.3033203184604645, 0.3038085997104645, 0.30390626192092896, 0.3033203184604645, 0.3046875, 0.30400389432907104, 0.30224609375, 0.3017578125, 0.3011718690395355, 0.30205076932907104, 0.2994140684604645, 0.30195313692092896, 0.30205076932907104, 0.30322265625, 0.30292969942092896, 0.3026367127895355, 0.30126953125, 0.3001953065395355, 0.2994140684604645, 0.298828125, 0.2992187440395355]}