{"loss": [31.349727630615234, 23.30449867248535, 17.349063873291016, 12.94137954711914, 9.68419075012207, 7.296553611755371, 5.564443588256836, 4.324456214904785, 3.4456517696380615, 2.833004951477051, 2.412245750427246, 2.127516269683838, 1.9365475177764893, 1.8116950988769531, 1.7296265363693237, 1.6772555112838745, 1.6428791284561157, 1.622249960899353, 1.6086536645889282, 1.5993995666503906, 1.5934045314788818, 1.58943510055542, 1.5859891176223755, 1.5836259126663208, 1.5810925960540771, 1.5785373449325562, 1.5779902935028076, 1.5771422386169434, 1.574471116065979, 1.573422908782959, 1.5717008113861084, 1.5713262557983398, 1.5668559074401855, 1.5673388242721558, 1.5651451349258423, 1.5632734298706055, 1.5615824460983276, 1.5592763423919678, 1.5581204891204834, 1.556786060333252, 1.5553375482559204, 1.5541435480117798, 1.5520460605621338, 1.5501089096069336, 1.549216628074646, 1.5479726791381836, 1.545710563659668, 1.5440222024917603, 1.543271541595459, 1.542481780052185, 1.5407564640045166, 1.5379142761230469], "accuracy": [0.22637425363063812, 0.30280497670173645, 0.32516002655029297, 0.33318430185317993, 0.3344314694404602, 0.3357727825641632, 0.33949077129364014, 0.3389730751514435, 0.3414909541606903, 0.34078502655029297, 0.34083208441734314, 0.34160861372947693, 0.34337350726127625, 0.3448324501514435, 0.34579724073410034, 0.3475385904312134, 0.3488563597202301, 0.34986820816993713, 0.3503859043121338, 0.35040944814682007, 0.35222139954566956, 0.3525978922843933, 0.35325679183006287, 0.3553510904312134, 0.35537463426589966, 0.35673946142196655, 0.3567159175872803, 0.3588102459907532, 0.3595397174358368, 0.3598691523075104, 0.362669438123703, 0.3611869215965271, 0.3629753291606903, 0.3647872805595398, 0.36497554183006287, 0.3659873902797699, 0.3673287034034729, 0.36909356713294983, 0.3689759075641632, 0.3701995611190796, 0.3727174401283264, 0.37403520941734314, 0.37535297870635986, 0.37445876002311707, 0.3748823404312134, 0.3760824501514435, 0.377564936876297, 0.37805911898612976, 0.3798004388809204, 0.37942394614219666, 0.3811417520046234, 0.38333019614219666], "val_loss": [26.948551177978516, 20.06214141845703, 14.943964958190918, 11.144792556762695, 8.349336624145508, 6.315821170806885, 4.852458477020264, 3.81339693069458, 3.0837793350219727, 2.579857587814331, 2.2364182472229004, 2.0055437088012695, 1.8530765771865845, 1.7536935806274414, 1.689430832862854, 1.6484172344207764, 1.6222145557403564, 1.6055933237075806, 1.5948045253753662, 1.5876843929290771, 1.5828003883361816, 1.5792489051818848, 1.5764777660369873, 1.5750709772109985, 1.5734325647354126, 1.5721774101257324, 1.5713493824005127, 1.5706528425216675, 1.5712085962295532, 1.5703740119934082, 1.569143295288086, 1.5688048601150513, 1.5694314241409302, 1.5688260793685913, 1.5683060884475708, 1.5662156343460083, 1.5664637088775635, 1.5654981136322021, 1.5642507076263428, 1.5640361309051514, 1.5640721321105957, 1.563098669052124, 1.5630205869674683, 1.5639216899871826, 1.563288927078247, 1.563132882118225, 1.5629889965057373, 1.563825011253357, 1.5637381076812744, 1.5636259317398071, 1.5638788938522339, 1.563780426979065], "val_accuracy": [0.20546874403953552, 0.26289063692092896, 0.30615234375, 0.33466798067092896, 0.3477539122104645, 0.3524414002895355, 0.3525390625, 0.35234373807907104, 0.35302734375, 0.35283201932907104, 0.3521484434604645, 0.3539062440395355, 0.35224610567092896, 0.3526367247104645, 0.3541015684604645, 0.35693359375, 0.35791015625, 0.35859376192092896, 0.36064451932907104, 0.3631835877895355, 0.3628906309604645, 0.3643554747104645, 0.365234375, 0.36601561307907104, 0.3661132752895355, 0.36591798067092896, 0.36689454317092896, 0.3681640625, 0.36552733182907104, 0.36455076932907104, 0.3638671934604645, 0.3646484315395355, 0.36445313692092896, 0.3663085997104645, 0.3636718690395355, 0.36572265625, 0.36552733182907104, 0.36474609375, 0.36601561307907104, 0.36699217557907104, 0.36542969942092896, 0.3662109375, 0.36572265625, 0.36259764432907104, 0.36406248807907104, 0.36738282442092896, 0.3651367127895355, 0.3661132752895355, 0.3658203184604645, 0.36689454317092896, 0.3662109375, 0.3661132752895355]}