{"loss": [9.20718002319336, 7.195588111877441, 5.677346229553223, 4.580570220947266, 3.7692017555236816, 3.170616388320923, 2.7316324710845947, 2.4120936393737793, 2.182220935821533, 2.016071319580078, 1.900484561920166, 1.8177258968353271, 1.7608282566070557, 1.7201714515686035, 1.692781925201416, 1.672939419746399, 1.6585566997528076, 1.647276759147644, 1.6397578716278076, 1.63322114944458, 1.6273508071899414, 1.6235090494155884, 1.618682861328125, 1.6152032613754272, 1.6104464530944824, 1.6077392101287842, 1.6043117046356201, 1.6001241207122803, 1.5973503589630127, 1.5902193784713745, 1.5859726667404175, 1.5806248188018799, 1.5754224061965942], "accuracy": [0.19912461936473846, 0.23268072307109833, 0.26962536573410034, 0.27835559844970703, 0.283814936876297, 0.29061558842658997, 0.29078030586242676, 0.2943571209907532, 0.29381588101387024, 0.2995811402797699, 0.2995575964450836, 0.3004988729953766, 0.3006635904312134, 0.3025696575641632, 0.3041933476924896, 0.3048051595687866, 0.3060523271560669, 0.307252436876297, 0.30744069814682007, 0.3111822307109833, 0.3126412034034729, 0.31348833441734314, 0.31450018286705017, 0.31617093086242676, 0.31831231713294983, 0.31977126002311707, 0.3215126097202301, 0.32414814829826355, 0.325560063123703, 0.32894861698150635, 0.33283132314682007, 0.333372563123703, 0.3354433476924896], "val_loss": [8.114551544189453, 6.346724510192871, 5.0664591789245605, 4.121895790100098, 3.424950122833252, 2.914334535598755, 2.5422089099884033, 2.273552417755127, 2.0816917419433594, 1.945538878440857, 1.8505522012710571, 1.784149408340454, 1.7383928298950195, 1.7060325145721436, 1.6851783990859985, 1.670630693435669, 1.6604722738265991, 1.6538947820663452, 1.648857831954956, 1.6459453105926514, 1.6440331935882568, 1.6431238651275635, 1.642913818359375, 1.6431726217269897, 1.6442950963974, 1.6468290090560913, 1.646567940711975, 1.6482059955596924, 1.6495211124420166, 1.6517490148544312, 1.6572520732879639, 1.6623833179473877, 1.6641604900360107], "val_accuracy": [0.21181640028953552, 0.2713867127895355, 0.2900390625, 0.29736328125, 0.29833984375, 0.2999023497104645, 0.30156248807907104, 0.3016601502895355, 0.30224609375, 0.30322265625, 0.30488282442092896, 0.30439454317092896, 0.30546873807907104, 0.3062500059604645, 0.30546873807907104, 0.30781251192092896, 0.30537110567092896, 0.3055664002895355, 0.3038085997104645, 0.3038085997104645, 0.3037109375, 0.302734375, 0.3016601502895355, 0.30322265625, 0.3013671934604645, 0.30126953125, 0.3031249940395355, 0.30341798067092896, 0.30000001192092896, 0.29658204317092896, 0.29560548067092896, 0.29267579317092896, 0.29277342557907104]}