{"loss": [12.6939697265625, 8.797371864318848, 6.222131729125977, 4.476088523864746, 3.416256904602051, 2.749988317489624, 2.32171893119812, 2.03958797454834, 1.8432338237762451, 1.706948161125183, 1.59993314743042, 1.528730034828186, 1.4515764713287354, 1.3945322036743164, 1.3442461490631104, 1.2333683967590332, 1.1310516595840454, 1.0818809270858765, 1.0760174989700317, 1.0214166641235352, 1.0040096044540405, 0.988664448261261], "accuracy": [0.20077183842658997, 0.20804311335086823, 0.21451430022716522, 0.2794615924358368, 0.3096291422843933, 0.3315606117248535, 0.34942111372947693, 0.36803463101387024, 0.38841304183006287, 0.40829724073410034, 0.4310523271560669, 0.4442300498485565, 0.46898531913757324, 0.4899519979953766, 0.5058122873306274, 0.5623117685317993, 0.6105280518531799, 0.6284120678901672, 0.6295886635780334, 0.6521790027618408, 0.6539203524589539, 0.6599680185317993], "val_loss": [10.460676193237305, 7.31478214263916, 5.242842674255371, 3.90983247756958, 3.0645341873168945, 2.5232062339782715, 2.1615419387817383, 1.932177186012268, 1.8235288858413696, 1.6994812488555908, 1.6725105047225952, 1.6071808338165283, 1.6154991388320923, 1.6434147357940674, 1.6654589176177979, 1.720501184463501, 1.8899396657943726, 1.804286241531372, 1.9624103307724, 1.9980239868164062, 1.9762868881225586, 2.005828380584717], "val_accuracy": [0.20781250298023224, 0.20781250298023224, 0.23808594048023224, 0.28466796875, 0.3179687559604645, 0.32666015625, 0.36494141817092896, 0.37744140625, 0.37128907442092896, 0.38837891817092896, 0.3875976502895355, 0.39287108182907104, 0.38496094942092896, 0.37285155057907104, 0.3833984434604645, 0.3807617127895355, 0.35917967557907104, 0.3602539002895355, 0.3623046875, 0.35087889432907104, 0.3509765565395355, 0.34941405057907104]}