{"loss": [12.258212089538574, 6.695725917816162, 4.592493534088135, 3.597900867462158, 3.005397081375122, 2.6087324619293213, 2.3293440341949463, 2.1291308403015137, 1.9889391660690308, 1.8864223957061768, 1.8115054368972778, 1.761941909790039, 1.724704623222351, 1.698705792427063, 1.6786245107650757, 1.664597511291504, 1.6530076265335083, 1.6449687480926514, 1.637662410736084, 1.63326895236969, 1.6274566650390625, 1.6244890689849854, 1.6230665445327759, 1.6195122003555298, 1.6179181337356567, 1.6144531965255737, 1.6115996837615967, 1.611298680305481, 1.6097557544708252, 1.6067650318145752, 1.6044929027557373, 1.6036722660064697, 1.6017999649047852, 1.5959879159927368, 1.5956825017929077], "accuracy": [0.22893919050693512, 0.27557888627052307, 0.2884271442890167, 0.2949454188346863, 0.3012518882751465, 0.3055581748485565, 0.30878201127052307, 0.3137001097202301, 0.31678274273872375, 0.31664156913757324, 0.3215361535549164, 0.32144200801849365, 0.3243834674358368, 0.32821911573410034, 0.3282897174358368, 0.3288780152797699, 0.3335372805595398, 0.33419615030288696, 0.338502436876297, 0.33960843086242676, 0.3431852459907532, 0.34233811497688293, 0.34429123997688293, 0.34772685170173645, 0.34791508316993713, 0.3503859043121338, 0.35311558842658997, 0.35871610045433044, 0.3620811402797699, 0.3636106848716736, 0.3673051595687866, 0.3733763098716736, 0.3736822307109833, 0.38182416558265686, 0.38617751002311707], "val_loss": [8.55058479309082, 5.349793910980225, 3.9894561767578125, 3.245051860809326, 2.766085147857666, 2.434391498565674, 2.203582763671875, 2.037820339202881, 1.9199994802474976, 1.8364951610565186, 1.7770617008209229, 1.7355527877807617, 1.7066978216171265, 1.6869103908538818, 1.6723430156707764, 1.6621843576431274, 1.654693603515625, 1.6493339538574219, 1.6464126110076904, 1.6450421810150146, 1.644835114479065, 1.6435388326644897, 1.643371343612671, 1.643430471420288, 1.643061876296997, 1.6483850479125977, 1.6505126953125, 1.6529887914657593, 1.6582237482070923, 1.6611518859863281, 1.6695610284805298, 1.6763492822647095, 1.6841533184051514, 1.6991266012191772, 1.7076095342636108], "val_accuracy": [0.25947266817092896, 0.2953124940395355, 0.3046875, 0.30742186307907104, 0.3134765625, 0.31572264432907104, 0.3187499940395355, 0.32197266817092896, 0.32373046875, 0.32343751192092896, 0.3255859315395355, 0.3248046934604645, 0.3285156190395355, 0.32792967557907104, 0.32939451932907104, 0.3265624940395355, 0.32539063692092896, 0.32939451932907104, 0.3290039002895355, 0.3290039002895355, 0.32734376192092896, 0.3319335877895355, 0.3338867127895355, 0.3340820372104645, 0.3333984315395355, 0.33134764432907104, 0.3319335877895355, 0.3316406309604645, 0.3311523497104645, 0.3291992247104645, 0.32861328125, 0.32861328125, 0.32890623807907104, 0.3267578184604645, 0.32499998807907104]}