{"loss": [21.028718948364258, 10.001229286193848, 6.4497199058532715, 4.684498310089111, 3.622284173965454, 2.9208078384399414, 2.448221206665039, 2.1329123973846436, 1.9210758209228516, 1.780116319656372, 1.689504861831665, 1.627207636833191, 1.5846145153045654, 1.5605778694152832, 1.5423126220703125, 1.5273373126983643, 1.514167308807373, 1.503774642944336, 1.4952175617218018, 1.4860482215881348, 1.4807389974594116, 1.4741606712341309, 1.468339204788208, 1.4642221927642822, 1.4594162702560425, 1.4564980268478394, 1.4528298377990723, 1.4471561908721924, 1.440487265586853, 1.4372483491897583, 1.4319030046463013, 1.4269880056381226, 1.418210744857788, 1.4136041402816772, 1.4043046236038208, 1.393934726715088, 1.386991262435913], "accuracy": [0.241003155708313, 0.2759931981563568, 0.3063497245311737, 0.36508893966674805, 0.3802776038646698, 0.38216838240623474, 0.388110876083374, 0.3917054533958435, 0.3976479470729828, 0.3971492648124695, 0.399975061416626, 0.40309175848960876, 0.40629154443740845, 0.4046085476875305, 0.41100814938545227, 0.4127950370311737, 0.4169714152812958, 0.4210023283958435, 0.42308011651039124, 0.4293758273124695, 0.4303731620311737, 0.4350481927394867, 0.43725067377090454, 0.4389544427394867, 0.4398479163646698, 0.4429853856563568, 0.44410738348960876, 0.44780585169792175, 0.45387300848960876, 0.45524436235427856, 0.45715591311454773, 0.46081283688545227, 0.46868765354156494, 0.4694564640522003, 0.4765832722187042, 0.4830036461353302, 0.4875747859477997], "val_loss": [13.255492210388184, 7.69294548034668, 5.489502906799316, 4.126631736755371, 3.251187801361084, 2.653026580810547, 2.2653167247772217, 2.008145809173584, 1.8394920825958252, 1.7296018600463867, 1.653119683265686, 1.605750560760498, 1.5768028497695923, 1.5547188520431519, 1.5481995344161987, 1.5286885499954224, 1.5227144956588745, 1.5092521905899048, 1.5079176425933838, 1.5020790100097656, 1.5053919553756714, 1.4970042705535889, 1.4962315559387207, 1.4901126623153687, 1.4905498027801514, 1.4908121824264526, 1.4885210990905762, 1.4900704622268677, 1.4976478815078735, 1.4982621669769287, 1.4989525079727173, 1.5002102851867676, 1.4954689741134644, 1.5026787519454956, 1.5042651891708374, 1.5075929164886475, 1.526010274887085], "val_accuracy": [0.2702105939388275, 0.2788722813129425, 0.278192937374115, 0.35385531187057495, 0.37338656187057495, 0.39164403080940247, 0.39376696944236755, 0.3986073434352875, 0.39682406187057495, 0.397588312625885, 0.40336278080940247, 0.40378737449645996, 0.40743884444236755, 0.40879756212234497, 0.40327784419059753, 0.4116847813129425, 0.4075237810611725, 0.41958218812942505, 0.41694971919059753, 0.4192425310611725, 0.41745924949645996, 0.42179009318351746, 0.42238450050354004, 0.42408287525177, 0.42603600025177, 0.42484715580940247, 0.4242527186870575, 0.42578125, 0.42051631212234497, 0.419921875, 0.42179009318351746, 0.4217051565647125, 0.4281589686870575, 0.42331862449645996, 0.4253566563129425, 0.42832881212234497, 0.42162024974823]}