{"loss": [41.26700210571289, 19.257980346679688, 11.883337020874023, 8.386505126953125, 6.231133460998535, 4.754968643188477, 3.7227444648742676, 2.999913454055786, 2.4845409393310547, 2.121540069580078, 1.8878339529037476, 1.7337220907211304, 1.6289373636245728, 1.5622358322143555, 1.5193095207214355, 1.4874212741851807, 1.466056227684021, 1.4488813877105713, 1.4337663650512695, 1.428212285041809, 1.4175893068313599, 1.4097050428390503, 1.4049311876296997, 1.3966119289398193, 1.3922468423843384, 1.385196328163147, 1.3795714378356934, 1.3780713081359863, 1.3707807064056396, 1.3693227767944336, 1.3627169132232666, 1.3569360971450806, 1.354794979095459, 1.3508163690567017, 1.3472254276275635, 1.344253659248352, 1.3416085243225098, 1.333681344985962, 1.3293853998184204, 1.3251920938491821, 1.3174508810043335, 1.313941478729248, 1.3080209493637085], "accuracy": [0.2354678213596344, 0.274321049451828, 0.3034319281578064, 0.358979731798172, 0.375581294298172, 0.3838123083114624, 0.3886951208114624, 0.3947870135307312, 0.4121791422367096, 0.4333379864692688, 0.4444521963596344, 0.4461263120174408, 0.4536597728729248, 0.4545665979385376, 0.4571475088596344, 0.4591006338596344, 0.4607979953289032, 0.4664480984210968, 0.472260981798172, 0.4729817807674408, 0.476957768201828, 0.4778180718421936, 0.4818871021270752, 0.483584463596344, 0.4869559109210968, 0.4908854067325592, 0.4929082989692688, 0.4937221109867096, 0.4978143572807312, 0.5004417896270752, 0.5014415979385376, 0.505254864692688, 0.5068824291229248, 0.5096958875656128, 0.510625958442688, 0.5116955041885376, 0.512393057346344, 0.5168108344078064, 0.523135244846344, 0.5236932635307312, 0.5262974500656128, 0.5318778157234192, 0.535946786403656], "val_loss": [26.005952835083008, 14.42498779296875, 9.878266334533691, 7.214441776275635, 5.433504581451416, 4.187320232391357, 3.3222899436950684, 2.706575632095337, 2.266557216644287, 1.9735058546066284, 1.7860928773880005, 1.663996934890747, 1.5844206809997559, 1.5328792333602905, 1.5010210275650024, 1.4729249477386475, 1.4574041366577148, 1.4540878534317017, 1.4392273426055908, 1.4256891012191772, 1.418654441833496, 1.4127243757247925, 1.4095675945281982, 1.4080373048782349, 1.4059563875198364, 1.4049464464187622, 1.4038392305374146, 1.4011452198028564, 1.3983447551727295, 1.3975027799606323, 1.3927308320999146, 1.3940373659133911, 1.3920516967773438, 1.3984856605529785, 1.394425392150879, 1.3998464345932007, 1.3943372964859009, 1.4007575511932373, 1.4031744003295898, 1.4144331216812134, 1.4247362613677979, 1.4220354557037354, 1.4250977039337158], "val_accuracy": [0.2710193395614624, 0.279296875, 0.2845052182674408, 0.3465401828289032, 0.376860111951828, 0.3850446343421936, 0.3901599645614624, 0.4084821343421936, 0.4248511791229248, 0.4459635317325592, 0.4498697817325592, 0.4515438973903656, 0.4557291567325592, 0.4555431604385376, 0.4555431604385376, 0.4593563973903656, 0.4634486734867096, 0.462890625, 0.4654947817325592, 0.4702380895614624, 0.4760974645614624, 0.4781436026096344, 0.4782366156578064, 0.4812127947807312, 0.4789806604385376, 0.480375736951828, 0.482607901096344, 0.4834449291229248, 0.4866071343421936, 0.4840959906578064, 0.4866071343421936, 0.4869791567325592, 0.4894903302192688, 0.4840959906578064, 0.484561026096344, 0.4848400354385376, 0.4878162145614624, 0.484188973903656, 0.4857700765132904, 0.482607901096344, 0.4778645932674408, 0.480561763048172, 0.4831659197807312]}