{"loss": [12.303912162780762, 5.486602783203125, 4.06147575378418, 3.355401039123535, 2.945122480392456, 2.67838454246521, 2.483452796936035, 2.3381528854370117, 2.2312073707580566, 2.1426327228546143, 2.0707685947418213, 2.000676393508911, 1.9581007957458496, 1.9080039262771606, 1.8672089576721191, 1.8439737558364868, 1.8121562004089355, 1.7810791730880737, 1.7643309831619263, 1.739471673965454, 1.7394466400146484, 1.7227519750595093, 1.7142058610916138, 1.7027058601379395, 1.7284969091415405, 1.6895827054977417, 1.6911038160324097, 1.6786810159683228, 1.6753181219100952, 1.6685212850570679, 1.6646339893341064, 1.6706194877624512, 1.6589386463165283, 1.6752424240112305, 1.6691499948501587, 1.677659511566162, 1.647018551826477, 1.6155657768249512, 1.5979582071304321, 1.6094802618026733, 1.5896872282028198, 1.5756758451461792, 1.556699275970459, 1.5503101348876953, 1.5564451217651367, 1.5395835638046265, 1.5401883125305176, 1.5251562595367432, 1.5238995552062988, 1.5209689140319824, 1.5144915580749512, 1.5062016248703003, 1.5025110244750977, 1.4980732202529907, 1.49301278591156, 1.4894382953643799, 1.485187292098999, 1.4830001592636108], "accuracy": [0.2433539479970932, 0.2608913779258728, 0.2739529013633728, 0.2704264223575592, 0.2730441689491272, 0.2748481035232544, 0.2751736044883728, 0.2816568911075592, 0.2818739116191864, 0.2834337055683136, 0.2835828959941864, 0.2896186113357544, 0.2866075336933136, 0.287353515625, 0.2879909873008728, 0.285888671875, 0.2866482138633728, 0.2878146767616272, 0.2870958149433136, 0.2886148989200592, 0.2864176332950592, 0.2879367470741272, 0.2856987714767456, 0.2877061665058136, 0.2779676616191864, 0.2876383364200592, 0.2860107421875, 0.2888319194316864, 0.2881944477558136, 0.2896050214767456, 0.2896050214767456, 0.2874213457107544, 0.2891031801700592, 0.2870822548866272, 0.2879909873008728, 0.2830403745174408, 0.2868109941482544, 0.3126220703125, 0.3308241069316864, 0.3319227397441864, 0.3441297709941864, 0.3524983823299408, 0.3597140908241272, 0.3603244423866272, 0.3609212338924408, 0.3654649555683136, 0.3641628623008728, 0.3712429404258728, 0.3731011152267456, 0.3748236894607544, 0.3794759213924408, 0.3809000551700592, 0.384521484375, 0.38525390625, 0.3857828676700592, 0.3882649838924408, 0.3914523720741272, 0.3930935263633728], "val_loss": [6.808833599090576, 4.576953411102295, 3.6370620727539062, 3.137166976928711, 2.8051278591156006, 2.572298288345337, 2.4352712631225586, 2.3170974254608154, 2.222214460372925, 2.1386022567749023, 2.0748045444488525, 2.0274314880371094, 1.976615071296692, 1.9374041557312012, 1.9006540775299072, 1.8685698509216309, 1.8433873653411865, 1.8203762769699097, 1.8029403686523438, 1.7891722917556763, 1.77670419216156, 1.764007568359375, 1.7555086612701416, 1.7474236488342285, 1.737364411354065, 1.735091209411621, 1.7315657138824463, 1.7298539876937866, 1.7271714210510254, 1.7264437675476074, 1.7239174842834473, 1.7213027477264404, 1.7201495170593262, 1.7210336923599243, 1.7206244468688965, 1.7037851810455322, 1.6965185403823853, 1.652669072151184, 1.6622252464294434, 1.6555638313293457, 1.6465153694152832, 1.6317638158798218, 1.622952938079834, 1.6136860847473145, 1.6219654083251953, 1.631569504737854, 1.6147056818008423, 1.6083697080612183, 1.6453194618225098, 1.6331582069396973, 1.6460962295532227, 1.6384228467941284, 1.617653489112854, 1.6289743185043335, 1.6882442235946655, 1.6598811149597168, 1.6789193153381348, 1.6884474754333496], "val_accuracy": [0.2746853232383728, 0.2746853232383728, 0.2746853232383728, 0.2746853232383728, 0.2746853232383728, 0.2746853232383728, 0.2746853232383728, 0.2746853232383728, 0.2746853232383728, 0.2746853232383728, 0.2746853232383728, 0.2747938334941864, 0.2746853232383728, 0.2746853232383728, 0.2745768129825592, 0.2745225727558136, 0.2746310830116272, 0.2745768129825592, 0.2746310830116272, 0.2746310830116272, 0.2746310830116272, 0.2745768129825592, 0.2746853232383728, 0.2747938334941864, 0.2746310830116272, 0.2745225727558136, 0.2746310830116272, 0.2747395932674408, 0.2746853232383728, 0.2745768129825592, 0.2745768129825592, 0.2746310830116272, 0.2746310830116272, 0.2746310830116272, 0.2743598222732544, 0.2746853232383728, 0.2748481035232544, 0.3333875834941864, 0.34521484375, 0.3462999165058136, 0.3511284589767456, 0.3578016459941864, 0.3591579794883728, 0.3521050214767456, 0.3630099892616272, 0.3611111044883728, 0.3650716245174408, 0.3561740517616272, 0.3515625, 0.3622504472732544, 0.3518880307674408, 0.3551432192325592, 0.3677842915058136, 0.3629014790058136, 0.3240559995174408, 0.34033203125, 0.3336046040058136, 0.3248155415058136]}