{"loss": [12.578256607055664, 5.628355503082275, 4.137454032897949, 3.418032169342041, 2.9887101650238037, 2.7131664752960205, 2.5151093006134033, 2.3897485733032227, 2.2918431758880615, 2.1983447074890137, 2.122387647628784, 2.055725336074829, 2.010549545288086, 1.952634572982788, 1.9212101697921753, 1.884967565536499, 1.855020523071289, 1.8291990756988525, 1.8078924417495728, 1.7894450426101685, 1.774257779121399, 1.761704683303833, 1.7505968809127808, 1.741939902305603, 1.7346874475479126, 1.7285332679748535, 1.7238625288009644, 1.72012197971344, 1.7171616554260254, 1.7142879962921143, 1.7129520177841187, 1.7110190391540527, 1.709994912147522, 1.7092636823654175, 1.7084225416183472, 1.7079646587371826, 1.7076597213745117, 1.7076867818832397, 1.7070143222808838, 1.7072995901107788, 1.7068716287612915, 1.7069759368896484, 1.7071113586425781, 1.7069967985153198, 1.7070869207382202, 1.7069581747055054, 1.706699013710022, 1.7066717147827148, 1.7067097425460815, 1.7070304155349731, 1.706732153892517, 1.7068029642105103, 1.7069226503372192, 1.7068219184875488, 1.7067115306854248, 1.706754446029663, 1.7065986394882202, 1.7067629098892212], "accuracy": [0.2517903745174408, 0.2741292417049408, 0.2747667133808136, 0.2745632529258728, 0.2748073935508728, 0.2775065004825592, 0.2808431088924408, 0.2780219316482544, 0.2741970419883728, 0.2747938334941864, 0.2747938334941864, 0.2763129472732544, 0.2751329243183136, 0.2787407636642456, 0.2748209536075592, 0.2748209536075592, 0.2748209536075592, 0.2748209536075592, 0.2748209536075592, 0.2748209536075592, 0.2748209536075592, 0.2748209536075592, 0.2748209536075592, 0.2748209536075592, 0.2748209536075592, 0.2748209536075592, 0.2748209536075592, 0.2748209536075592, 0.2748209536075592, 0.2748209536075592, 0.2748209536075592, 0.2748209536075592, 0.2748209536075592, 0.2748209536075592, 0.2748209536075592, 0.2748209536075592, 0.2748209536075592, 0.2748209536075592, 0.2748209536075592, 0.2748209536075592, 0.2748209536075592, 0.2748209536075592, 0.2748209536075592, 0.2748209536075592, 0.2748209536075592, 0.2748209536075592, 0.2748209536075592, 0.2748209536075592, 0.2748209536075592, 0.2748209536075592, 0.2748209536075592, 0.2748209536075592, 0.2748209536075592, 0.2748209536075592, 0.2748209536075592, 0.2748209536075592, 0.2748209536075592, 0.2748209536075592], "val_loss": [6.981207847595215, 4.672728538513184, 3.7053282260894775, 3.1671619415283203, 2.834399938583374, 2.6183323860168457, 2.4642062187194824, 2.3480167388916016, 2.2433996200561523, 2.1598904132843018, 2.0910301208496094, 2.041945695877075, 1.9883164167404175, 1.9480317831039429, 1.9041467905044556, 1.8715455532073975, 1.8439816236495972, 1.8205710649490356, 1.8007349967956543, 1.7840020656585693, 1.7699588537216187, 1.7582327127456665, 1.74851655960083, 1.740523099899292, 1.7339787483215332, 1.7286717891693115, 1.724388599395752, 1.7209701538085938, 1.7182613611221313, 1.7161442041397095, 1.7144806385040283, 1.7132103443145752, 1.7122454643249512, 1.711510419845581, 1.7109553813934326, 1.7105518579483032, 1.7102618217468262, 1.7100484371185303, 1.709900975227356, 1.7097904682159424, 1.7097244262695312, 1.7096705436706543, 1.709633708000183, 1.7096128463745117, 1.709596037864685, 1.7095906734466553, 1.7095997333526611, 1.7095836400985718, 1.7095844745635986, 1.7095768451690674, 1.7095835208892822, 1.7095818519592285, 1.709575891494751, 1.7095767259597778, 1.7095839977264404, 1.7095867395401, 1.7095891237258911, 1.7095870971679688], "val_accuracy": [0.2746853232383728, 0.2746853232383728, 0.2746853232383728, 0.2746853232383728, 0.2746853232383728, 0.2746853232383728, 0.2746853232383728, 0.2746853232383728, 0.2746853232383728, 0.2746853232383728, 0.2746853232383728, 0.2740885317325592, 0.2746853232383728, 0.2746853232383728, 0.2746853232383728, 0.2746853232383728, 0.2746853232383728, 0.2746853232383728, 0.2746853232383728, 0.2746853232383728, 0.2746853232383728, 0.2746853232383728, 0.2746853232383728, 0.2746853232383728, 0.2746853232383728, 0.2746853232383728, 0.2746853232383728, 0.2746853232383728, 0.2746853232383728, 0.2746853232383728, 0.2746853232383728, 0.2746853232383728, 0.2746853232383728, 0.2746853232383728, 0.2746853232383728, 0.2746853232383728, 0.2746853232383728, 0.2746853232383728, 0.2746853232383728, 0.2746853232383728, 0.2746853232383728, 0.2746853232383728, 0.2746853232383728, 0.2746853232383728, 0.2746853232383728, 0.2746853232383728, 0.2746853232383728, 0.2746853232383728, 0.2746853232383728, 0.2746853232383728, 0.2746853232383728, 0.2746853232383728, 0.2746853232383728, 0.2746853232383728, 0.2746853232383728, 0.2746853232383728, 0.2746853232383728, 0.2746853232383728]}