{"loss": [40.66426086425781, 18.88384437561035, 11.687472343444824, 8.355535507202148, 6.268744945526123, 4.819982051849365, 3.8007495403289795, 3.08862566947937, 2.5939722061157227, 2.2582175731658936, 2.0329153537750244, 1.8845325708389282, 1.7845923900604248, 1.720984935760498, 1.6790571212768555, 1.6529635190963745, 1.6362762451171875, 1.6245745420455933, 1.6178131103515625, 1.6117377281188965, 1.6086022853851318, 1.6049927473068237, 1.603498935699463, 1.6013847589492798, 1.5998897552490234, 1.5988719463348389, 1.5967131853103638, 1.5963842868804932, 1.5949225425720215, 1.5937349796295166, 1.5934990644454956, 1.5925042629241943, 1.592368245124817, 1.5903472900390625, 1.5906763076782227, 1.5894935131072998, 1.5900417566299438, 1.5891063213348389, 1.587823510169983, 1.5875972509384155, 1.587292194366455, 1.5865452289581299, 1.5872313976287842, 1.586915373802185, 1.5861961841583252, 1.5855602025985718, 1.5852413177490234, 1.585086703300476, 1.5843379497528076, 1.584429144859314, 1.5839284658432007, 1.5835893154144287, 1.5834388732910156, 1.5823746919631958, 1.5820003747940063, 1.5828237533569336, 1.583029866218567, 1.581594467163086, 1.5813958644866943, 1.5805617570877075, 1.5811171531677246, 1.581110954284668, 1.5801770687103271, 1.5802192687988281, 1.579906940460205, 1.5791815519332886, 1.5795170068740845, 1.5796560049057007, 1.5791234970092773, 1.577834129333496, 1.578840732574463, 1.5789848566055298, 1.5783814191818237, 1.5780727863311768, 1.578213095664978, 1.5773471593856812, 1.5774297714233398, 1.576595425605774, 1.576391339302063, 1.5765020847320557, 1.5758253335952759, 1.5761064291000366, 1.5753298997879028, 1.574781060218811, 1.5756964683532715, 1.5752569437026978, 1.575061321258545, 1.574102520942688, 1.5743805170059204, 1.5746992826461792, 1.5742682218551636, 1.5737258195877075], "accuracy": [0.29482775926589966, 0.32294803857803345, 0.32831326127052307, 0.3309487998485565, 0.3323371708393097, 0.33584338426589966, 0.33513742685317993, 0.3353021442890167, 0.33991435170173645, 0.3380082845687866, 0.33694934844970703, 0.3390672206878662, 0.3391142785549164, 0.33843186497688293, 0.3398202061653137, 0.3401261270046234, 0.34064382314682007, 0.33979669213294983, 0.3400084674358368, 0.3407614827156067, 0.33993786573410034, 0.3423616290092468, 0.34050264954566956, 0.34264400601387024, 0.34203219413757324, 0.34247928857803345, 0.3435852825641632, 0.34349116683006287, 0.34337350726127625, 0.344361811876297, 0.3421027958393097, 0.3434205651283264, 0.34351468086242676, 0.3425734043121338, 0.34398531913757324, 0.34487950801849365, 0.3433264195919037, 0.34535014629364014, 0.3439147174358368, 0.3461267054080963, 0.34504422545433044, 0.34683263301849365, 0.3467855751514435, 0.3480798304080963, 0.34518542885780334, 0.3458443284034729, 0.3451148271560669, 0.3458678424358368, 0.34610316157341003, 0.34765625, 0.34713855385780334, 0.3449501097202301, 0.34744447469711304, 0.34664440155029297, 0.34772685170173645, 0.3480798304080963, 0.34756213426589966, 0.3500800132751465, 0.34923288226127625, 0.34713855385780334, 0.34791508316993713, 0.34775036573410034, 0.3488563597202301, 0.348268061876297, 0.3503623902797699, 0.3521978557109833, 0.349609375, 0.34925639629364014, 0.3491387367248535, 0.34951525926589966, 0.35040944814682007, 0.34939759969711304, 0.3503859043121338, 0.3511389195919037, 0.3500800132751465, 0.3505271077156067, 0.35266849398612976, 0.3521272540092468, 0.3521272540092468, 0.3502447307109833, 0.35193899273872375, 0.3526214361190796, 0.3516801595687866, 0.3541039228439331, 0.35238611698150635, 0.3540803790092468, 0.35179781913757324, 0.35269200801849365, 0.3529508709907532, 0.3536568284034729, 0.3539862632751465, 0.3534920811653137], "val_loss": [25.603225708007812, 14.211214065551758, 9.72257137298584, 7.168972969055176, 5.436961650848389, 4.227307319641113, 3.3779022693634033, 2.7886366844177246, 2.383476734161377, 2.110426902770996, 1.928302526473999, 1.8081061840057373, 1.7298721075057983, 1.6791362762451172, 1.6468356847763062, 1.6255228519439697, 1.6132627725601196, 1.6052532196044922, 1.598869800567627, 1.5946654081344604, 1.5914409160614014, 1.5892106294631958, 1.5882411003112793, 1.5867587327957153, 1.5853317975997925, 1.5835498571395874, 1.5830398797988892, 1.5810683965682983, 1.5812079906463623, 1.5803924798965454, 1.5796127319335938, 1.5792878866195679, 1.5790709257125854, 1.5790319442749023, 1.5783627033233643, 1.577330470085144, 1.5768810510635376, 1.577197790145874, 1.5763227939605713, 1.5767759084701538, 1.575732946395874, 1.5747673511505127, 1.5756524801254272, 1.57490074634552, 1.5749698877334595, 1.5749279260635376, 1.5751479864120483, 1.5744235515594482, 1.57405686378479, 1.5741018056869507, 1.5740807056427002, 1.5739332437515259, 1.573227882385254, 1.573133111000061, 1.5730990171432495, 1.5722205638885498, 1.5721118450164795, 1.5722718238830566, 1.5716842412948608, 1.5720936059951782, 1.572282075881958, 1.5715749263763428, 1.5720455646514893, 1.571258544921875, 1.571345567703247, 1.5711028575897217, 1.5718598365783691, 1.5711333751678467, 1.5708752870559692, 1.5716559886932373, 1.571942687034607, 1.5717706680297852, 1.57183039188385, 1.5706751346588135, 1.5712265968322754, 1.5706772804260254, 1.5709538459777832, 1.5707377195358276, 1.5714423656463623, 1.570448875427246, 1.5700424909591675, 1.569439172744751, 1.5698215961456299, 1.569811224937439, 1.5706126689910889, 1.570251703262329, 1.5703272819519043, 1.5701954364776611, 1.5698645114898682, 1.5707533359527588, 1.5710563659667969, 1.570587158203125], "val_accuracy": [0.2713867127895355, 0.30810546875, 0.3270507752895355, 0.34765625, 0.35029298067092896, 0.3485351502895355, 0.349609375, 0.35273438692092896, 0.35175782442092896, 0.35136717557907104, 0.3525390625, 0.3541015684604645, 0.35371094942092896, 0.35322266817092896, 0.35234373807907104, 0.35371094942092896, 0.35380858182907104, 0.353515625, 0.3525390625, 0.3525390625, 0.35371094942092896, 0.3550781309604645, 0.35419923067092896, 0.3539062440395355, 0.3531250059604645, 0.35546875, 0.3539062440395355, 0.35517579317092896, 0.35322266817092896, 0.353515625, 0.3539062440395355, 0.35400390625, 0.3539062440395355, 0.35468751192092896, 0.35273438692092896, 0.35595703125, 0.35322266817092896, 0.35517579317092896, 0.353515625, 0.35332030057907104, 0.353515625, 0.35478514432907104, 0.3539062440395355, 0.3525390625, 0.35302734375, 0.3531250059604645, 0.3531250059604645, 0.3539062440395355, 0.3534179627895355, 0.35468751192092896, 0.35429686307907104, 0.35380858182907104, 0.3541015684604645, 0.3545898497104645, 0.3545898497104645, 0.35380858182907104, 0.35322266817092896, 0.35429686307907104, 0.3550781309604645, 0.3539062440395355, 0.3529296815395355, 0.35371094942092896, 0.35283201932907104, 0.3541015684604645, 0.35566407442092896, 0.35400390625, 0.3536132872104645, 0.3544921875, 0.35517579317092896, 0.35400390625, 0.3544921875, 0.35498046875, 0.3531250059604645, 0.3548828065395355, 0.3531250059604645, 0.3539062440395355, 0.3543945252895355, 0.3539062440395355, 0.35371094942092896, 0.35380858182907104, 0.3545898497104645, 0.35517579317092896, 0.35371094942092896, 0.35400390625, 0.35400390625, 0.35371094942092896, 0.35322266817092896, 0.35429686307907104, 0.35322266817092896, 0.3541015684604645, 0.3545898497104645, 0.35283201932907104]}