{"loss": [8.550407409667969, 4.5533766746521, 2.767277956008911, 2.023768901824951, 1.756739616394043, 1.6423920392990112, 1.5809580087661743, 1.5394203662872314, 1.5071704387664795, 1.478692889213562, 1.4531517028808594, 1.441214680671692, 1.4061193466186523, 1.389873743057251, 1.3478710651397705, 1.3088279962539673, 1.2780650854110718, 1.2449924945831299, 1.23195481300354, 1.2055050134658813, 1.1206883192062378], "accuracy": [0.20488987863063812, 0.21369069814682007, 0.2564947307109833, 0.3161003291606903, 0.3359610438346863, 0.35723361372947693, 0.3762001097202301, 0.3930487632751465, 0.4085090458393097, 0.42298099398612976, 0.4379706382751465, 0.4450065791606903, 0.4657614827156067, 0.47740963101387024, 0.5013883709907532, 0.5216255784034729, 0.5427334308624268, 0.5618881583213806, 0.5706890225410461, 0.5842432379722595, 0.6296827793121338], "val_loss": [6.0240702629089355, 3.425795316696167, 2.33670711517334, 1.9180349111557007, 1.7462177276611328, 1.6377182006835938, 1.5784814357757568, 1.5546281337738037, 1.5419366359710693, 1.5352650880813599, 1.5327537059783936, 1.5342333316802979, 1.5482213497161865, 1.562431812286377, 1.5803204774856567, 1.6053098440170288, 1.645477056503296, 1.6928589344024658, 1.6919925212860107, 1.7432279586791992, 1.7947168350219727], "val_accuracy": [0.20849609375, 0.21884766221046448, 0.26435548067092896, 0.3124023377895355, 0.32636719942092896, 0.3626953065395355, 0.3809570372104645, 0.3841796815395355, 0.38935548067092896, 0.39501953125, 0.39599609375, 0.3944335877895355, 0.39501953125, 0.3882812559604645, 0.3851562440395355, 0.38916015625, 0.37382811307907104, 0.3675781190395355, 0.37724608182907104, 0.3750976622104645, 0.3633789122104645]}