{"loss": [12.53939151763916, 6.88081169128418, 4.631387710571289, 3.5338969230651855, 2.891812324523926, 2.5018699169158936, 2.233882188796997, 2.0454344749450684, 1.915486216545105, 1.8216519355773926, 1.751549243927002, 1.7048343420028687, 1.6643378734588623, 1.6331204175949097, 1.610649585723877, 1.593039870262146, 1.5776188373565674, 1.56619393825531, 1.5534427165985107, 1.545775055885315, 1.5344804525375366, 1.5258082151412964, 1.518906593322754, 1.5114169120788574, 1.5074950456619263, 1.502437710762024, 1.4986706972122192, 1.4930598735809326, 1.487951397895813, 1.4809834957122803, 1.4645158052444458, 1.4544073343276978, 1.447534441947937, 1.4404436349868774], "accuracy": [0.19655968248844147, 0.20698419213294983, 0.2136436402797699, 0.2620011270046234, 0.29501599073410034, 0.30748775601387024, 0.3146178424358368, 0.32311275601387024, 0.32831326127052307, 0.33704349398612976, 0.34384411573410034, 0.35191547870635986, 0.36170461773872375, 0.36923474073410034, 0.380247563123703, 0.3823889195919037, 0.3902014195919037, 0.3976609706878662, 0.40424981713294983, 0.40992093086242676, 0.4134271442890167, 0.4170745611190796, 0.4223220944404602, 0.4273107945919037, 0.4298522174358368, 0.43291133642196655, 0.43648815155029297, 0.44225338101387024, 0.4426299035549164, 0.4474303424358368, 0.45891377329826355, 0.46580854058265686, 0.4726327061653137, 0.47769200801849365], "val_loss": [8.833393096923828, 5.418652057647705, 4.000823497772217, 3.2089977264404297, 2.705373764038086, 2.368344783782959, 2.1276164054870605, 1.9666763544082642, 1.8511489629745483, 1.7736623287200928, 1.7192014455795288, 1.6809526681900024, 1.6453357934951782, 1.6238117218017578, 1.6105492115020752, 1.6058924198150635, 1.5938897132873535, 1.5856956243515015, 1.5774184465408325, 1.5901390314102173, 1.5714913606643677, 1.5756813287734985, 1.5715603828430176, 1.5703425407409668, 1.5865166187286377, 1.5961663722991943, 1.5995904207229614, 1.604247808456421, 1.584167242050171, 1.5845460891723633, 1.6248117685317993, 1.615368127822876, 1.6311581134796143, 1.6537744998931885], "val_accuracy": [0.21445313096046448, 0.21865233778953552, 0.21953125298023224, 0.26347655057907104, 0.30156248807907104, 0.3154296875, 0.3287109434604645, 0.3359375, 0.3448242247104645, 0.35126954317092896, 0.35566407442092896, 0.3580078184604645, 0.3641601502895355, 0.3711914122104645, 0.37382811307907104, 0.37060546875, 0.3807617127895355, 0.3827148377895355, 0.39111328125, 0.3794921934604645, 0.3921875059604645, 0.3910156190395355, 0.39433592557907104, 0.3936523497104645, 0.38642579317092896, 0.38007813692092896, 0.37939453125, 0.38115233182907104, 0.39238280057907104, 0.39501953125, 0.37939453125, 0.38593751192092896, 0.3822265565395355, 0.37451171875]}