{"loss": [12.473472595214844, 6.81926965713501, 4.6059956550598145, 3.5157573223114014, 2.8955764770507812, 2.5069077014923096, 2.239149808883667, 2.050919532775879, 1.9180805683135986, 1.8242862224578857, 1.756927728652954, 1.7089762687683105, 1.672322154045105, 1.646095871925354, 1.6218265295028687, 1.601828694343567, 1.5856245756149292, 1.5813428163528442, 1.5599063634872437, 1.5526479482650757, 1.544614315032959, 1.5340020656585693, 1.5274890661239624, 1.5202547311782837, 1.5151718854904175, 1.5078125, 1.50078284740448, 1.4931601285934448, 1.4896329641342163, 1.4796645641326904, 1.470863938331604, 1.4677942991256714], "accuracy": [0.2032897174358368, 0.2086784690618515, 0.2127494364976883, 0.2663309574127197, 0.2964514195919037, 0.3041227459907532, 0.31482961773872375, 0.3210655152797699, 0.3261954188346863, 0.3335372805595398, 0.33989080786705017, 0.3465973138809204, 0.3534920811653137, 0.3604103922843933, 0.3679169714450836, 0.3779885172843933, 0.3846479654312134, 0.3864363729953766, 0.3981551229953766, 0.4010259807109833, 0.4059440791606903, 0.4126035273075104, 0.4174745976924896, 0.42180439829826355, 0.42512235045433044, 0.4299934208393097, 0.4361116290092468, 0.4428652226924896, 0.44234752655029297, 0.44987764954566956, 0.4571724534034729, 0.46089044213294983], "val_loss": [8.749683380126953, 5.383505821228027, 3.989534854888916, 3.203220844268799, 2.710580348968506, 2.3722453117370605, 2.13195538520813, 1.9675581455230713, 1.8579574823379517, 1.781084656715393, 1.7242686748504639, 1.686841607093811, 1.6630655527114868, 1.6385021209716797, 1.6153732538223267, 1.604689598083496, 1.5895580053329468, 1.5857431888580322, 1.5759363174438477, 1.571808099746704, 1.5706061124801636, 1.5674026012420654, 1.5685032606124878, 1.5676292181015015, 1.5683714151382446, 1.5725014209747314, 1.5736103057861328, 1.5749242305755615, 1.5794408321380615, 1.5845942497253418, 1.593884825706482, 1.593508243560791], "val_accuracy": [0.20791015028953552, 0.2080078125, 0.21767577528953552, 0.2613281309604645, 0.2920898497104645, 0.31103515625, 0.32685548067092896, 0.3338867127895355, 0.33955079317092896, 0.34375, 0.3436523377895355, 0.3453125059604645, 0.34912109375, 0.35664063692092896, 0.3651367127895355, 0.37324219942092896, 0.3809570372104645, 0.3804687559604645, 0.38916015625, 0.3902343809604645, 0.3907226622104645, 0.39335936307907104, 0.3939453065395355, 0.3963867127895355, 0.3968749940395355, 0.3980468809604645, 0.39775389432907104, 0.39599609375, 0.39677733182907104, 0.39970701932907104, 0.4019531309604645, 0.3965820372104645]}