{"loss": [12.423955917358398, 6.777796745300293, 4.578174114227295, 3.486999988555908, 2.8817951679229736, 2.5000176429748535, 2.2351744174957275, 2.048147439956665, 1.9144134521484375, 1.8237351179122925, 1.7578130960464478, 1.7069740295410156, 1.6711697578430176, 1.642459511756897, 1.618957281112671, 1.5991624593734741, 1.5849655866622925, 1.5707811117172241, 1.5581542253494263, 1.5536372661590576, 1.539669394493103, 1.5317550897598267, 1.524989366531372, 1.516895055770874, 1.5124272108078003, 1.5031579732894897, 1.4970554113388062, 1.4908946752548218, 1.483101487159729, 1.4749292135238647, 1.4832526445388794, 1.475264072418213, 1.469589114189148], "accuracy": [0.1979951113462448, 0.20625470578670502, 0.21277296543121338, 0.2762848138809204, 0.29694560170173645, 0.3054169714450836, 0.31485316157341003, 0.3215361535549164, 0.32791322469711304, 0.33212536573410034, 0.34125563502311707, 0.3485269248485565, 0.3544333577156067, 0.3616575598716736, 0.3739175498485565, 0.38003575801849365, 0.3856833577156067, 0.3930722773075104, 0.3987669348716736, 0.39923757314682007, 0.4095208942890167, 0.4152626097202301, 0.4211690425872803, 0.42403990030288696, 0.42808735370635986, 0.43427616357803345, 0.43528804183006287, 0.4412650465965271, 0.44495952129364014, 0.45230138301849365, 0.4516660273075104, 0.45183077454566956, 0.45785486698150635], "val_loss": [8.692872047424316, 5.348388195037842, 3.9642326831817627, 3.182368278503418, 2.6851718425750732, 2.356534004211426, 2.123077630996704, 1.9622001647949219, 1.8505592346191406, 1.773705244064331, 1.7218561172485352, 1.6803512573242188, 1.6518462896347046, 1.6289141178131104, 1.6096299886703491, 1.5947329998016357, 1.5823137760162354, 1.5794554948806763, 1.571131944656372, 1.5704624652862549, 1.5669894218444824, 1.5668771266937256, 1.5643024444580078, 1.5653026103973389, 1.5699503421783447, 1.5695124864578247, 1.5726854801177979, 1.5765353441238403, 1.5815551280975342, 1.5941506624221802, 1.5860207080841064, 1.5894262790679932, 1.5878794193267822], "val_accuracy": [0.20820312201976776, 0.2099609375, 0.22392578423023224, 0.2813476622104645, 0.3091796934604645, 0.3192382752895355, 0.3257812559604645, 0.33027344942092896, 0.3350585997104645, 0.33916014432907104, 0.34257811307907104, 0.34882813692092896, 0.3573242127895355, 0.36455076932907104, 0.3682617247104645, 0.37519532442092896, 0.3841796815395355, 0.384765625, 0.38691407442092896, 0.39042967557907104, 0.39238280057907104, 0.39335936307907104, 0.3951171934604645, 0.3980468809604645, 0.3926757872104645, 0.39472657442092896, 0.39667969942092896, 0.3935546875, 0.3936523497104645, 0.39111328125, 0.3934570252895355, 0.39667969942092896, 0.3970703184604645]}