{"loss": [11.893177032470703, 6.461928844451904, 4.492635726928711, 3.563265085220337, 2.9937071800231934, 2.605595588684082, 2.3304717540740967, 2.1336445808410645, 1.9938716888427734, 1.8957831859588623, 1.8255207538604736, 1.776335597038269, 1.740644097328186, 1.7163959741592407, 1.6989507675170898, 1.6869642734527588, 1.678368091583252, 1.670925498008728, 1.664828896522522, 1.661637306213379, 1.6597849130630493, 1.6569024324417114, 1.6545908451080322, 1.6533100605010986, 1.6507726907730103, 1.6498034000396729, 1.6486027240753174, 1.6491644382476807, 1.6471408605575562, 1.6464356184005737, 1.6458396911621094, 1.6444427967071533, 1.6437768936157227, 1.6445064544677734, 1.643175482749939, 1.6417226791381836, 1.6439446210861206, 1.640824317932129, 1.6414005756378174, 1.6403295993804932, 1.63978111743927, 1.6394551992416382, 1.638830304145813, 1.638670802116394, 1.6390166282653809, 1.6379717588424683, 1.6375277042388916], "accuracy": [0.2459290325641632, 0.2678840458393097, 0.2761671543121338, 0.28282663226127625, 0.28776827454566956, 0.28986257314682007, 0.29094502329826355, 0.2920510172843933, 0.29350998997688293, 0.29513365030288696, 0.29412180185317993, 0.2980515956878662, 0.29515719413757324, 0.2995575964450836, 0.29847514629364014, 0.2975103557109833, 0.29995763301849365, 0.30071064829826355, 0.29979291558265686, 0.30179309844970703, 0.2985222041606903, 0.3010636270046234, 0.3018166422843933, 0.3034403324127197, 0.3048522174358368, 0.30325207114219666, 0.3030638098716736, 0.30325207114219666, 0.3028990924358368, 0.30489927530288696, 0.3066641688346863, 0.30508753657341003, 0.30562877655029297, 0.3031579554080963, 0.3071347773075104, 0.3070642054080963, 0.30534639954566956, 0.3098174035549164, 0.3073700964450836, 0.3078877925872803, 0.3075112998485565, 0.3085702061653137, 0.30852314829826355, 0.30939382314682007, 0.3073700964450836, 0.31351184844970703, 0.3109704554080963], "val_loss": [8.189107894897461, 5.1660380363464355, 3.914489269256592, 3.217072010040283, 2.756906747817993, 2.4323863983154297, 2.204054117202759, 2.0391149520874023, 1.923274278640747, 1.8421876430511475, 1.7849029302597046, 1.7428394556045532, 1.7143090963363647, 1.694337248802185, 1.6811723709106445, 1.671736478805542, 1.6650139093399048, 1.658117651939392, 1.6544564962387085, 1.65159010887146, 1.6494649648666382, 1.6468379497528076, 1.6461101770401, 1.6452455520629883, 1.643803358078003, 1.6431938409805298, 1.642687439918518, 1.6421029567718506, 1.6404081583023071, 1.642208456993103, 1.6411855220794678, 1.6416107416152954, 1.6409752368927002, 1.6410701274871826, 1.640432596206665, 1.6415942907333374, 1.640028715133667, 1.640493392944336, 1.641129493713379, 1.6417427062988281, 1.6418530941009521, 1.642258882522583, 1.642845869064331, 1.6427991390228271, 1.643141508102417, 1.6447206735610962, 1.6455411911010742], "val_accuracy": [0.28681641817092896, 0.2891601622104645, 0.29423826932907104, 0.2962890565395355, 0.29912108182907104, 0.30107420682907104, 0.3017578125, 0.3033203184604645, 0.3045898377895355, 0.3026367127895355, 0.30292969942092896, 0.3057617247104645, 0.30537110567092896, 0.3060546815395355, 0.30781251192092896, 0.30585938692092896, 0.30517578125, 0.306640625, 0.30732423067092896, 0.30634766817092896, 0.30488282442092896, 0.3077148497104645, 0.3062500059604645, 0.31035155057907104, 0.3076171875, 0.30595701932907104, 0.30537110567092896, 0.306640625, 0.3094726502895355, 0.30878907442092896, 0.30791014432907104, 0.30878907442092896, 0.3101562559604645, 0.3091796934604645, 0.3089843690395355, 0.30937498807907104, 0.30878907442092896, 0.30986326932907104, 0.30712890625, 0.3070312440395355, 0.30498045682907104, 0.3077148497104645, 0.30595701932907104, 0.30888670682907104, 0.31035155057907104, 0.30683594942092896, 0.306640625]}