{"loss": [17.281105041503906, 10.810551643371582, 7.288808822631836, 5.314006328582764, 4.120823383331299, 3.341296434402466, 2.745563507080078, 2.348670244216919, 2.103661060333252, 1.937514305114746, 1.8250542879104614, 1.7465336322784424, 1.6967238187789917, 1.6571580171585083, 1.6287875175476074, 1.6056572198867798, 1.583926796913147, 1.562358021736145, 1.5404270887374878, 1.523280382156372, 1.509582757949829, 1.4943864345550537, 1.4832823276519775, 1.4669151306152344, 1.455736517906189, 1.4434674978256226, 1.4488335847854614, 1.422589898109436, 1.407332181930542, 1.39370596408844, 1.3764458894729614, 1.3521031141281128, 1.331635594367981], "accuracy": [0.19477127492427826, 0.20601938664913177, 0.2095962017774582, 0.2088431864976883, 0.21081984043121338, 0.21103163063526154, 0.26056569814682007, 0.28355610370635986, 0.29409825801849365, 0.30174604058265686, 0.31094691157341003, 0.3201477825641632, 0.32657191157341003, 0.33389025926589966, 0.3452560305595398, 0.35330384969711304, 0.3670698404312134, 0.3784591555595398, 0.3900602459907532, 0.4009553790092468, 0.41128575801849365, 0.42013365030288696, 0.42735788226127625, 0.4360175132751465, 0.44180628657341003, 0.4510071575641632, 0.44827747344970703, 0.46237292885780334, 0.47362104058265686, 0.4818571209907532, 0.4926816523075104, 0.5081183910369873, 0.5211549401283264], "val_loss": [13.368123054504395, 8.677553176879883, 6.113552570343018, 4.619678020477295, 3.677248001098633, 3.0331716537475586, 2.4894838333129883, 2.193773031234741, 1.9922126531600952, 1.8593727350234985, 1.76239013671875, 1.7030349969863892, 1.66143798828125, 1.6361501216888428, 1.6125017404556274, 1.6017720699310303, 1.5727373361587524, 1.5546661615371704, 1.5503660440444946, 1.5404105186462402, 1.5250482559204102, 1.5185890197753906, 1.517206072807312, 1.5216195583343506, 1.5211050510406494, 1.52213454246521, 1.5243626832962036, 1.5400160551071167, 1.5446058511734009, 1.556717872619629, 1.5615315437316895, 1.591178059577942, 1.6078033447265625], "val_accuracy": [0.20781250298023224, 0.20781250298023224, 0.20781250298023224, 0.20781250298023224, 0.20761719346046448, 0.21250000596046448, 0.29902344942092896, 0.3018554747104645, 0.30732423067092896, 0.3158203065395355, 0.32832032442092896, 0.3331054747104645, 0.3369140625, 0.34013670682907104, 0.34746092557907104, 0.34931641817092896, 0.3662109375, 0.3809570372104645, 0.3857421875, 0.3916015625, 0.3978515565395355, 0.4012695252895355, 0.4033203125, 0.40625, 0.4073242247104645, 0.4076171815395355, 0.4071289002895355, 0.40058594942092896, 0.40253907442092896, 0.4041992127895355, 0.40771484375, 0.4017578065395355, 0.3960937559604645]}