{"loss": [12.47497844696045, 6.831378936767578, 4.601343154907227, 3.4959771633148193, 2.8948938846588135, 2.508085250854492, 2.242380142211914, 2.0556275844573975, 1.9241143465042114, 1.829270362854004, 1.7639250755310059, 1.7165621519088745, 1.6831201314926147, 1.6580291986465454, 1.63381826877594, 1.617495059967041, 1.600372076034546, 1.5855422019958496, 1.5734519958496094, 1.5617343187332153, 1.5517945289611816, 1.5452724695205688, 1.5347354412078857, 1.52671480178833, 1.5209232568740845, 1.5104243755340576, 1.5077461004257202, 1.4976341724395752, 1.4881601333618164, 1.480173945426941, 1.4713234901428223, 1.4634674787521362, 1.4492820501327515, 1.4417377710342407], "accuracy": [0.20008942484855652, 0.20531344413757324, 0.2214561402797699, 0.27546122670173645, 0.2949454188346863, 0.30548757314682007, 0.3111116290092468, 0.3179122805595398, 0.32323041558265686, 0.3276543617248535, 0.3329254388809204, 0.33946725726127625, 0.34544429183006287, 0.35149189829826355, 0.3619164228439331, 0.36798757314682007, 0.37732961773872375, 0.3862245976924896, 0.3916603922843933, 0.3986022174358368, 0.40448513627052307, 0.40785014629364014, 0.41368600726127625, 0.41848644614219666, 0.4243928790092468, 0.4316641688346863, 0.4334290325641632, 0.44119447469711304, 0.4468185305595398, 0.45366623997688293, 0.4588667154312134, 0.46383190155029297, 0.47364458441734314, 0.4846809208393097], "val_loss": [8.759997367858887, 5.387089729309082, 3.963291883468628, 3.171867847442627, 2.6898233890533447, 2.355344533920288, 2.1290574073791504, 1.9714992046356201, 1.8607879877090454, 1.785768747329712, 1.73284113407135, 1.69583261013031, 1.6665353775024414, 1.645578384399414, 1.6310317516326904, 1.6169246435165405, 1.6091352701187134, 1.6059757471084595, 1.5983943939208984, 1.5888502597808838, 1.5991336107254028, 1.5948553085327148, 1.6000906229019165, 1.5871504545211792, 1.6031497716903687, 1.6079028844833374, 1.596182942390442, 1.6075090169906616, 1.6123937368392944, 1.6176321506500244, 1.6282278299331665, 1.6373002529144287, 1.6401325464248657, 1.6469541788101196], "val_accuracy": [0.21601562201976776, 0.21718749403953552, 0.24951171875, 0.29814451932907104, 0.30732423067092896, 0.31376951932907104, 0.3207031190395355, 0.32978516817092896, 0.3330078125, 0.33613282442092896, 0.33916014432907104, 0.3467773497104645, 0.3516601622104645, 0.3583007752895355, 0.36455076932907104, 0.3705078065395355, 0.37353515625, 0.37617188692092896, 0.3819335997104645, 0.384765625, 0.3846679627895355, 0.38300782442092896, 0.38544923067092896, 0.3912109434604645, 0.38749998807907104, 0.38935548067092896, 0.3907226622104645, 0.39453125, 0.39208984375, 0.39179688692092896, 0.39013671875, 0.38603514432907104, 0.38115233182907104, 0.38740235567092896]}