{"loss": [9.196211814880371, 7.194516181945801, 5.669308662414551, 4.573122024536133, 3.7650771141052246, 3.1669840812683105, 2.7305381298065186, 2.4105992317199707, 2.1795096397399902, 2.0160911083221436, 1.8982694149017334, 1.8171465396881104, 1.759395718574524, 1.7196929454803467, 1.692785382270813, 1.672589898109436, 1.6574859619140625, 1.647265911102295, 1.639832854270935, 1.6331735849380493, 1.6269832849502563, 1.6224561929702759, 1.6183465719223022, 1.614964485168457, 1.6106817722320557, 1.607155680656433, 1.6021097898483276, 1.5985701084136963, 1.592251181602478, 1.5892918109893799, 1.5844327211380005, 1.5785166025161743, 1.5729057788848877], "accuracy": [0.20394860208034515, 0.23009224236011505, 0.2652955651283264, 0.27637895941734314, 0.28294429183006287, 0.287109375, 0.2886389195919037, 0.2919333577156067, 0.29602786898612976, 0.29922816157341003, 0.30056947469711304, 0.30104008316993713, 0.3035109043121338, 0.30433452129364014, 0.3038168251514435, 0.3065229654312134, 0.3099585771560669, 0.3075583577156067, 0.31000563502311707, 0.31064099073410034, 0.31285297870635986, 0.31527674198150635, 0.31737104058265686, 0.31784167885780334, 0.320924311876297, 0.3243834674358368, 0.3260071575641632, 0.3274190425872803, 0.32986634969711304, 0.3334902226924896, 0.3358198404312134, 0.3407379388809204, 0.34530308842658997], "val_loss": [8.107848167419434, 6.347440242767334, 5.061268329620361, 4.115872383117676, 3.421337127685547, 2.9118800163269043, 2.5415351390838623, 2.2734904289245605, 2.0823140144348145, 1.9456861019134521, 1.8504140377044678, 1.7843233346939087, 1.7382194995880127, 1.7070868015289307, 1.6854989528656006, 1.6704975366592407, 1.6608623266220093, 1.6536881923675537, 1.6496661901474, 1.6463651657104492, 1.6446402072906494, 1.6439952850341797, 1.6433006525039673, 1.6437294483184814, 1.6444931030273438, 1.6457865238189697, 1.6449244022369385, 1.6462608575820923, 1.648105263710022, 1.6511151790618896, 1.656059980392456, 1.6587167978286743, 1.6617580652236938], "val_accuracy": [0.21308593451976776, 0.26093751192092896, 0.2894531190395355, 0.2972656190395355, 0.29736328125, 0.29912108182907104, 0.2994140684604645, 0.30224609375, 0.30195313692092896, 0.30253905057907104, 0.3031249940395355, 0.30244141817092896, 0.30488282442092896, 0.3041015565395355, 0.30537110567092896, 0.30341798067092896, 0.30390626192092896, 0.30292969942092896, 0.30302733182907104, 0.30302733182907104, 0.30107420682907104, 0.2999023497104645, 0.2992187440395355, 0.29951173067092896, 0.2967773377895355, 0.29863280057907104, 0.3016601502895355, 0.30146485567092896, 0.30097657442092896, 0.29833984375, 0.29707032442092896, 0.30107420682907104, 0.2987304627895355]}