{"loss": [12.354665756225586, 6.67554235458374, 4.533657073974609, 3.5471854209899902, 2.9643986225128174, 2.574495315551758, 2.30049729347229, 2.1060659885406494, 1.9672423601150513, 1.8665876388549805, 1.7960704565048218, 1.7454519271850586, 1.7081577777862549, 1.6806423664093018, 1.66065514087677, 1.6467366218566895, 1.6334235668182373, 1.623570442199707, 1.615427017211914, 1.6085171699523926, 1.6048927307128906, 1.5978695154190063, 1.5931429862976074, 1.5902588367462158, 1.5881991386413574, 1.5806002616882324, 1.5773541927337646, 1.5731892585754395, 1.566466212272644, 1.562437653541565, 1.55736243724823], "accuracy": [0.20244258642196655, 0.2620481848716736, 0.290403813123703, 0.29605138301849365, 0.30704066157341003, 0.3140060305595398, 0.3185005784034729, 0.32278332114219666, 0.32711315155029297, 0.33120763301849365, 0.3363610804080963, 0.3396790325641632, 0.34339702129364014, 0.34669145941734314, 0.3483857214450836, 0.3521978557109833, 0.35462161898612976, 0.35673946142196655, 0.361328125, 0.36563441157341003, 0.3690229654312134, 0.3741058111190796, 0.3772355020046234, 0.3798004388809204, 0.38067111372947693, 0.3885542154312134, 0.38982492685317993, 0.39733150601387024, 0.4044380784034729, 0.4076148271560669, 0.41566264629364014], "val_loss": [8.624090194702148, 5.335366249084473, 3.9656577110290527, 3.2208938598632812, 2.738708972930908, 2.4126405715942383, 2.183020830154419, 2.023714542388916, 1.9108079671859741, 1.8352062702178955, 1.7737948894500732, 1.7277705669403076, 1.6999260187149048, 1.6780691146850586, 1.6650104522705078, 1.6547422409057617, 1.6536213159561157, 1.6429353952407837, 1.6426734924316406, 1.6395686864852905, 1.635899543762207, 1.63761305809021, 1.6442950963974, 1.647059440612793, 1.6484363079071045, 1.6526157855987549, 1.6571649312973022, 1.6651169061660767, 1.6700859069824219, 1.6820615530014038, 1.6872478723526], "val_accuracy": [0.20966796576976776, 0.26484376192092896, 0.2933593690395355, 0.30585938692092896, 0.3148437440395355, 0.31767576932907104, 0.32246094942092896, 0.3241210877895355, 0.32421875, 0.32402342557907104, 0.3255859315395355, 0.33320313692092896, 0.3377929627895355, 0.34013670682907104, 0.3370117247104645, 0.3409179747104645, 0.33740234375, 0.3423828184604645, 0.33955079317092896, 0.3451171815395355, 0.34785157442092896, 0.34716796875, 0.3482421934604645, 0.34687501192092896, 0.34716796875, 0.34619140625, 0.34501951932907104, 0.34423828125, 0.341796875, 0.3443359434604645, 0.34394532442092896]}