{"loss": [31.365304946899414, 23.323604583740234, 17.372934341430664, 12.962381362915039, 9.702130317687988, 7.311816692352295, 5.578550338745117, 4.334774017333984, 3.4557487964630127, 2.8420021533966064, 2.4192419052124023, 2.132155418395996, 1.9414350986480713, 1.814854621887207, 1.7339884042739868, 1.6812618970870972, 1.6467632055282593, 1.6263269186019897, 1.6128273010253906, 1.6034389734268188, 1.5965027809143066, 1.593375325202942, 1.5901888608932495, 1.5866336822509766, 1.5841128826141357, 1.582438588142395, 1.5809355974197388, 1.5794684886932373, 1.5775257349014282, 1.5762399435043335, 1.5749199390411377, 1.5734636783599854, 1.57229483127594, 1.570530891418457, 1.569084644317627, 1.5676416158676147, 1.5663437843322754, 1.5641024112701416, 1.5630638599395752, 1.5616291761398315, 1.559609055519104, 1.5588138103485107, 1.5575449466705322, 1.555798053741455, 1.553544521331787, 1.5517423152923584, 1.5505967140197754, 1.5496290922164917, 1.5480120182037354, 1.5478572845458984, 1.5448626279830933, 1.542410969734192, 1.5418237447738647, 1.5406851768493652, 1.5392683744430542, 1.5368739366531372, 1.5358325242996216, 1.5337477922439575, 1.5326086282730103, 1.5312069654464722, 1.5301547050476074, 1.5292211771011353, 1.526089072227478, 1.5245893001556396], "accuracy": [0.22872741520404816, 0.3031814694404602, 0.32447758316993713, 0.3318900465965271, 0.33405497670173645, 0.3393495976924896, 0.3369964361190796, 0.33974963426589966, 0.33883190155029297, 0.33887895941734314, 0.3397025465965271, 0.3410909175872803, 0.3424322307109833, 0.3434676229953766, 0.3446206748485565, 0.34469127655029297, 0.3465737998485565, 0.34636202454566956, 0.3452560305595398, 0.3460090458393097, 0.3490210771560669, 0.34803274273872375, 0.35088008642196655, 0.3530214726924896, 0.3516801595687866, 0.35386860370635986, 0.3538215458393097, 0.3544098138809204, 0.3548333942890167, 0.35732775926589966, 0.3581513464450836, 0.35871610045433044, 0.36031627655029297, 0.36064571142196655, 0.3608574867248535, 0.3636106848716736, 0.36354008316993713, 0.36532849073410034, 0.3657050132751465, 0.3652108311653137, 0.3664109706878662, 0.36681100726127625, 0.368528813123703, 0.3691641688346863, 0.3705289959907532, 0.3727174401283264, 0.3716820478439331, 0.3733292520046234, 0.37445876002311707, 0.37504705786705017, 0.37671780586242676, 0.37972986698150635, 0.37925922870635986, 0.3792356848716736, 0.3801534175872803, 0.38227126002311707, 0.38213008642196655, 0.38467150926589966, 0.3861539959907532, 0.38768354058265686, 0.3883659541606903, 0.38740116357803345, 0.3897308111190796, 0.38994258642196655], "val_loss": [26.964120864868164, 20.082042694091797, 14.962519645690918, 11.162900924682617, 8.366410255432129, 6.330770015716553, 4.865825653076172, 3.8243393898010254, 3.092944622039795, 2.587721347808838, 2.242478847503662, 2.0114452838897705, 1.857992172241211, 1.7581148147583008, 1.6940160989761353, 1.6528021097183228, 1.6271584033966064, 1.609437346458435, 1.5989587306976318, 1.5917942523956299, 1.58682119846344, 1.5835667848587036, 1.5805561542510986, 1.5792007446289062, 1.577035665512085, 1.5752540826797485, 1.5746421813964844, 1.57404625415802, 1.5731346607208252, 1.5722246170043945, 1.5737488269805908, 1.572033166885376, 1.5711815357208252, 1.5719901323318481, 1.5714292526245117, 1.5720090866088867, 1.5715776681900024, 1.5714569091796875, 1.5716781616210938, 1.5698622465133667, 1.5690460205078125, 1.5696080923080444, 1.5691802501678467, 1.5676008462905884, 1.5678123235702515, 1.5667998790740967, 1.5669623613357544, 1.566839575767517, 1.5665919780731201, 1.566879391670227, 1.5670018196105957, 1.566648244857788, 1.566738486289978, 1.5663484334945679, 1.566892385482788, 1.567071557044983, 1.567207932472229, 1.5678013563156128, 1.5682028532028198, 1.5686379671096802, 1.5691344738006592, 1.5701549053192139, 1.5700217485427856, 1.5710493326187134], "val_accuracy": [0.21982422471046448, 0.27226561307907104, 0.31513673067092896, 0.3363281190395355, 0.34716796875, 0.35009765625, 0.3495117127895355, 0.3514648377895355, 0.35087889432907104, 0.3505859375, 0.35078126192092896, 0.35205078125, 0.35205078125, 0.3515625, 0.35371094942092896, 0.3534179627895355, 0.3541015684604645, 0.3570312559604645, 0.3560546934604645, 0.35693359375, 0.3580078184604645, 0.3592773377895355, 0.3602539002895355, 0.36015623807907104, 0.3603515625, 0.36113280057907104, 0.3619140684604645, 0.36396485567092896, 0.36210936307907104, 0.36279296875, 0.36210936307907104, 0.36308592557907104, 0.36347657442092896, 0.36250001192092896, 0.3631835877895355, 0.36259764432907104, 0.3623046875, 0.36113280057907104, 0.36103516817092896, 0.3612304627895355, 0.3624023497104645, 0.36015623807907104, 0.3619140684604645, 0.3624023497104645, 0.3619140684604645, 0.36250001192092896, 0.36279296875, 0.36298829317092896, 0.36376953125, 0.3641601502895355, 0.3633789122104645, 0.3633789122104645, 0.36503905057907104, 0.36591798067092896, 0.3666015565395355, 0.3642578125, 0.36455076932907104, 0.3642578125, 0.3642578125, 0.36210936307907104, 0.3623046875, 0.361328125, 0.3638671934604645, 0.36015623807907104]}