{"loss": [3.035223960876465, 0.8952829241752625, 0.8475663661956787, 0.8348435163497925, 0.8254331946372986, 0.816692054271698, 0.8100255131721497, 0.8058964014053345, 0.8018198609352112, 0.7987626791000366, 0.7958196997642517, 0.7930892705917358, 0.7907569408416748, 0.7888413071632385, 0.7875572443008423, 0.7856792211532593, 0.7837222814559937, 0.7827566266059875, 0.780927300453186, 0.7804254293441772, 0.7783008217811584, 0.7768227458000183, 0.7760626077651978, 0.7742919325828552, 0.7730586528778076, 0.772367537021637, 0.7711074948310852, 0.7695276141166687, 0.7685949206352234, 0.7673313021659851, 0.7652599215507507, 0.7646926641464233, 0.7629849910736084, 0.7621104121208191, 0.7603144645690918, 0.7594294548034668, 0.7569399476051331, 0.7547104358673096, 0.7539454102516174, 0.7520454525947571, 0.7508683800697327, 0.7477706074714661, 0.7468846440315247, 0.7444779872894287], "accuracy": [0.5963284373283386, 0.6447980403900146, 0.6508304476737976, 0.6546637415885925, 0.6592828631401062, 0.6644752025604248, 0.6671141386032104, 0.6693549156188965, 0.6713371872901917, 0.673454999923706, 0.6742366552352905, 0.6760459542274475, 0.6766316890716553, 0.6778552532196045, 0.6785660982131958, 0.6791080236434937, 0.6808527112007141, 0.6810611486434937, 0.6819449663162231, 0.682532787322998, 0.6836750507354736, 0.684342086315155, 0.6850090622901917, 0.6858449578285217, 0.6871019005775452, 0.6873999238014221, 0.6881273984909058, 0.6889340877532959, 0.6900700926780701, 0.6912311315536499, 0.6922858953475952, 0.692842423915863, 0.6940826773643494, 0.6948268413543701, 0.6957044005393982, 0.6966632008552551, 0.6986726522445679, 0.6997169256210327, 0.7003464102745056, 0.7020598649978638, 0.7031437754631042, 0.7053720355033875, 0.7063246369361877, 0.7080150842666626], "val_loss": [0.9780563116073608, 0.8450469374656677, 0.8312329053878784, 0.8337152600288391, 0.8207265138626099, 0.816839873790741, 0.8132604360580444, 0.8170521855354309, 0.8201389908790588, 0.8182405829429626, 0.8215884566307068, 0.806216299533844, 0.8164509534835815, 0.8174274563789368, 0.8112646341323853, 0.8150306940078735, 0.8020017743110657, 0.8061225414276123, 0.8090190887451172, 0.809829592704773, 0.8069685697555542, 0.7965772747993469, 0.7998666763305664, 0.8012559413909912, 0.7965616583824158, 0.7976409196853638, 0.7977573275566101, 0.7998507618904114, 0.7961820960044861, 0.793276309967041, 0.7973432540893555, 0.7953476905822754, 0.7977349162101746, 0.791051983833313, 0.7960189580917358, 0.7957488894462585, 0.8030210733413696, 0.8027286529541016, 0.801429808139801, 0.8020262718200684, 0.7953765988349915, 0.8029401302337646, 0.7984667420387268, 0.8088093400001526], "val_accuracy": [0.6477113366127014, 0.6532785892486572, 0.6557742357254028, 0.6501235365867615, 0.6582698822021484, 0.6601645946502686, 0.6623931527137756, 0.6592381000518799, 0.6568760275840759, 0.658386766910553, 0.6553151607513428, 0.6651726365089417, 0.6590294241905212, 0.6576939821243286, 0.6609241366386414, 0.6587122678756714, 0.6658903956413269, 0.6630609035491943, 0.6620843410491943, 0.6609074473381042, 0.6636618375778198, 0.6697632670402527, 0.6669754981994629, 0.6664329767227173, 0.6703559160232544, 0.6676265597343445, 0.6687032580375671, 0.6677016615867615, 0.670289158821106, 0.6718583106994629, 0.6691206097602844, 0.6705896258354187, 0.6699302196502686, 0.6737697124481201, 0.6707732081413269, 0.6707314848899841, 0.6680188179016113, 0.6676933169364929, 0.6699469089508057, 0.6701555848121643, 0.6738114356994629, 0.6704310178756714, 0.6732438802719116, 0.6677767634391785]}