{"loss": [9.203605651855469, 7.189192771911621, 5.679285049438477, 4.585800647735596, 3.773949384689331, 3.17575740814209, 2.736567735671997, 2.4163119792938232, 2.184967517852783, 2.019956588745117, 1.9035335779190063, 1.8205492496490479, 1.7624369859695435, 1.722230076789856, 1.69560706615448, 1.6743848323822021, 1.6591938734054565, 1.650546908378601, 1.6426608562469482, 1.635910987854004, 1.6301974058151245, 1.6268514394760132, 1.621779441833496, 1.6186652183532715, 1.6141146421432495, 1.6117132902145386, 1.6072173118591309, 1.6039555072784424, 1.5985077619552612, 1.5953874588012695, 1.5902493000030518, 1.5868618488311768, 1.5797703266143799], "accuracy": [0.20030120015144348, 0.23976373672485352, 0.2696724534034729, 0.2754141688346863, 0.28343844413757324, 0.2852739095687866, 0.2913450598716736, 0.2934629023075104, 0.29513365030288696, 0.29783979058265686, 0.2996046543121338, 0.3011106848716736, 0.3038168251514435, 0.3027579188346863, 0.30176958441734314, 0.30464044213294983, 0.3046875, 0.307252436876297, 0.3072053790092468, 0.30793485045433044, 0.3126647174358368, 0.31195876002311707, 0.31257060170173645, 0.3159591555595398, 0.3171592652797699, 0.3200065791606903, 0.32191264629364014, 0.3247835040092468, 0.3278190791606903, 0.3288309574127197, 0.3305487632751465, 0.33629047870635986, 0.34069088101387024], "val_loss": [8.111432075500488, 6.345952033996582, 5.070718288421631, 4.125753402709961, 3.428609848022461, 2.9170114994049072, 2.5455198287963867, 2.2760777473449707, 2.0834498405456543, 1.9473823308944702, 1.8514236211776733, 1.7840211391448975, 1.7383153438568115, 1.7070186138153076, 1.685402274131775, 1.6698057651519775, 1.6589910984039307, 1.6519157886505127, 1.6472965478897095, 1.6438169479370117, 1.6417322158813477, 1.640094518661499, 1.6392509937286377, 1.6397864818572998, 1.639296531677246, 1.6400476694107056, 1.6413564682006836, 1.6427234411239624, 1.6433597803115845, 1.6450382471084595, 1.6473309993743896, 1.6501001119613647, 1.6563456058502197], "val_accuracy": [0.21181640028953552, 0.2655273377895355, 0.2872070372104645, 0.29462891817092896, 0.29511719942092896, 0.2967773377895355, 0.30029296875, 0.2994140684604645, 0.29951173067092896, 0.3011718690395355, 0.3017578125, 0.3017578125, 0.3026367127895355, 0.3011718690395355, 0.3021484315395355, 0.3041015565395355, 0.30585938692092896, 0.3052734434604645, 0.3055664002895355, 0.30449217557907104, 0.3052734434604645, 0.30439454317092896, 0.3042968809604645, 0.3037109375, 0.30693358182907104, 0.3046875, 0.30351561307907104, 0.30419921875, 0.3047851622104645, 0.30498045682907104, 0.30537110567092896, 0.3031249940395355, 0.2998046875]}