{"loss": [12.36389446258545, 6.680174827575684, 4.545986175537109, 3.5553622245788574, 2.9696202278137207, 2.5767688751220703, 2.3000564575195312, 2.1036720275878906, 1.9623619318008423, 1.860790729522705, 1.7891165018081665, 1.7379553318023682, 1.699582576751709, 1.6719682216644287, 1.652010440826416, 1.6382975578308105, 1.6233711242675781, 1.6166154146194458, 1.6077947616577148, 1.6014037132263184, 1.598741054534912, 1.5894187688827515, 1.58473539352417, 1.5839098691940308, 1.5788469314575195, 1.5741033554077148, 1.5711361169815063, 1.5655728578567505, 1.5636423826217651, 1.5589077472686768, 1.551777720451355, 1.5513468980789185, 1.543415904045105], "accuracy": [0.20533697307109833, 0.2674134075641632, 0.2907097041606903, 0.30449923872947693, 0.31073513627052307, 0.31586501002311707, 0.32132434844970703, 0.32113611698150635, 0.3279837965965271, 0.33271366357803345, 0.3344314694404602, 0.33784356713294983, 0.3433264195919037, 0.34664440155029297, 0.3503388464450836, 0.35149189829826355, 0.35723361372947693, 0.3590690791606903, 0.3634224534034729, 0.36497554183006287, 0.36874058842658997, 0.37029367685317993, 0.3763648271560669, 0.37944748997688293, 0.37911802530288696, 0.3870011270046234, 0.3907426595687866, 0.3955666422843933, 0.39923757314682007, 0.4060852825641632, 0.4146978557109833, 0.4136154055595398, 0.4226280152797699], "val_loss": [8.631410598754883, 5.35329532623291, 3.982396364212036, 3.233013868331909, 2.744196653366089, 2.4141738414764404, 2.182257652282715, 2.0155224800109863, 1.8977187871932983, 1.8180484771728516, 1.758345365524292, 1.7146975994110107, 1.6862897872924805, 1.672027826309204, 1.6553846597671509, 1.647820234298706, 1.64324951171875, 1.6321672201156616, 1.6289730072021484, 1.634332299232483, 1.6350278854370117, 1.6272690296173096, 1.6252456903457642, 1.6314369440078735, 1.6341196298599243, 1.6365373134613037, 1.6372188329696655, 1.643181562423706, 1.6483770608901978, 1.6560382843017578, 1.6694738864898682, 1.6768763065338135, 1.686335563659668], "val_accuracy": [0.22734375298023224, 0.27177733182907104, 0.30058592557907104, 0.31474608182907104, 0.3231445252895355, 0.32568359375, 0.3299804627895355, 0.3311523497104645, 0.3348632752895355, 0.33935546875, 0.34062498807907104, 0.34394532442092896, 0.34443360567092896, 0.3446289002895355, 0.3506835997104645, 0.34619140625, 0.34814453125, 0.3506835997104645, 0.35273438692092896, 0.34765625, 0.3482421934604645, 0.35419923067092896, 0.3575195372104645, 0.3536132872104645, 0.3531250059604645, 0.3573242127895355, 0.35595703125, 0.35595703125, 0.3560546934604645, 0.3511718809604645, 0.3511718809604645, 0.3524414002895355, 0.34931641817092896]}