{"loss": [12.879047393798828, 8.898808479309082, 6.26470422744751, 4.604423999786377, 3.5467000007629395, 2.87041974067688, 2.438924551010132, 2.1605210304260254, 1.9798719882965088, 1.859898567199707, 1.776932716369629, 1.7233206033706665, 1.6844747066497803, 1.6560980081558228, 1.6363776922225952, 1.6219737529754639, 1.6114569902420044, 1.5997436046600342, 1.5910024642944336, 1.5817738771438599, 1.5743505954742432, 1.5645849704742432, 1.5577454566955566, 1.5473127365112305, 1.538122534751892, 1.5253084897994995, 1.5167405605316162, 1.501755714416504, 1.4902048110961914, 1.473913550376892], "accuracy": [0.2001129537820816, 0.23058640956878662, 0.27047252655029297, 0.28132060170173645, 0.2878388464450836, 0.29332172870635986, 0.29965174198150635, 0.30374622344970703, 0.3064759075641632, 0.31440606713294983, 0.32132434844970703, 0.3247835040092468, 0.32744258642196655, 0.3328077793121338, 0.33570218086242676, 0.33871424198150635, 0.3413262367248535, 0.34551486372947693, 0.348997563123703, 0.3551628291606903, 0.35702183842658997, 0.36424604058265686, 0.36862292885780334, 0.3784120976924896, 0.3852597773075104, 0.3926016688346863, 0.3959196209907532, 0.4050498902797699, 0.41034451127052307, 0.4235222041606903], "val_loss": [10.620156288146973, 7.406923770904541, 5.3345794677734375, 4.0080108642578125, 3.1598258018493652, 2.616821765899658, 2.27317214012146, 2.053027629852295, 1.9071738719940186, 1.8092864751815796, 1.7462084293365479, 1.7048578262329102, 1.6742618083953857, 1.6563701629638672, 1.6434625387191772, 1.6350066661834717, 1.6262891292572021, 1.6200863122940063, 1.6148370504379272, 1.6128076314926147, 1.6138931512832642, 1.6130447387695312, 1.6162827014923096, 1.6203479766845703, 1.6256895065307617, 1.6301406621932983, 1.63300359249115, 1.6414225101470947, 1.6571601629257202, 1.6694447994232178], "val_accuracy": [0.21445313096046448, 0.2535156309604645, 0.28984373807907104, 0.2987304627895355, 0.29853516817092896, 0.3003906309604645, 0.3050781190395355, 0.30878907442092896, 0.314453125, 0.32246094942092896, 0.32695311307907104, 0.32958984375, 0.33447265625, 0.33271485567092896, 0.33369141817092896, 0.33330076932907104, 0.33857423067092896, 0.34130859375, 0.34306639432907104, 0.3448242247104645, 0.34394532442092896, 0.3453125059604645, 0.3436523377895355, 0.3466796875, 0.3438476622104645, 0.34648436307907104, 0.3492187559604645, 0.3495117127895355, 0.3431640565395355, 0.3447265625]}