{"loss": [12.495124816894531, 6.861425876617432, 4.629655361175537, 3.582119941711426, 2.906825542449951, 2.5110232830047607, 2.2433810234069824, 2.0569944381713867, 1.9240716695785522, 1.832915186882019, 1.7684096097946167, 1.7203398942947388, 1.688765048980713, 1.6641649007797241, 1.6426597833633423, 1.627060890197754, 1.6112715005874634, 1.5992553234100342, 1.589652419090271, 1.580931544303894, 1.569846510887146, 1.5628266334533691, 1.5538686513900757, 1.5473432540893555, 1.537608027458191, 1.5295323133468628, 1.5221173763275146, 1.5157681703567505, 1.5055094957351685, 1.4999017715454102, 1.4900760650634766, 1.481397032737732], "accuracy": [0.19855986535549164, 0.2064429521560669, 0.21133753657341003, 0.2283509075641632, 0.28165003657341003, 0.2926863729953766, 0.29741623997688293, 0.30489927530288696, 0.3157708942890167, 0.3204301595687866, 0.32532474398612976, 0.33073702454566956, 0.33678463101387024, 0.34290286898612976, 0.35043299198150635, 0.3581984043121338, 0.3662697672843933, 0.37210559844970703, 0.3765295445919037, 0.3810005784034729, 0.38846009969711304, 0.395143061876297, 0.39883753657341003, 0.40453219413757324, 0.4126741290092468, 0.4175216555595398, 0.42467525601387024, 0.4291227459907532, 0.43634694814682007, 0.44060617685317993, 0.44764211773872375, 0.4520896077156067], "val_loss": [8.794515609741211, 5.413900375366211, 4.001113414764404, 3.194204330444336, 2.683251142501831, 2.3553764820098877, 2.1292953491210938, 1.9735122919082642, 1.8696578741073608, 1.7913633584976196, 1.7406413555145264, 1.7026945352554321, 1.6755855083465576, 1.6536279916763306, 1.637397050857544, 1.6237518787384033, 1.6200885772705078, 1.6049702167510986, 1.5983455181121826, 1.5968101024627686, 1.5925830602645874, 1.5882601737976074, 1.5883102416992188, 1.5903003215789795, 1.5935461521148682, 1.601385474205017, 1.5972169637680054, 1.6139695644378662, 1.6231355667114258, 1.6546722650527954, 1.6339668035507202, 1.624696969985962], "val_accuracy": [0.21210937201976776, 0.21464844048023224, 0.21435546875, 0.27734375, 0.2953124940395355, 0.29960936307907104, 0.3099609315395355, 0.31591796875, 0.318359375, 0.326171875, 0.32490235567092896, 0.3309570252895355, 0.33671873807907104, 0.3447265625, 0.3531250059604645, 0.36162108182907104, 0.36376953125, 0.36943358182907104, 0.36884766817092896, 0.37187498807907104, 0.37255859375, 0.3775390684604645, 0.3763671815395355, 0.3755859434604645, 0.37939453125, 0.37529295682907104, 0.38017576932907104, 0.3741210997104645, 0.3788085877895355, 0.3705078065395355, 0.37568360567092896, 0.3822265565395355]}