{"loss": [41.2993049621582, 19.28501319885254, 11.76830768585205, 8.323644638061523, 6.177537441253662, 4.71299409866333, 3.6990878582000732, 2.9960713386535645, 2.513911724090576, 2.1851603984832764, 1.9658375978469849, 1.818830132484436, 1.7212971448898315, 1.6577768325805664, 1.6138252019882202, 1.5837621688842773, 1.5632622241973877, 1.5494451522827148, 1.5390512943267822, 1.528429388999939, 1.5211448669433594, 1.5136295557022095, 1.5047862529754639, 1.4979918003082275, 1.4933985471725464, 1.4826589822769165, 1.4769344329833984, 1.4716472625732422, 1.4646761417388916, 1.4587182998657227, 1.451414942741394, 1.4454448223114014, 1.440834641456604, 1.4360920190811157, 1.4243042469024658, 1.4189566373825073, 1.411201000213623, 1.4053125381469727, 1.3957483768463135, 1.3888839483261108], "accuracy": [0.1926298886537552, 0.21729104220867157, 0.2799322307109833, 0.29920461773872375, 0.3278426229953766, 0.34019672870635986, 0.34426769614219666, 0.3511154055595398, 0.3509977459907532, 0.35433924198150635, 0.3598456382751465, 0.36634036898612976, 0.37267038226127625, 0.375, 0.38184770941734314, 0.3889542520046234, 0.3939429521560669, 0.3983198404312134, 0.4010965824127197, 0.40523815155029297, 0.4103209674358368, 0.41248586773872375, 0.41968655586242676, 0.42578125, 0.4289344847202301, 0.43528804183006287, 0.43966490030288696, 0.44390061497688293, 0.44719502329826355, 0.45143070816993713, 0.4588667154312134, 0.4613610804080963, 0.46489080786705017, 0.4668204188346863, 0.4751741290092468, 0.4777390956878662, 0.4848220944404602, 0.4885871708393097, 0.4949171543121338, 0.5001176595687866], "val_loss": [26.119293212890625, 14.415494918823242, 9.795970916748047, 7.201254844665527, 5.412096977233887, 4.175213813781738, 3.313443660736084, 2.7235331535339355, 2.3242762088775635, 2.055710554122925, 1.8744258880615234, 1.7580921649932861, 1.6821043491363525, 1.6332374811172485, 1.599674105644226, 1.5837416648864746, 1.567215919494629, 1.5584081411361694, 1.551608920097351, 1.5432541370391846, 1.5389659404754639, 1.5321629047393799, 1.5285602807998657, 1.5309022665023804, 1.5262486934661865, 1.5249155759811401, 1.5247303247451782, 1.520799994468689, 1.521037220954895, 1.5167514085769653, 1.5187404155731201, 1.5219939947128296, 1.5263068675994873, 1.5223562717437744, 1.5202692747116089, 1.5224577188491821, 1.5269677639007568, 1.5276848077774048, 1.5355051755905151, 1.5409965515136719], "val_accuracy": [0.20761719346046448, 0.21250000596046448, 0.23701171576976776, 0.26542967557907104, 0.29667967557907104, 0.3310546875, 0.3447265625, 0.3495117127895355, 0.3514648377895355, 0.35615235567092896, 0.3626953065395355, 0.36748045682907104, 0.37431639432907104, 0.38037109375, 0.3804687559604645, 0.3829101622104645, 0.3897460997104645, 0.39179688692092896, 0.39335936307907104, 0.396484375, 0.39667969942092896, 0.4007812440395355, 0.40605467557907104, 0.40800780057907104, 0.40947264432907104, 0.4076171815395355, 0.40771484375, 0.41162109375, 0.4111328125, 0.4141601622104645, 0.41328126192092896, 0.4156250059604645, 0.41533201932907104, 0.4169921875, 0.4185546934604645, 0.4208984375, 0.41650390625, 0.4209960997104645, 0.4200195372104645, 0.4189453125]}