{"loss": [12.38758659362793, 6.819681644439697, 4.661407470703125, 3.635119676589966, 3.022765636444092, 2.618370294570923, 2.3318941593170166, 2.1295628547668457, 1.9836795330047607, 1.8815586566925049, 1.8076072931289673, 1.7537838220596313, 1.7168759107589722, 1.6894145011901855, 1.6713080406188965, 1.6566112041473389, 1.644980549812317, 1.6351277828216553, 1.6295443773269653, 1.6243529319763184, 1.6192060708999634, 1.6161044836044312, 1.6120136976242065, 1.6115790605545044, 1.6081817150115967, 1.606509804725647, 1.6036688089370728, 1.60123872756958, 1.599784255027771, 1.5951728820800781], "accuracy": [0.22557416558265686, 0.27576711773872375, 0.29212161898612976, 0.30085185170173645, 0.3074171543121338, 0.3120293617248535, 0.31558263301849365, 0.32040661573410034, 0.3212066888809204, 0.3249717652797699, 0.32447758316993713, 0.326783686876297, 0.3290427327156067, 0.3332549035549164, 0.33229008316993713, 0.3360787034034729, 0.33974963426589966, 0.3403379023075104, 0.34245577454566956, 0.3449736535549164, 0.3482210040092468, 0.34967997670173645, 0.3524566888809204, 0.3523390293121338, 0.35450395941734314, 0.3559629023075104, 0.35855138301849365, 0.36318713426589966, 0.3689994215965271, 0.37250563502311707], "val_loss": [8.727682113647461, 5.460326671600342, 4.053256511688232, 3.2802555561065674, 2.781559944152832, 2.445496082305908, 2.2057700157165527, 2.041517734527588, 1.9181547164916992, 1.8369932174682617, 1.7753862142562866, 1.7304385900497437, 1.7033634185791016, 1.682950735092163, 1.673215627670288, 1.659324049949646, 1.6518856287002563, 1.6510204076766968, 1.6411861181259155, 1.638654112815857, 1.6397390365600586, 1.6416938304901123, 1.6431026458740234, 1.6456005573272705, 1.6439173221588135, 1.6483869552612305, 1.6516625881195068, 1.6512415409088135, 1.6578890085220337, 1.6638895273208618], "val_accuracy": [0.26171875, 0.29277342557907104, 0.30585938692092896, 0.31572264432907104, 0.3187499940395355, 0.32099610567092896, 0.32343751192092896, 0.3216796815395355, 0.32744139432907104, 0.32587891817092896, 0.32666015625, 0.3271484375, 0.32695311307907104, 0.3287109434604645, 0.32539063692092896, 0.3290039002895355, 0.3296875059604645, 0.32783204317092896, 0.3267578184604645, 0.32880860567092896, 0.32832032442092896, 0.32841795682907104, 0.33037108182907104, 0.32929688692092896, 0.33222657442092896, 0.33183592557907104, 0.3329101502895355, 0.3329101502895355, 0.3314453065395355, 0.3370117247104645]}