{"loss": [12.466645240783691, 6.813261032104492, 4.601086139678955, 3.565570831298828, 2.900073528289795, 2.5089497566223145, 2.24253249168396, 2.0562174320220947, 1.9244866371154785, 1.8319952487945557, 1.7685681581497192, 1.720869541168213, 1.6877411603927612, 1.664021372795105, 1.6425951719284058, 1.625369906425476, 1.6101891994476318, 1.5941356420516968, 1.584944725036621, 1.5757479667663574, 1.5635613203048706, 1.556989312171936, 1.5503509044647217, 1.5462619066238403, 1.536623239517212, 1.530390739440918, 1.5219632387161255, 1.5156500339508057, 1.5088447332382202, 1.492438554763794, 1.4841455221176147, 1.4714425802230835, 1.4632819890975952, 1.4499417543411255, 1.4414665699005127, 1.4299448728561401], "accuracy": [0.19759507477283478, 0.20667827129364014, 0.20983152091503143, 0.2263977825641632, 0.2846856117248535, 0.29466304183006287, 0.29856929183006287, 0.305299311876297, 0.3148767054080963, 0.3201712965965271, 0.3281014561653137, 0.33210185170173645, 0.3388083577156067, 0.34398531913757324, 0.3510918617248535, 0.3602927327156067, 0.3646460771560669, 0.37509411573410034, 0.3770707845687866, 0.38697758316993713, 0.39337819814682007, 0.3976609706878662, 0.4045792520046234, 0.40495577454566956, 0.41189759969711304, 0.41702747344970703, 0.4218514561653137, 0.4259224534034729, 0.4328172206878662, 0.4463478922843933, 0.4510306715965271, 0.45983150601387024, 0.46773815155029297, 0.4754800498485565, 0.4836690425872803, 0.49214044213294983], "val_loss": [8.744900703430176, 5.374688625335693, 3.9821689128875732, 3.1839282512664795, 2.6805930137634277, 2.3576931953430176, 2.133349657058716, 1.9738273620605469, 1.8710657358169556, 1.7895419597625732, 1.7399193048477173, 1.7051966190338135, 1.674957036972046, 1.6527655124664307, 1.6386909484863281, 1.6269458532333374, 1.6111942529678345, 1.6143869161605835, 1.6056045293807983, 1.60745108127594, 1.6101391315460205, 1.6045910120010376, 1.6068086624145508, 1.5964972972869873, 1.593309998512268, 1.5902291536331177, 1.5989776849746704, 1.5987755060195923, 1.603104829788208, 1.62101149559021, 1.6245038509368896, 1.6307923793792725, 1.6396459341049194, 1.6580346822738647, 1.6676523685455322, 1.687548279762268], "val_accuracy": [0.21259765326976776, 0.21425780653953552, 0.21640625596046448, 0.2669921815395355, 0.2943359315395355, 0.3023437559604645, 0.30498045682907104, 0.3125, 0.31865233182907104, 0.3267578184604645, 0.32402342557907104, 0.32568359375, 0.33984375, 0.3462890684604645, 0.34833985567092896, 0.3541015684604645, 0.36503905057907104, 0.36406248807907104, 0.37109375, 0.37031251192092896, 0.3714843690395355, 0.37578123807907104, 0.37568360567092896, 0.37519532442092896, 0.38037109375, 0.38105469942092896, 0.38154298067092896, 0.38359373807907104, 0.3818359375, 0.38310545682907104, 0.3836914002895355, 0.3853515684604645, 0.3809570372104645, 0.38212889432907104, 0.37910157442092896, 0.37812501192092896]}