{"loss": [17.249088287353516, 10.762713432312012, 7.256442546844482, 5.2985405921936035, 4.115124225616455, 3.345731735229492, 2.8228933811187744, 2.4337410926818848, 2.1070384979248047, 1.9316242933273315, 1.82008695602417, 1.7474242448806763, 1.6988660097122192, 1.6665384769439697, 1.6430121660232544, 1.6262791156768799, 1.611395001411438, 1.600581169128418, 1.5909837484359741, 1.5766624212265015, 1.564398169517517, 1.5457878112792969, 1.5323476791381836, 1.5150644779205322, 1.49899423122406, 1.4881685972213745, 1.4771654605865479, 1.4593279361724854, 1.4501136541366577, 1.4322466850280762, 1.4207426309585571, 1.408012866973877, 1.397072196006775, 1.3891355991363525, 1.3653453588485718, 1.347940444946289, 1.328729271888733], "accuracy": [0.19641847908496857, 0.20364269614219666, 0.20858433842658997, 0.20865492522716522, 0.21009035408496857, 0.20950207114219666, 0.2100432962179184, 0.23035109043121338, 0.27593186497688293, 0.2873917520046234, 0.29186275601387024, 0.3008989095687866, 0.30624058842658997, 0.3088996708393097, 0.3177710771560669, 0.32158321142196655, 0.3308546543121338, 0.3371846675872803, 0.343138188123703, 0.3549981117248535, 0.3653520345687866, 0.38180065155029297, 0.3909073770046234, 0.4007200598716736, 0.41248586773872375, 0.41818052530288696, 0.4271460771560669, 0.4352644979953766, 0.43968844413757324, 0.4547722041606903, 0.4614081382751465, 0.4684440791606903, 0.47660955786705017, 0.48411616683006287, 0.4977409541606903, 0.5053417086601257, 0.5232492685317993], "val_loss": [13.31617259979248, 8.636407852172852, 6.091070652008057, 4.609932899475098, 3.674348831176758, 3.0485177040100098, 2.617091655731201, 2.2100138664245605, 1.9850757122039795, 1.8504674434661865, 1.7628504037857056, 1.7053292989730835, 1.6683576107025146, 1.6427032947540283, 1.6235525608062744, 1.607825517654419, 1.5996654033660889, 1.594099760055542, 1.5873057842254639, 1.5685327053070068, 1.5607802867889404, 1.546533226966858, 1.5377873182296753, 1.5259311199188232, 1.5284631252288818, 1.5206372737884521, 1.5173847675323486, 1.5195366144180298, 1.524245262145996, 1.529739260673523, 1.5334436893463135, 1.542569637298584, 1.5479379892349243, 1.5620298385620117, 1.585490345954895, 1.6000076532363892, 1.6142337322235107], "val_accuracy": [0.20781250298023224, 0.20781250298023224, 0.20781250298023224, 0.20781250298023224, 0.20781250298023224, 0.20781250298023224, 0.20781250298023224, 0.28369140625, 0.296875, 0.30048829317092896, 0.30693358182907104, 0.3150390684604645, 0.31718748807907104, 0.32275390625, 0.3294921815395355, 0.3345703184604645, 0.3365234434604645, 0.34394532442092896, 0.3456054627895355, 0.365234375, 0.37236326932907104, 0.37890625, 0.38789063692092896, 0.39335936307907104, 0.39208984375, 0.39990234375, 0.3994140625, 0.4022460877895355, 0.4056640565395355, 0.40605467557907104, 0.4000000059604645, 0.4019531309604645, 0.40058594942092896, 0.40478515625, 0.3990234434604645, 0.40058594942092896, 0.3921875059604645]}