{"loss": [17.328628540039062, 10.862370491027832, 7.319479465484619, 5.330899715423584, 4.1301422119140625, 3.3525030612945557, 2.82539439201355, 2.439781904220581, 2.111314058303833, 1.9322954416275024, 1.8191992044448853, 1.7476680278778076, 1.696222186088562, 1.660213589668274, 1.6354421377182007, 1.6156623363494873, 1.6011168956756592, 1.5830132961273193, 1.5648193359375, 1.5501536130905151, 1.5306997299194336, 1.517154335975647, 1.504888892173767, 1.4895297288894653, 1.4758720397949219, 1.4616830348968506, 1.4505141973495483, 1.4436671733856201, 1.4336498975753784, 1.4111976623535156, 1.3961868286132812, 1.3769490718841553, 1.3644261360168457, 1.3434438705444336, 1.3094632625579834, 1.2985044717788696], "accuracy": [0.19342997670173645, 0.2067253440618515, 0.20790192484855652, 0.2091490924358368, 0.2097373902797699, 0.20997270941734314, 0.2103492021560669, 0.22755083441734314, 0.27200207114219666, 0.2890389561653137, 0.2991575598716736, 0.3049934208393097, 0.31148815155029297, 0.32174792885780334, 0.3330666422843933, 0.3381730020046234, 0.34880930185317993, 0.35626882314682007, 0.37088197469711304, 0.38095349073410034, 0.39175450801849365, 0.4027673304080963, 0.4100150465965271, 0.4210043251514435, 0.42825207114219666, 0.43580570816993713, 0.44192394614219666, 0.4495246708393097, 0.4540427327156067, 0.4690323770046234, 0.47620952129364014, 0.4914580285549164, 0.4983527958393097, 0.5134836435317993, 0.5331795811653137, 0.5375800132751465], "val_loss": [13.429951667785645, 8.717522621154785, 6.13635778427124, 4.631640434265137, 3.684114456176758, 3.052483081817627, 2.618706226348877, 2.2171218395233154, 1.984865427017212, 1.8498061895370483, 1.7613903284072876, 1.7022933959960938, 1.6604883670806885, 1.6337239742279053, 1.6138861179351807, 1.6000112295150757, 1.5905747413635254, 1.5720187425613403, 1.5569974184036255, 1.5422040224075317, 1.5386568307876587, 1.5286420583724976, 1.5238970518112183, 1.5151302814483643, 1.5159950256347656, 1.5122106075286865, 1.5183337926864624, 1.517052412033081, 1.5241252183914185, 1.5289798974990845, 1.5420938730239868, 1.558142066001892, 1.5726453065872192, 1.5928202867507935, 1.6263351440429688, 1.656794548034668], "val_accuracy": [0.20781250298023224, 0.20781250298023224, 0.20781250298023224, 0.20781250298023224, 0.20781250298023224, 0.20781250298023224, 0.20781250298023224, 0.26728516817092896, 0.30000001192092896, 0.30253905057907104, 0.30488282442092896, 0.3172851502895355, 0.32646483182907104, 0.33232420682907104, 0.3414062559604645, 0.345703125, 0.34990233182907104, 0.3631835877895355, 0.3719726502895355, 0.38623046875, 0.38505858182907104, 0.39189451932907104, 0.3924804627895355, 0.39960938692092896, 0.39990234375, 0.4039062559604645, 0.40361326932907104, 0.4053710997104645, 0.40654295682907104, 0.40742188692092896, 0.4072265625, 0.40478515625, 0.4033203125, 0.40058594942092896, 0.39580076932907104, 0.392578125]}