{"loss": [9.20300579071045, 7.189684867858887, 5.679423809051514, 4.582513332366943, 3.7717020511627197, 3.1726691722869873, 2.7337357997894287, 2.4127860069274902, 2.1825497150421143, 2.0167953968048096, 1.898829460144043, 1.8162580728530884, 1.7588955163955688, 1.7192091941833496, 1.6923644542694092, 1.6700774431228638, 1.6558715105056763, 1.6454473733901978, 1.6369730234146118, 1.6315653324127197, 1.6253763437271118, 1.6200923919677734, 1.615789532661438, 1.6098812818527222, 1.6052788496017456, 1.6009901762008667, 1.5975847244262695, 1.5907639265060425, 1.586024284362793, 1.5827103853225708, 1.5774776935577393, 1.5716289281845093, 1.565920352935791, 1.559328556060791, 1.5536386966705322, 1.5476263761520386], "accuracy": [0.20074830949306488, 0.24063441157341003, 0.2713196575641632, 0.28101468086242676, 0.2881447672843933, 0.2892272174358368, 0.2922157347202301, 0.2929922938346863, 0.2971809208393097, 0.3001929521560669, 0.30219313502311707, 0.30132248997688293, 0.30313441157341003, 0.30598172545433044, 0.3063347041606903, 0.3074171543121338, 0.3086172938346863, 0.3078407347202301, 0.31318241357803345, 0.31167638301849365, 0.3176534175872803, 0.3199830651283264, 0.32278332114219666, 0.3280073404312134, 0.33123117685317993, 0.3365022540092468, 0.3356551229953766, 0.3399614095687866, 0.3419615924358368, 0.3436087965965271, 0.34742093086242676, 0.3491857945919037, 0.3571159541606903, 0.35843372344970703, 0.36335185170173645, 0.36603444814682007], "val_loss": [8.110560417175293, 6.355252265930176, 5.0757527351379395, 4.126643180847168, 3.426875352859497, 2.912827253341675, 2.5394139289855957, 2.269843578338623, 2.076695680618286, 1.9392974376678467, 1.843855857849121, 1.7759273052215576, 1.7304632663726807, 1.6978778839111328, 1.6760599613189697, 1.66050124168396, 1.6495637893676758, 1.6426641941070557, 1.6366621255874634, 1.6324516534805298, 1.6295526027679443, 1.6248594522476196, 1.6212533712387085, 1.6189701557159424, 1.6169077157974243, 1.6162750720977783, 1.6163508892059326, 1.6178449392318726, 1.6217257976531982, 1.6243164539337158, 1.627457857131958, 1.6239229440689087, 1.6256697177886963, 1.6314929723739624, 1.6368900537490845, 1.641786813735962], "val_accuracy": [0.2177734375, 0.26708984375, 0.28515625, 0.29755860567092896, 0.3006835877895355, 0.30126953125, 0.3046875, 0.30546873807907104, 0.3072265684604645, 0.30859375, 0.3075195252895355, 0.3076171875, 0.30781251192092896, 0.30712890625, 0.3080078065395355, 0.3075195252895355, 0.30888670682907104, 0.30634766817092896, 0.31005859375, 0.31083983182907104, 0.3119140565395355, 0.3130859434604645, 0.31962889432907104, 0.3202148377895355, 0.3228515684604645, 0.3226562440395355, 0.326171875, 0.3251953125, 0.32373046875, 0.32304686307907104, 0.3194335997104645, 0.32685548067092896, 0.32646483182907104, 0.32246094942092896, 0.32060545682907104, 0.32148438692092896]}