{"loss": [41.34532165527344, 19.350074768066406, 11.956550598144531, 8.46109390258789, 6.2516703605651855, 4.763640403747559, 3.72990083694458, 3.0095150470733643, 2.5139012336730957, 2.1539130210876465, 1.9014596939086914, 1.7410060167312622, 1.6376224756240845, 1.5666697025299072, 1.525090217590332, 1.4942126274108887, 1.4691946506500244, 1.4509271383285522, 1.4382158517837524, 1.4272310733795166, 1.4165865182876587, 1.4105584621429443, 1.4069491624832153, 1.3974199295043945, 1.3911690711975098, 1.391003966331482, 1.3827978372573853, 1.3763885498046875, 1.3689463138580322, 1.365073561668396, 1.3611528873443604, 1.3549776077270508, 1.3515154123306274, 1.345759630203247, 1.3403918743133545, 1.331433892250061, 1.3261288404464722, 1.3215745687484741, 1.3083302974700928], "accuracy": [0.242280513048172, 0.272856205701828, 0.2840634286403656, 0.3283342719078064, 0.3706519603729248, 0.3802315890789032, 0.388857901096344, 0.3917178213596344, 0.3950427770614624, 0.4167596697807312, 0.437593013048172, 0.44287109375, 0.4503348171710968, 0.453520268201828, 0.4575660228729248, 0.4582868218421936, 0.4630301296710968, 0.4684709906578064, 0.472842276096344, 0.4727725088596344, 0.4793759286403656, 0.4807477593421936, 0.480864018201828, 0.4862583577632904, 0.4891183078289032, 0.4883277416229248, 0.4911411702632904, 0.497256338596344, 0.499418705701828, 0.5007672905921936, 0.5017206072807312, 0.5064173936843872, 0.5099284052848816, 0.5145089030265808, 0.5180199146270752, 0.5229259729385376, 0.525995135307312, 0.53076171875, 0.5381091833114624], "val_loss": [26.1076602935791, 14.49719524383545, 9.890543937683105, 7.235325336456299, 5.447640419006348, 4.199771881103516, 3.3230602741241455, 2.729677438735962, 2.309544086456299, 1.990674376487732, 1.7954704761505127, 1.6695972681045532, 1.5909032821655273, 1.5441609621047974, 1.506039023399353, 1.4831384420394897, 1.4612107276916504, 1.4526472091674805, 1.4394943714141846, 1.4343504905700684, 1.4291934967041016, 1.4175810813903809, 1.4158307313919067, 1.4107112884521484, 1.4111640453338623, 1.40492844581604, 1.4046574831008911, 1.4040433168411255, 1.402740240097046, 1.406982183456421, 1.408363699913025, 1.4088099002838135, 1.4114502668380737, 1.4082794189453125, 1.4108693599700928, 1.4127053022384644, 1.4196397066116333, 1.4250266551971436, 1.423766016960144], "val_accuracy": [0.2765066921710968, 0.28125, 0.295107901096344, 0.3470052182674408, 0.371279776096344, 0.3828125, 0.3937872052192688, 0.3933221697807312, 0.4032738208770752, 0.4369419515132904, 0.445126473903656, 0.4502418041229248, 0.4536830484867096, 0.451078861951828, 0.4560081958770752, 0.4577752947807312, 0.4592633843421936, 0.4631696343421936, 0.4656808078289032, 0.466796875, 0.4703311026096344, 0.474609375, 0.4737723171710968, 0.478608638048172, 0.4775855541229248, 0.4789806604385376, 0.4780505895614624, 0.4797247052192688, 0.4811197817325592, 0.4801897406578064, 0.4830729067325592, 0.4797247052192688, 0.4801897406578064, 0.4836309552192688, 0.482514888048172, 0.486514151096344, 0.488095223903656, 0.482235848903656, 0.4875372052192688]}