{"loss": [12.169425964355469, 6.619418621063232, 4.547451019287109, 3.5669243335723877, 2.9832990169525146, 2.58868408203125, 2.3123698234558105, 2.1155858039855957, 1.9743812084197998, 1.876254916191101, 1.8056318759918213, 1.7541873455047607, 1.7192277908325195, 1.6929327249526978, 1.6736279726028442, 1.6614603996276855, 1.6502634286880493, 1.642159342765808, 1.6371843814849854, 1.6307812929153442, 1.6269395351409912, 1.6240901947021484, 1.6202929019927979, 1.616951823234558, 1.6166918277740479, 1.613884449005127, 1.611158847808838, 1.6099298000335693, 1.6071449518203735, 1.607330322265625, 1.6035912036895752], "accuracy": [0.22992752492427826, 0.27409639954566956, 0.28630930185317993, 0.29948702454566956, 0.30579349398612976, 0.3067582845687866, 0.3099115192890167, 0.31391188502311707, 0.3203360438346863, 0.31706514954566956, 0.3210419714450836, 0.3236539959907532, 0.32821911573410034, 0.32760730385780334, 0.3296545445919037, 0.3301016688346863, 0.33377259969711304, 0.3352080285549164, 0.33572572469711304, 0.33989080786705017, 0.3413027226924896, 0.34791508316993713, 0.3448089361190796, 0.34909167885780334, 0.3485739827156067, 0.35151544213294983, 0.3542921543121338, 0.3583396077156067, 0.3598456382751465, 0.3629753291606903, 0.3688582479953766], "val_loss": [8.460897445678711, 5.290502548217773, 3.9549012184143066, 3.220893383026123, 2.7465882301330566, 2.4179396629333496, 2.1880745887756348, 2.0260708332061768, 1.9086408615112305, 1.8273690938949585, 1.7702068090438843, 1.7304105758666992, 1.7022626399993896, 1.6827232837677002, 1.6687555313110352, 1.6585397720336914, 1.651305913925171, 1.6474735736846924, 1.6444652080535889, 1.642992377281189, 1.6399552822113037, 1.6410064697265625, 1.6407592296600342, 1.644331932067871, 1.6446316242218018, 1.6464502811431885, 1.651794195175171, 1.6563739776611328, 1.662078619003296, 1.6645567417144775, 1.6685724258422852], "val_accuracy": [0.25263673067092896, 0.2979492247104645, 0.30634766817092896, 0.30908203125, 0.31611329317092896, 0.31767576932907104, 0.3216796815395355, 0.322265625, 0.3211914002895355, 0.3271484375, 0.32695311307907104, 0.32490235567092896, 0.32695311307907104, 0.32666015625, 0.32880860567092896, 0.328125, 0.3280273377895355, 0.32988280057907104, 0.3321289122104645, 0.3291015625, 0.3350585997104645, 0.3306640684604645, 0.3333984315395355, 0.3291015625, 0.33232420682907104, 0.33271485567092896, 0.3319335877895355, 0.3280273377895355, 0.3285156190395355, 0.32958984375, 0.3306640684604645]}