{"loss": [40.888816833496094, 18.86056900024414, 11.654380798339844, 8.24610424041748, 6.139986991882324, 4.680962562561035, 3.6435372829437256, 2.928088665008545, 2.439586639404297, 2.1060047149658203, 1.8797760009765625, 1.7315328121185303, 1.6355047225952148, 1.5663725137710571, 1.5247678756713867, 1.4938099384307861, 1.4754670858383179, 1.4584641456604004, 1.4473193883895874, 1.4367072582244873, 1.4308477640151978, 1.4201723337173462, 1.4165246486663818, 1.4136509895324707, 1.4065486192703247, 1.4005262851715088, 1.4009335041046143, 1.3930633068084717, 1.389167308807373, 1.383117437362671, 1.3812284469604492, 1.3765922784805298, 1.3726614713668823, 1.3677890300750732, 1.3653093576431274, 1.3642069101333618, 1.3559144735336304, 1.3544244766235352, 1.35152268409729, 1.3451597690582275, 1.3406039476394653, 1.3358417749404907], "accuracy": [0.2343517541885376, 0.270600825548172, 0.2963402271270752, 0.3633277416229248, 0.3783947229385376, 0.395903080701828, 0.4179455041885376, 0.4306873083114624, 0.4359188973903656, 0.4403599202632904, 0.441987544298172, 0.4462425708770752, 0.4482654333114624, 0.4516136646270752, 0.4527994692325592, 0.4557756781578064, 0.4594959020614624, 0.4591006338596344, 0.464750736951828, 0.4672153890132904, 0.4689127504825592, 0.4746791422367096, 0.4774925708770752, 0.478213369846344, 0.4795386791229248, 0.4831426739692688, 0.4836077094078064, 0.4883044958114624, 0.491303950548172, 0.4941871166229248, 0.4954427182674408, 0.495512455701828, 0.49853515625, 0.5039759874343872, 0.503115713596344, 0.5057663917541504, 0.51025390625, 0.5103468894958496, 0.513555645942688, 0.516973614692688, 0.5190662145614624, 0.5259718894958496], "val_loss": [25.53546142578125, 14.122459411621094, 9.673622131347656, 7.122350215911865, 5.382811546325684, 4.132900714874268, 3.2535898685455322, 2.6507582664489746, 2.2417726516723633, 1.9697827100753784, 1.7912548780441284, 1.6718326807022095, 1.5934646129608154, 1.5427647829055786, 1.50897216796875, 1.48848295211792, 1.4740803241729736, 1.4649178981781006, 1.465894103050232, 1.4613020420074463, 1.4386807680130005, 1.4391955137252808, 1.4286328554153442, 1.4291304349899292, 1.427228331565857, 1.4233943223953247, 1.419877529144287, 1.4169270992279053, 1.4195924997329712, 1.416030764579773, 1.4212617874145508, 1.4147076606750488, 1.4204719066619873, 1.4182991981506348, 1.4147331714630127, 1.4178133010864258, 1.418088436126709, 1.4201643466949463, 1.4195916652679443, 1.422918677330017, 1.425297498703003, 1.4268556833267212], "val_accuracy": [0.2619977593421936, 0.2809709906578064, 0.3101748526096344, 0.3524925708770752, 0.3736049234867096, 0.4172247052192688, 0.431733638048172, 0.4385230541229248, 0.441313236951828, 0.4441034197807312, 0.443266361951828, 0.4463355541229248, 0.4486607015132904, 0.4485677182674408, 0.453125, 0.4519159197807312, 0.4508928656578064, 0.4564732015132904, 0.4534970223903656, 0.4546130895614624, 0.4654947817325592, 0.462983638048172, 0.4680989682674408, 0.46484375, 0.4677269458770752, 0.4710751473903656, 0.474702388048172, 0.4754464328289032, 0.4741443395614624, 0.4779575765132904, 0.4749813973903656, 0.478515625, 0.4750744104385376, 0.4753534197807312, 0.4792596697807312, 0.4750744104385376, 0.4760974645614624, 0.4740513265132904, 0.4777715802192688, 0.4753534197807312, 0.476469486951828, 0.4770275354385376]}