{"loss": [12.844366073608398, 7.597249507904053, 4.987514495849609, 3.6022262573242188, 2.8961384296417236, 2.474536657333374, 2.196638822555542, 1.9988986253738403, 1.861331582069397, 1.7509416341781616, 1.6716294288635254, 1.6092675924301147, 1.5617737770080566, 1.523855209350586, 1.4872331619262695, 1.4594955444335938, 1.4283806085586548, 1.3973925113677979, 1.3759969472885132, 1.3366425037384033, 1.2911449670791626, 1.2810797691345215, 1.2828501462936401, 1.2069246768951416, 1.1594772338867188, 1.175489902496338], "accuracy": [0.19971291720867157, 0.20637236535549164, 0.2161850482225418, 0.2791792154312134, 0.29922816157341003, 0.31614741683006287, 0.33299604058265686, 0.34906813502311707, 0.3549745976924896, 0.3766472041606903, 0.38966020941734314, 0.40316736698150635, 0.41549792885780334, 0.42495763301849365, 0.4399237632751465, 0.4514777958393097, 0.4673616290092468, 0.4818335771560669, 0.4931052327156067, 0.5156720876693726, 0.5398154854774475, 0.5426157712936401, 0.5430393218994141, 0.5848315358161926, 0.6113045811653137, 0.6019390225410461], "val_loss": [9.603686332702637, 5.977914333343506, 4.170887470245361, 3.225388765335083, 2.686312198638916, 2.3237009048461914, 2.0863707065582275, 1.9173660278320312, 1.7990550994873047, 1.7083699703216553, 1.6511542797088623, 1.6121889352798462, 1.5858770608901978, 1.565254807472229, 1.557830572128296, 1.5524240732192993, 1.5577080249786377, 1.5803678035736084, 1.5929538011550903, 1.5969607830047607, 1.6502208709716797, 1.667720079421997, 1.6795933246612549, 1.7514703273773193, 1.7830225229263306, 1.7932491302490234], "val_accuracy": [0.20781250298023224, 0.20781250298023224, 0.24423828721046448, 0.27314454317092896, 0.3037109375, 0.33447265625, 0.3389648497104645, 0.35126954317092896, 0.3666015565395355, 0.38017576932907104, 0.3853515684604645, 0.3895507752895355, 0.3926757872104645, 0.39765626192092896, 0.3975585997104645, 0.39912110567092896, 0.39970701932907104, 0.39091795682907104, 0.38945311307907104, 0.392578125, 0.38505858182907104, 0.3814453184604645, 0.3799804747104645, 0.37285155057907104, 0.376953125, 0.3792968690395355]}