{"loss": [41.34845733642578, 19.326303482055664, 11.941231727600098, 8.437541007995605, 6.256438255310059, 4.772826194763184, 3.735232353210449, 3.010519504547119, 2.5053234100341797, 2.1386585235595703, 1.8951423168182373, 1.73726487159729, 1.6320825815200806, 1.5636059045791626, 1.5178896188735962, 1.4876792430877686, 1.4655901193618774, 1.4494491815567017, 1.4339386224746704, 1.4267739057540894, 1.4176832437515259, 1.4111084938049316, 1.4033067226409912, 1.3934236764907837, 1.392830491065979, 1.3859513998031616, 1.3805596828460693, 1.3781661987304688, 1.3712759017944336, 1.3671517372131348, 1.361735224723816, 1.3597254753112793, 1.3550840616226196, 1.3496159315109253, 1.3453911542892456, 1.343572974205017, 1.3405835628509521, 1.3357664346694946, 1.3305233716964722, 1.3218631744384766, 1.3185160160064697, 1.3104270696640015, 1.302665114402771], "accuracy": [0.2386067658662796, 0.2719494104385376, 0.2923409640789032, 0.3463541567325592, 0.3747209906578064, 0.3840215802192688, 0.3885091245174408, 0.3938802182674408, 0.4049944281578064, 0.4262230396270752, 0.4374767541885376, 0.4440569281578064, 0.451962411403656, 0.4534040093421936, 0.4560779333114624, 0.4589611291885376, 0.4606119692325592, 0.464750736951828, 0.4695638120174408, 0.4711449146270752, 0.4736560583114624, 0.4766787588596344, 0.480166494846344, 0.4867931604385376, 0.4859793484210968, 0.4905133843421936, 0.4915597140789032, 0.4901878833770752, 0.4970238208770752, 0.4972795844078064, 0.4999767541885376, 0.5015113353729248, 0.5060686469078064, 0.5087890625, 0.5115792155265808, 0.5131138563156128, 0.5128580927848816, 0.5173688530921936, 0.5214146375656128, 0.5246698260307312, 0.5292503833770752, 0.533389151096344, 0.5391554832458496], "val_loss": [26.08695411682129, 14.475543975830078, 9.901250839233398, 7.236319541931152, 5.456136703491211, 4.207744121551514, 3.3367457389831543, 2.7255160808563232, 2.287569284439087, 1.9810895919799805, 1.7882617712020874, 1.66226327419281, 1.582566261291504, 1.5298024415969849, 1.4944061040878296, 1.4762506484985352, 1.457888126373291, 1.4447616338729858, 1.4504752159118652, 1.426842451095581, 1.4168086051940918, 1.409574270248413, 1.4058187007904053, 1.4020406007766724, 1.4026405811309814, 1.400676965713501, 1.395869493484497, 1.3959709405899048, 1.392762541770935, 1.395251989364624, 1.3915729522705078, 1.3915296792984009, 1.3907155990600586, 1.3925565481185913, 1.3961173295974731, 1.4043680429458618, 1.3971277475357056, 1.4034345149993896, 1.4127116203308105, 1.4101858139038086, 1.4292747974395752, 1.4204480648040771, 1.432157278060913], "val_accuracy": [0.2688802182674408, 0.2797619104385376, 0.2741815447807312, 0.351469486951828, 0.3688616156578064, 0.3794642984867096, 0.3820684552192688, 0.3971354067325592, 0.4166666567325592, 0.437593013048172, 0.4480096697807312, 0.4520089328289032, 0.4553571343421936, 0.4566592276096344, 0.4560081958770752, 0.4564732015132904, 0.4594494104385376, 0.4640066921710968, 0.4574032723903656, 0.4677269458770752, 0.4719122052192688, 0.4765625, 0.478329598903656, 0.478608638048172, 0.4801897406578064, 0.4799107015132904, 0.4816778302192688, 0.4818638265132904, 0.4838169515132904, 0.4853980541229248, 0.4878162145614624, 0.4849330484867096, 0.4836309552192688, 0.4839099645614624, 0.4828869104385376, 0.4811197817325592, 0.484561026096344, 0.480654776096344, 0.478608638048172, 0.4837239682674408, 0.4722842276096344, 0.480654776096344, 0.4730282723903656]}