{"loss": [41.09486770629883, 19.093435287475586, 11.804123878479004, 8.3392333984375, 6.196254253387451, 4.730321884155273, 3.70603609085083, 2.9914729595184326, 2.4995806217193604, 2.1622111797332764, 1.939438819885254, 1.788270354270935, 1.6902621984481812, 1.6277921199798584, 1.5841120481491089, 1.557379961013794, 1.5369952917099, 1.5224958658218384, 1.5109972953796387, 1.5038481950759888, 1.4944566488265991, 1.4891977310180664, 1.478946328163147, 1.462123155593872, 1.4449065923690796, 1.4322335720062256, 1.4230684041976929, 1.4140456914901733, 1.4075177907943726, 1.4012601375579834, 1.3954339027404785, 1.3887194395065308, 1.3830467462539673, 1.380059003829956, 1.374194860458374, 1.3689066171646118, 1.3687375783920288, 1.3596090078353882, 1.3592966794967651, 1.3546518087387085, 1.3473310470581055, 1.345758080482483, 1.3372465372085571, 1.3341193199157715, 1.324044942855835, 1.319766879081726, 1.3112351894378662], "accuracy": [0.2390718013048172, 0.268159419298172, 0.2900855541229248, 0.3551897406578064, 0.376162588596344, 0.3823009729385376, 0.3885091245174408, 0.3911830484867096, 0.394228994846344, 0.4005301296710968, 0.399228036403656, 0.4011346697807312, 0.402529776096344, 0.406156986951828, 0.4065755307674408, 0.4076915979385376, 0.4090634286403656, 0.411528080701828, 0.4158993661403656, 0.4210379421710968, 0.4231305718421936, 0.4248511791229248, 0.4308268129825592, 0.4427548348903656, 0.4490792453289032, 0.458589106798172, 0.465239018201828, 0.4709588885307312, 0.4760277271270752, 0.4789341390132904, 0.4818173348903656, 0.4869326651096344, 0.4886532723903656, 0.4905831515789032, 0.493350088596344, 0.4975353479385376, 0.4991629421710968, 0.5043712854385376, 0.5009998083114624, 0.5066266655921936, 0.5098353624343872, 0.5116257667541504, 0.5181593894958496, 0.5200892686843872, 0.5244373083114624, 0.527157723903656, 0.5318080186843872], "val_loss": [25.79348373413086, 14.29614543914795, 9.776525497436523, 7.167446136474609, 5.403576374053955, 4.16890287399292, 3.3048360347747803, 2.7114572525024414, 2.3067407608032227, 2.035822629928589, 1.8583762645721436, 1.7360368967056274, 1.6734005212783813, 1.6119416952133179, 1.5802549123764038, 1.5542761087417603, 1.542664647102356, 1.5302581787109375, 1.5252183675765991, 1.5246928930282593, 1.501904845237732, 1.4921785593032837, 1.4886586666107178, 1.458507776260376, 1.4390389919281006, 1.4318475723266602, 1.4225354194641113, 1.4210927486419678, 1.4151610136032104, 1.4075006246566772, 1.4063326120376587, 1.4027903079986572, 1.4026743173599243, 1.4013153314590454, 1.3978826999664307, 1.3977769613265991, 1.3969160318374634, 1.397745132446289, 1.3978384733200073, 1.3970518112182617, 1.3998061418533325, 1.3999228477478027, 1.40597403049469, 1.4158365726470947, 1.4122344255447388, 1.419684886932373, 1.4305830001831055], "val_accuracy": [0.271670401096344, 0.279389888048172, 0.3121279776096344, 0.351655513048172, 0.3761160671710968, 0.384579598903656, 0.3912760317325592, 0.392578125, 0.394717276096344, 0.3972284197807312, 0.3981584906578064, 0.400297611951828, 0.3912760317325592, 0.3988095223903656, 0.3996465802192688, 0.4055989682674408, 0.404482901096344, 0.408110111951828, 0.4090401828289032, 0.4069940447807312, 0.4207589328289032, 0.4246651828289032, 0.4286644458770752, 0.4425223171710968, 0.455171138048172, 0.458984375, 0.4654017984867096, 0.4675409197807312, 0.470703125, 0.4730282723903656, 0.4777715802192688, 0.4781436026096344, 0.4791666567325592, 0.4790736734867096, 0.484468013048172, 0.4828869104385376, 0.4829799234867096, 0.484561026096344, 0.4850260317325592, 0.4867931604385376, 0.4850260317325592, 0.4856770932674408, 0.484468013048172, 0.4853980541229248, 0.4851190447807312, 0.4854910671710968, 0.4838169515132904]}