{"loss": [40.855648040771484, 18.890939712524414, 11.666671752929688, 8.249767303466797, 6.147386074066162, 4.699001312255859, 3.6861205101013184, 2.977797031402588, 2.492269515991211, 2.156930446624756, 1.9344375133514404, 1.7883564233779907, 1.6892515420913696, 1.6273927688598633, 1.5818750858306885, 1.5504587888717651, 1.5280077457427979, 1.5118986368179321, 1.496876835823059, 1.4902352094650269, 1.479598045349121, 1.4639942646026611, 1.4466127157211304, 1.437574863433838, 1.4254822731018066, 1.4173940420150757, 1.4074245691299438, 1.4034029245376587, 1.398838996887207, 1.3936666250228882, 1.3904595375061035, 1.3833489418029785, 1.3793673515319824, 1.373831033706665, 1.3711836338043213, 1.371123194694519, 1.3642030954360962, 1.363060474395752, 1.3542677164077759, 1.3508031368255615, 1.3493497371673584, 1.3446470499038696, 1.3441870212554932, 1.336081862449646, 1.331490159034729, 1.3247545957565308, 1.3224607706069946, 1.3166953325271606], "accuracy": [0.2403041273355484, 0.2705543041229248, 0.3066871166229248, 0.366396963596344, 0.3765811026096344, 0.3840680718421936, 0.3856956958770752, 0.387393057346344, 0.392485111951828, 0.3946707546710968, 0.3970191478729248, 0.3950660228729248, 0.3993675708770752, 0.3998558521270752, 0.405087411403656, 0.410458505153656, 0.418154776096344, 0.42041015625, 0.4279668927192688, 0.4296875, 0.435639888048172, 0.4431036114692688, 0.4537760317325592, 0.461611807346344, 0.4684244692325592, 0.47509765625, 0.4775390625, 0.4798177182674408, 0.4836542010307312, 0.4869791567325592, 0.4884440004825592, 0.491303950548172, 0.4946753978729248, 0.4968377947807312, 0.4980236291885376, 0.498628169298172, 0.5028599500656128, 0.5023018717765808, 0.5085797905921936, 0.5113700032234192, 0.510928213596344, 0.513857901096344, 0.516485333442688, 0.5181128978729248, 0.5212286114692688, 0.525506854057312, 0.528018057346344, 0.531366229057312], "val_loss": [25.56082534790039, 14.151195526123047, 9.680657386779785, 7.124347686767578, 5.382410526275635, 4.154463291168213, 3.300961494445801, 2.70174241065979, 2.303925037384033, 2.027609348297119, 1.8529548645019531, 1.735750675201416, 1.6586488485336304, 1.6104999780654907, 1.5670990943908691, 1.53622305393219, 1.5222554206848145, 1.5069255828857422, 1.5003267526626587, 1.4990098476409912, 1.491842269897461, 1.4623943567276, 1.4517236948013306, 1.4418535232543945, 1.434191107749939, 1.4307584762573242, 1.426177978515625, 1.4276123046875, 1.4288980960845947, 1.4201480150222778, 1.4172364473342896, 1.416227102279663, 1.4122788906097412, 1.4143016338348389, 1.4123262166976929, 1.413683533668518, 1.4140772819519043, 1.4102563858032227, 1.4156652688980103, 1.4213926792144775, 1.4199103116989136, 1.4210087060928345, 1.4228614568710327, 1.4286813735961914, 1.4291208982467651, 1.436903715133667, 1.4327800273895264, 1.4548470973968506], "val_accuracy": [0.2666480541229248, 0.2819010317325592, 0.3317522406578064, 0.3609561026096344, 0.3776971697807312, 0.3841145932674408, 0.3831845223903656, 0.3911830484867096, 0.3879278302192688, 0.3930431604385376, 0.3933221697807312, 0.3928571343421936, 0.396484375, 0.3973214328289032, 0.404203861951828, 0.4127604067325592, 0.4140625, 0.4228980541229248, 0.423735111951828, 0.4227120578289032, 0.4284784197807312, 0.4443824291229248, 0.4476376473903656, 0.4604724645614624, 0.460751473903656, 0.4631696343421936, 0.466703861951828, 0.4654947817325592, 0.4664248526096344, 0.4715401828289032, 0.4694940447807312, 0.4715401828289032, 0.472749263048172, 0.4721912145614624, 0.4723772406578064, 0.4716331958770752, 0.4756324291229248, 0.4771205484867096, 0.4741443395614624, 0.4693080484867096, 0.4711681604385376, 0.47265625, 0.4717261791229248, 0.4714471697807312, 0.4713541567325592, 0.466982901096344, 0.4720052182674408, 0.464936763048172]}