{"loss": [12.404317855834961, 6.724767684936523, 4.570260524749756, 3.5673935413360596, 2.978243827819824, 2.5821316242218018, 2.306133270263672, 2.1072652339935303, 1.9667917490005493, 1.8672254085540771, 1.7936177253723145, 1.7442744970321655, 1.7080078125, 1.6791558265686035, 1.659367561340332, 1.6448544263839722, 1.6341217756271362, 1.622016429901123, 1.6149414777755737, 1.6102579832077026, 1.6041274070739746, 1.599278450012207, 1.5920088291168213, 1.5906199216842651, 1.5859873294830322, 1.582917332649231, 1.5790388584136963, 1.5738238096237183, 1.5683363676071167, 1.563691258430481, 1.560676097869873], "accuracy": [0.2029602825641632, 0.26536616683006287, 0.2884742021560669, 0.2980751097202301, 0.30433452129364014, 0.31452372670173645, 0.31482961773872375, 0.32007718086242676, 0.32231268286705017, 0.32878389954566956, 0.33269014954566956, 0.3342902958393097, 0.3383377194404602, 0.3437735438346863, 0.3475150465965271, 0.35160955786705017, 0.3551393151283264, 0.3595162034034729, 0.36003389954566956, 0.36302241683006287, 0.36563441157341003, 0.3681052327156067, 0.373658686876297, 0.37504705786705017, 0.38095349073410034, 0.38485974073410034, 0.38801297545433044, 0.3948136270046234, 0.39667263627052307, 0.4041792154312134, 0.4100150465965271], "val_loss": [8.681562423706055, 5.365661144256592, 3.988800048828125, 3.233522415161133, 2.7510242462158203, 2.416686534881592, 2.185631036758423, 2.0225913524627686, 1.9096755981445312, 1.82732355594635, 1.7707573175430298, 1.7272077798843384, 1.6946977376937866, 1.67525315284729, 1.6618074178695679, 1.6540729999542236, 1.6441223621368408, 1.6386830806732178, 1.6395883560180664, 1.6336339712142944, 1.6320674419403076, 1.6344760656356812, 1.6365388631820679, 1.637831449508667, 1.6431423425674438, 1.6454296112060547, 1.6535003185272217, 1.657946228981018, 1.6664221286773682, 1.6711832284927368, 1.6820628643035889], "val_accuracy": [0.21230468153953552, 0.28076171875, 0.2914062440395355, 0.3070312440395355, 0.31572264432907104, 0.32373046875, 0.32685548067092896, 0.32646483182907104, 0.3228515684604645, 0.32597655057907104, 0.3271484375, 0.3314453065395355, 0.3363281190395355, 0.3384765684604645, 0.33935546875, 0.34130859375, 0.33935546875, 0.34716796875, 0.3447265625, 0.3487304747104645, 0.3470703065395355, 0.3465820252895355, 0.35039061307907104, 0.3486328125, 0.3465820252895355, 0.34687501192092896, 0.34833985567092896, 0.3438476622104645, 0.34326171875, 0.34843748807907104, 0.3482421934604645]}