{"loss": [12.410066604614258, 6.7489118576049805, 4.541378021240234, 3.4600958824157715, 2.8784492015838623, 2.499079942703247, 2.233517646789551, 2.048989772796631, 1.915967583656311, 1.8193947076797485, 1.74885892868042, 1.6971324682235718, 1.657745361328125, 1.627449631690979, 1.6025394201278687, 1.5888954401016235, 1.5749180316925049, 1.5639899969100952, 1.5562148094177246, 1.5445001125335693, 1.5364995002746582, 1.5339672565460205, 1.5267874002456665, 1.5205473899841309, 1.5137273073196411, 1.5080361366271973, 1.497044563293457, 1.4944124221801758, 1.4884952306747437, 1.4813868999481201, 1.4768754243850708, 1.4674679040908813], "accuracy": [0.19947759807109833, 0.20639589428901672, 0.22303275763988495, 0.2797675132751465, 0.29816922545433044, 0.30626413226127625, 0.3152061402797699, 0.32417169213294983, 0.3304075598716736, 0.3396790325641632, 0.35116246342658997, 0.3605515956878662, 0.36998775601387024, 0.3765295445919037, 0.3838949501514435, 0.38773059844970703, 0.3934487998485565, 0.39653143286705017, 0.3978727459907532, 0.4072853922843933, 0.4106268882751465, 0.4118034541606903, 0.41441547870635986, 0.42043957114219666, 0.42314571142196655, 0.4270284175872803, 0.43695876002311707, 0.43893542885780334, 0.4400414228439331, 0.4471009075641632, 0.4495481848716736, 0.4562547206878662], "val_loss": [8.671133041381836, 5.321708679199219, 3.937241792678833, 3.1935582160949707, 2.716719388961792, 2.38275408744812, 2.1395018100738525, 1.9752938747406006, 1.8511381149291992, 1.7706273794174194, 1.7133781909942627, 1.6705961227416992, 1.6441160440444946, 1.6150363683700562, 1.6004747152328491, 1.600380539894104, 1.5885655879974365, 1.579404592514038, 1.5702961683273315, 1.571961760520935, 1.57411789894104, 1.5638693571090698, 1.5726311206817627, 1.56864595413208, 1.5669374465942383, 1.576407551765442, 1.568009376525879, 1.5665414333343506, 1.5709328651428223, 1.5748529434204102, 1.5759395360946655, 1.579628586769104], "val_accuracy": [0.20966796576976776, 0.21152344346046448, 0.23271484673023224, 0.25175780057907104, 0.27314454317092896, 0.3017578125, 0.3221679627895355, 0.32861328125, 0.34130859375, 0.34882813692092896, 0.3578124940395355, 0.36445313692092896, 0.3702148497104645, 0.3837890625, 0.3828125, 0.37939453125, 0.3833984434604645, 0.3866210877895355, 0.38984376192092896, 0.38789063692092896, 0.3871093690395355, 0.3963867127895355, 0.38896483182907104, 0.39140623807907104, 0.39189451932907104, 0.3900390565395355, 0.3944335877895355, 0.3984375, 0.39619141817092896, 0.39824217557907104, 0.4004882872104645, 0.3994140625]}