{"loss": [4.927497863769531, 1.2950578927993774, 0.8974084854125977, 0.8312180042266846, 0.8133461475372314, 0.8034982085227966, 0.7967284321784973, 0.7911572456359863, 0.7858319878578186, 0.7813911437988281, 0.7774745225906372, 0.7733146548271179, 0.7703458070755005, 0.7676355242729187, 0.7640004754066467, 0.7609961032867432, 0.7587210536003113, 0.757314920425415, 0.7546619176864624, 0.7527996301651001, 0.7500853538513184, 0.7491601705551147, 0.7461959719657898, 0.7430755496025085, 0.7415647506713867, 0.7402429580688477, 0.7376129627227783, 0.7348535656929016, 0.731170654296875, 0.7285403609275818, 0.72586989402771], "accuracy": [0.5903993248939514, 0.6527690887451172, 0.6586154699325562, 0.6633853912353516, 0.6647352576255798, 0.6685112714767456, 0.6712456345558167, 0.675047755241394, 0.677417516708374, 0.6798220276832581, 0.682178795337677, 0.6843793392181396, 0.6864800453186035, 0.688025176525116, 0.6903342008590698, 0.6922439336776733, 0.6938281059265137, 0.6940147280693054, 0.6965928673744202, 0.6971484422683716, 0.6994704604148865, 0.7002647519111633, 0.7019227147102356, 0.7044965028762817, 0.7054123282432556, 0.7064756751060486, 0.7090017199516296, 0.7100607752799988, 0.7142274379730225, 0.715698778629303, 0.7183984518051147], "val_loss": [1.9167587757110596, 0.97816002368927, 0.837455153465271, 0.8115860819816589, 0.7972468733787537, 0.7900077700614929, 0.7850180268287659, 0.7775360941886902, 0.7741509079933167, 0.7707625031471252, 0.7675294876098633, 0.7649672627449036, 0.7627455592155457, 0.7623117566108704, 0.7603042721748352, 0.7606964707374573, 0.7580311894416809, 0.7565433382987976, 0.7560240626335144, 0.7571458220481873, 0.7545445561408997, 0.7560266256332397, 0.7570903897285461, 0.7550429701805115, 0.7592740058898926, 0.7585591077804565, 0.7614116668701172, 0.7622342705726624, 0.7643041014671326, 0.7661153078079224, 0.7681795358657837], "val_accuracy": [0.6069684624671936, 0.6564592719078064, 0.6633126139640808, 0.6648821234703064, 0.6703926920890808, 0.6733573079109192, 0.6749442219734192, 0.6813616156578064, 0.6828264594078064, 0.6849539875984192, 0.6867327094078064, 0.6875348687171936, 0.6889473795890808, 0.6887555718421936, 0.6902030110359192, 0.6899762749671936, 0.6913713812828064, 0.6921561360359192, 0.6928187608718872, 0.6919119954109192, 0.6934814453125, 0.6928885579109192, 0.6919817328453064, 0.6938651204109192, 0.6913190484046936, 0.6915283203125, 0.6913887858390808, 0.6914237141609192, 0.6898542046546936, 0.6889299750328064, 0.6889997124671936]}