{"loss": [12.708438873291016, 8.809571266174316, 6.239896297454834, 4.541251182556152, 3.4105260372161865, 2.7368621826171875, 2.3084633350372314, 2.0217642784118652, 1.8309991359710693, 1.7009559869766235, 1.5976744890213013, 1.5164592266082764, 1.4494848251342773, 1.3914694786071777, 1.3050061464309692, 1.218032717704773, 1.1829445362091064, 1.1224640607833862, 1.069519281387329, 0.9877109527587891, 0.8924334645271301, 0.9829437732696533, 0.8224789500236511, 0.6939699053764343], "accuracy": [0.20441924035549164, 0.20729009807109833, 0.2094314694404602, 0.23642225563526154, 0.2996987998485565, 0.3248070478439331, 0.34730327129364014, 0.3714231848716736, 0.3924369215965271, 0.4063676595687866, 0.4289344847202301, 0.45037180185317993, 0.4738563597202301, 0.4908697307109833, 0.5299322009086609, 0.5709478259086609, 0.5828548669815063, 0.6038686037063599, 0.6272119879722595, 0.6703925132751465, 0.7163026928901672, 0.6673569083213806, 0.7417404055595398, 0.8043109774589539], "val_loss": [10.475061416625977, 7.326045989990234, 5.278756141662598, 3.88897442817688, 3.0413782596588135, 2.495394706726074, 2.1545677185058594, 1.9269336462020874, 1.7753921747207642, 1.6896684169769287, 1.641432762145996, 1.6549358367919922, 1.6151832342147827, 1.6004726886749268, 1.6616874933242798, 1.7464631795883179, 1.788316011428833, 1.9003015756607056, 1.9016578197479248, 2.124070882797241, 2.2517800331115723, 2.098069190979004, 2.31394362449646, 2.5151803493499756], "val_accuracy": [0.20781250298023224, 0.20781250298023224, 0.20917968451976776, 0.29277342557907104, 0.3218750059604645, 0.34345704317092896, 0.35029298067092896, 0.37822264432907104, 0.388671875, 0.39238280057907104, 0.39287108182907104, 0.3814453184604645, 0.380859375, 0.38935548067092896, 0.3828125, 0.3755859434604645, 0.3671875, 0.3636718690395355, 0.3707031309604645, 0.3584960997104645, 0.31767576932907104, 0.3575195372104645, 0.35869139432907104, 0.35185545682907104]}