{"loss": [12.865575790405273, 8.889047622680664, 6.238344669342041, 4.577359676361084, 3.5240514278411865, 2.8521785736083984, 2.4234204292297363, 2.1511070728302, 1.9725701808929443, 1.8566800355911255, 1.7785885334014893, 1.7258633375167847, 1.6873998641967773, 1.6605879068374634, 1.6411828994750977, 1.6273542642593384, 1.6160237789154053, 1.604362964630127, 1.5950069427490234, 1.584551215171814, 1.5757670402526855, 1.566352367401123, 1.557202935218811, 1.546339511871338, 1.5360972881317139, 1.5246050357818604, 1.5108290910720825, 1.4984843730926514, 1.4801620244979858, 1.468217372894287, 1.4469720125198364], "accuracy": [0.1971244364976883, 0.22060899436473846, 0.26586031913757324, 0.27847325801849365, 0.28510919213294983, 0.28887423872947693, 0.29242751002311707, 0.2972044348716736, 0.30160486698150635, 0.30758190155029297, 0.3128059208393097, 0.31675922870635986, 0.32191264629364014, 0.32563063502311707, 0.33238422870635986, 0.33452561497688293, 0.3371611535549164, 0.3430205285549164, 0.34833866357803345, 0.35452747344970703, 0.36368128657341003, 0.36968186497688293, 0.37309393286705017, 0.3794710040092468, 0.3874717652797699, 0.39777860045433044, 0.4024614095687866, 0.41380366683006287, 0.42168673872947693, 0.43159356713294983, 0.4441123902797699], "val_loss": [10.600645065307617, 7.381015777587891, 5.299508571624756, 3.9798412322998047, 3.1362173557281494, 2.601926565170288, 2.264650821685791, 2.046154499053955, 1.9067481756210327, 1.8126598596572876, 1.7556095123291016, 1.7134138345718384, 1.679337739944458, 1.6623239517211914, 1.6482280492782593, 1.6352479457855225, 1.630321741104126, 1.6231539249420166, 1.6199649572372437, 1.6219511032104492, 1.6172910928726196, 1.6208279132843018, 1.620758295059204, 1.628259301185608, 1.6310752630233765, 1.6375375986099243, 1.644147515296936, 1.6533546447753906, 1.6661876440048218, 1.6854965686798096, 1.6994287967681885], "val_accuracy": [0.20966796576976776, 0.24072265625, 0.2730468809604645, 0.28593748807907104, 0.294921875, 0.29667967557907104, 0.3008789122104645, 0.30585938692092896, 0.3072265684604645, 0.31103515625, 0.3111328184604645, 0.31591796875, 0.3248046934604645, 0.326171875, 0.33056640625, 0.33642578125, 0.3368164002895355, 0.3379882872104645, 0.33808594942092896, 0.3338867127895355, 0.3414062559604645, 0.33857423067092896, 0.34248048067092896, 0.341796875, 0.3394531309604645, 0.33916014432907104, 0.34257811307907104, 0.3392578065395355, 0.341796875, 0.33330076932907104, 0.3310546875]}