{"loss": [11.228838920593262, 5.477854251861572, 3.4432990550994873, 2.5261476039886475, 2.0011701583862305, 1.659718632698059, 1.4343949556350708, 1.2835886478424072, 1.1859439611434937, 1.1210225820541382, 1.0799362659454346, 1.0528810024261475, 1.0354232788085938, 1.0243663787841797, 1.015579342842102, 1.0101099014282227, 1.0032083988189697, 0.999262273311615, 0.9945088028907776, 0.9896643161773682, 0.985148012638092, 0.9780498147010803, 0.9740596413612366, 0.9660167098045349, 0.9582548141479492, 0.9516310095787048, 0.942247211933136, 0.9329458475112915], "accuracy": [0.3419438898563385, 0.3622101843357086, 0.443065345287323, 0.4833669364452362, 0.4947076737880707, 0.5024361610412598, 0.5095766186714172, 0.514259934425354, 0.5154569745063782, 0.5210013389587402, 0.5217573642730713, 0.5257686376571655, 0.5294228792190552, 0.5328670740127563, 0.5376344323158264, 0.5417086482048035, 0.5478200316429138, 0.5530914068222046, 0.5570186376571655, 0.5665112733840942, 0.5708795189857483, 0.5791120529174805, 0.5843204259872437, 0.5945900678634644, 0.6043346524238586, 0.6121261715888977, 0.6208207607269287, 0.6334425210952759], "val_loss": [7.320472240447998, 4.16213321685791, 2.9233744144439697, 2.2514004707336426, 1.8209924697875977, 1.537757396697998, 1.3513715267181396, 1.2292615175247192, 1.1527670621871948, 1.1049296855926514, 1.0730705261230469, 1.0527442693710327, 1.0409207344055176, 1.0339596271514893, 1.032101035118103, 1.0289413928985596, 1.031337857246399, 1.0278029441833496, 1.0320147275924683, 1.029532790184021, 1.0408499240875244, 1.033137321472168, 1.0482770204544067, 1.0427219867706299, 1.050136685371399, 1.056767225265503, 1.0751502513885498, 1.0907789468765259], "val_accuracy": [0.35640284419059753, 0.3639605939388275, 0.43062159419059753, 0.46908968687057495, 0.4959239065647125, 0.5032268762588501, 0.513332188129425, 0.516474187374115, 0.518427312374115, 0.515964686870575, 0.5185971260070801, 0.5202955007553101, 0.5222486257553101, 0.5243716239929199, 0.5233525633811951, 0.524286687374115, 0.52394700050354, 0.525390625, 0.5286175012588501, 0.5333729386329651, 0.527004063129425, 0.5358356237411499, 0.5291270613670349, 0.5339673757553101, 0.532099187374115, 0.5321841239929199, 0.5322690010070801, 0.5255604386329651]}