{"loss": [40.75639343261719, 18.965906143188477, 11.740327835083008, 8.38222599029541, 6.280111789703369, 4.826279163360596, 3.8031516075134277, 3.090049982070923, 2.5944221019744873, 2.2579097747802734, 2.03041410446167, 1.880609393119812, 1.7811040878295898, 1.7169162034988403, 1.6758571863174438, 1.6477363109588623, 1.6302881240844727, 1.6184284687042236, 1.6111775636672974, 1.6056321859359741, 1.6013879776000977, 1.5989997386932373, 1.5950006246566772, 1.593530535697937, 1.5913896560668945, 1.5902076959609985, 1.5887682437896729, 1.5867340564727783, 1.5849480628967285, 1.5840436220169067, 1.5831071138381958, 1.5815304517745972, 1.5806711912155151, 1.5794928073883057, 1.5788167715072632, 1.57791006565094, 1.5764142274856567, 1.5759046077728271, 1.5753942728042603, 1.5747467279434204, 1.5728458166122437, 1.572780728340149, 1.5717594623565674, 1.5711923837661743, 1.5689735412597656, 1.5684441328048706, 1.5681246519088745, 1.5672214031219482, 1.566165566444397, 1.5655326843261719, 1.5657856464385986, 1.563995361328125, 1.5625709295272827, 1.5613064765930176, 1.5620355606079102, 1.5598969459533691, 1.5592623949050903, 1.559111475944519, 1.5582659244537354, 1.5560166835784912, 1.5556217432022095, 1.5541930198669434, 1.5539602041244507, 1.5525020360946655, 1.5525563955307007, 1.5508395433425903], "accuracy": [0.28416791558265686, 0.3248070478439331, 0.3292074501514435, 0.3342902958393097, 0.33659639954566956, 0.33734938502311707, 0.33991435170173645, 0.34142038226127625, 0.3426675498485565, 0.34365588426589966, 0.34273815155029297, 0.34353822469711304, 0.34443241357803345, 0.34544429183006287, 0.34476184844970703, 0.34699735045433044, 0.34713855385780334, 0.34789156913757324, 0.34730327129364014, 0.3497505784034729, 0.34746798872947693, 0.3478209674358368, 0.34880930185317993, 0.35179781913757324, 0.3505271077156067, 0.3503623902797699, 0.3525978922843933, 0.35179781913757324, 0.35346856713294983, 0.35236257314682007, 0.3521272540092468, 0.3527626097202301, 0.35372740030288696, 0.3550451695919037, 0.3532332479953766, 0.35452747344970703, 0.35582172870635986, 0.3559158444404602, 0.354856938123703, 0.35584524273872375, 0.356810063123703, 0.35852786898612976, 0.35688063502311707, 0.3604103922843933, 0.36033979058265686, 0.3606927692890167, 0.3598220944404602, 0.36139872670173645, 0.3608810305595398, 0.3609986901283264, 0.36217525601387024, 0.36151638627052307, 0.36412838101387024, 0.3647637367248535, 0.3651167154312134, 0.3673051595687866, 0.36575207114219666, 0.3678228557109833, 0.36678746342658997, 0.36904650926589966, 0.3709760904312134, 0.3709290325641632, 0.36968186497688293, 0.37224680185317993, 0.3730233311653137, 0.3751647174358368], "val_loss": [25.7264404296875, 14.317354202270508, 9.799168586730957, 7.217992305755615, 5.472703456878662, 4.2446064949035645, 3.386037826538086, 2.794755458831787, 2.384911298751831, 2.111433506011963, 1.9283511638641357, 1.8086977005004883, 1.729332685470581, 1.6778866052627563, 1.6438137292861938, 1.6217052936553955, 1.609621286392212, 1.5995465517044067, 1.5922443866729736, 1.589141845703125, 1.5843662023544312, 1.58237624168396, 1.5794709920883179, 1.5789514780044556, 1.5767583847045898, 1.5766708850860596, 1.5755404233932495, 1.5739877223968506, 1.5742225646972656, 1.573978066444397, 1.5719183683395386, 1.5715163946151733, 1.5722196102142334, 1.5703721046447754, 1.570442795753479, 1.5709950923919678, 1.5697788000106812, 1.5697842836380005, 1.569153904914856, 1.569085717201233, 1.5693391561508179, 1.5682430267333984, 1.5681856870651245, 1.56746506690979, 1.5676162242889404, 1.5693734884262085, 1.5694143772125244, 1.5666377544403076, 1.5691728591918945, 1.568742275238037, 1.5685389041900635, 1.56741464138031, 1.5686852931976318, 1.569016695022583, 1.5682260990142822, 1.5656054019927979, 1.5683616399765015, 1.568967580795288, 1.5680757761001587, 1.56734299659729, 1.569179654121399, 1.5698083639144897, 1.5698773860931396, 1.5712343454360962, 1.5697740316390991, 1.5698444843292236], "val_accuracy": [0.2538085877895355, 0.2884765565395355, 0.3163085877895355, 0.34248048067092896, 0.34941405057907104, 0.3516601622104645, 0.35283201932907104, 0.3543945252895355, 0.35468751192092896, 0.35468751192092896, 0.3560546934604645, 0.35673826932907104, 0.3570312559604645, 0.3583007752895355, 0.35791015625, 0.35791015625, 0.35722655057907104, 0.35869139432907104, 0.3594726622104645, 0.3603515625, 0.3603515625, 0.36259764432907104, 0.3609375059604645, 0.3604492247104645, 0.36083984375, 0.3592773377895355, 0.3599609434604645, 0.36113280057907104, 0.3602539002895355, 0.3607421815395355, 0.35888671875, 0.3594726622104645, 0.3603515625, 0.359375, 0.3589843809604645, 0.35869139432907104, 0.3594726622104645, 0.35869139432907104, 0.36005860567092896, 0.35820311307907104, 0.35761719942092896, 0.35810548067092896, 0.3583984375, 0.35722655057907104, 0.3583984375, 0.3584960997104645, 0.35810548067092896, 0.35859376192092896, 0.35712891817092896, 0.3599609434604645, 0.36015623807907104, 0.35917967557907104, 0.359375, 0.3607421815395355, 0.3599609434604645, 0.3617187440395355, 0.3603515625, 0.3612304627895355, 0.35966795682907104, 0.36064451932907104, 0.3603515625, 0.357421875, 0.35966795682907104, 0.3587890565395355, 0.36005860567092896, 0.36054688692092896]}