{"loss": [12.437190055847168, 6.766094207763672, 4.5561418533325195, 3.4738309383392334, 2.8808822631835938, 2.500631809234619, 2.235694169998169, 2.049880266189575, 1.9169179201126099, 1.8233367204666138, 1.7536108493804932, 1.702541708946228, 1.6651740074157715, 1.6347192525863647, 1.611742377281189, 1.5968254804611206, 1.5808193683624268, 1.5682085752487183, 1.5592271089553833, 1.5520083904266357, 1.5427268743515015, 1.5358378887176514, 1.5289890766143799, 1.5205457210540771, 1.515511393547058, 1.5080896615982056, 1.5030306577682495, 1.4961353540420532, 1.4892377853393555, 1.4827989339828491], "accuracy": [0.20008942484855652, 0.21159638464450836, 0.22171498835086823, 0.2756730020046234, 0.2945924401283264, 0.3027108311653137, 0.3121705651283264, 0.31934770941734314, 0.3266425132751465, 0.33179593086242676, 0.34158509969711304, 0.35177427530288696, 0.36111634969711304, 0.369140625, 0.3788827061653137, 0.38257718086242676, 0.38874247670173645, 0.3957549035549164, 0.39700207114219666, 0.40469691157341003, 0.4078972041606903, 0.4095208942890167, 0.4137801229953766, 0.41822758316993713, 0.4246046543121338, 0.4299698770046234, 0.4322759807109833, 0.4367234706878662, 0.44145330786705017, 0.44884225726127625], "val_loss": [8.696215629577637, 5.333725929260254, 3.9438698291778564, 3.2012877464294434, 2.7185161113739014, 2.3805835247039795, 2.1425209045410156, 1.9719501733779907, 1.8626725673675537, 1.776822805404663, 1.7187579870224, 1.677351951599121, 1.6518504619598389, 1.6280078887939453, 1.607739806175232, 1.6097946166992188, 1.5882530212402344, 1.5798606872558594, 1.5895841121673584, 1.5725252628326416, 1.5819669961929321, 1.5827295780181885, 1.5745558738708496, 1.5766171216964722, 1.5782077312469482, 1.5775933265686035, 1.574310302734375, 1.579089879989624, 1.577986240386963, 1.5804623365402222], "val_accuracy": [0.21181640028953552, 0.21083983778953552, 0.22597655653953552, 0.2557617127895355, 0.2806640565395355, 0.30878907442092896, 0.3165039122104645, 0.3349609375, 0.33349609375, 0.3433593809604645, 0.35224610567092896, 0.36083984375, 0.36669921875, 0.36884766817092896, 0.37841796875, 0.36865234375, 0.3812499940395355, 0.38525390625, 0.3775390684604645, 0.3877929747104645, 0.38154298067092896, 0.38251954317092896, 0.38837891817092896, 0.38603514432907104, 0.38886719942092896, 0.3890624940395355, 0.39140623807907104, 0.3900390565395355, 0.39384764432907104, 0.39765626192092896]}