{"loss": [12.426772117614746, 6.789360523223877, 4.590390682220459, 3.5435261726379395, 2.9033546447753906, 2.515120029449463, 2.248948574066162, 2.0620033740997314, 1.9310115575790405, 1.8385273218154907, 1.7725436687469482, 1.7255371809005737, 1.6939327716827393, 1.6682484149932861, 1.6500575542449951, 1.6329443454742432, 1.6160051822662354, 1.6085745096206665, 1.5914990901947021, 1.5828443765640259, 1.572443962097168, 1.5690162181854248, 1.5571438074111938, 1.5460872650146484, 1.5389326810836792, 1.5376076698303223, 1.527634620666504, 1.5207706689834595, 1.5118558406829834, 1.5006673336029053, 1.4901323318481445, 1.4805488586425781, 1.4729816913604736], "accuracy": [0.1971009075641632, 0.20451337099075317, 0.20813722908496857, 0.2394813597202301, 0.2806617021560669, 0.2905685305595398, 0.29574549198150635, 0.30191075801849365, 0.30969974398612976, 0.3139824867248535, 0.322877436876297, 0.3269248902797699, 0.3332549035549164, 0.3407379388809204, 0.3422910273075104, 0.3501035273075104, 0.3604574501514435, 0.36457547545433044, 0.37401166558265686, 0.38262423872947693, 0.38907191157341003, 0.38787180185317993, 0.39763742685317993, 0.4054969847202301, 0.41006213426589966, 0.41187405586242676, 0.4193571209907532, 0.42585185170173645, 0.42949923872947693, 0.4414297938346863, 0.44825395941734314, 0.45481929183006287, 0.4605139195919037], "val_loss": [8.706796646118164, 5.360194683074951, 3.974419355392456, 3.1782524585723877, 2.6915504932403564, 2.3633103370666504, 2.137529134750366, 1.977716088294983, 1.87005615234375, 1.7987098693847656, 1.7459774017333984, 1.7055647373199463, 1.6822532415390015, 1.6602122783660889, 1.643153190612793, 1.6290767192840576, 1.627123236656189, 1.6097322702407837, 1.6082786321640015, 1.603074073791504, 1.6158363819122314, 1.5927850008010864, 1.5879888534545898, 1.5960724353790283, 1.5897853374481201, 1.590667486190796, 1.5914093255996704, 1.595421314239502, 1.6063381433486938, 1.6091852188110352, 1.620485544204712, 1.624521017074585, 1.6503782272338867], "val_accuracy": [0.21220703423023224, 0.21376952528953552, 0.21572265028953552, 0.27978515625, 0.2940429747104645, 0.29833984375, 0.3041015565395355, 0.31298828125, 0.31884765625, 0.32060545682907104, 0.3251953125, 0.33222657442092896, 0.32978516817092896, 0.34013670682907104, 0.34941405057907104, 0.35576170682907104, 0.35957032442092896, 0.36669921875, 0.36669921875, 0.3697265684604645, 0.3667968809604645, 0.37470704317092896, 0.37773436307907104, 0.3790039122104645, 0.38115233182907104, 0.37910157442092896, 0.38105469942092896, 0.38251954317092896, 0.3836914002895355, 0.3863281309604645, 0.3858398497104645, 0.38232421875, 0.38134765625]}