{"loss": [12.37899112701416, 6.7252655029296875, 4.518099308013916, 3.4547154903411865, 2.876120090484619, 2.4994542598724365, 2.2326793670654297, 2.049272060394287, 1.9145066738128662, 1.8186181783676147, 1.7547736167907715, 1.702157974243164, 1.666297435760498, 1.6380696296691895, 1.614492416381836, 1.5959028005599976, 1.5808403491973877, 1.5699045658111572, 1.5577528476715088, 1.5467292070388794, 1.5423123836517334, 1.5370806455612183, 1.5303773880004883, 1.5208284854888916, 1.5169764757156372, 1.5109503269195557, 1.5057743787765503, 1.4959765672683716, 1.4911381006240845, 1.4848031997680664, 1.4787741899490356, 1.4705272912979126, 1.4622509479522705, 1.4625413417816162, 1.4539387226104736, 1.4466373920440674], "accuracy": [0.19926580786705017, 0.20820783078670502, 0.23606927692890167, 0.28762707114219666, 0.30160486698150635, 0.3114175498485565, 0.315794438123703, 0.3225950598716736, 0.3284309208393097, 0.33960843086242676, 0.3434440791606903, 0.35175076127052307, 0.3607633709907532, 0.36455196142196655, 0.37323513627052307, 0.3796357214450836, 0.38697758316993713, 0.3897072672843933, 0.3984610438346863, 0.4050734043121338, 0.4062735438346863, 0.4082266688346863, 0.4111916422843933, 0.4173333942890167, 0.42018070816993713, 0.4229574501514435, 0.42813441157341003, 0.4351232945919037, 0.4407708942890167, 0.44326525926589966, 0.4479009807109833, 0.4535956382751465, 0.45997270941734314, 0.46013742685317993, 0.4693382978439331, 0.4731504023075104], "val_loss": [8.636544227600098, 5.30853796005249, 3.9244987964630127, 3.1844890117645264, 2.706686496734619, 2.373319149017334, 2.134895086288452, 1.9697513580322266, 1.8570327758789062, 1.7756741046905518, 1.722442626953125, 1.67768132686615, 1.6472886800765991, 1.6218395233154297, 1.6041755676269531, 1.590234398841858, 1.580214500427246, 1.5750458240509033, 1.5678391456604004, 1.5646288394927979, 1.5639773607254028, 1.5598760843276978, 1.5641976594924927, 1.559037446975708, 1.558373212814331, 1.5579698085784912, 1.5617941617965698, 1.5655962228775024, 1.5710022449493408, 1.5687823295593262, 1.5713962316513062, 1.5755306482315063, 1.579575777053833, 1.5885179042816162, 1.5990746021270752, 1.5983303785324097], "val_accuracy": [0.21279296278953552, 0.2158203125, 0.24189452826976776, 0.2744140625, 0.29541015625, 0.3187499940395355, 0.33076173067092896, 0.3384765684604645, 0.33867186307907104, 0.3472656309604645, 0.34990233182907104, 0.3614257872104645, 0.3670898377895355, 0.37451171875, 0.3812499940395355, 0.3863281309604645, 0.3915039002895355, 0.39277344942092896, 0.3944335877895355, 0.39433592557907104, 0.3919921815395355, 0.39453125, 0.3935546875, 0.39794921875, 0.3946289122104645, 0.3978515565395355, 0.39599609375, 0.3955078125, 0.3954101502895355, 0.39824217557907104, 0.39726561307907104, 0.39794921875, 0.4007812440395355, 0.3988281190395355, 0.39677733182907104, 0.39521485567092896]}