{"loss": [40.628089904785156, 18.833044052124023, 11.660646438598633, 8.343982696533203, 6.265090465545654, 4.818530082702637, 3.798530340194702, 3.087432861328125, 2.5929489135742188, 2.2584006786346436, 2.0319905281066895, 1.880454182624817, 1.7833913564682007, 1.719549298286438, 1.6790896654129028, 1.6525167226791382, 1.6357756853103638, 1.6238831281661987, 1.6174228191375732, 1.612187385559082, 1.608700156211853, 1.6047885417938232, 1.6035972833633423, 1.601972222328186, 1.6004302501678467, 1.5977026224136353, 1.5973231792449951, 1.5963084697723389, 1.5962873697280884, 1.5947548151016235, 1.593860149383545, 1.5935478210449219, 1.5932648181915283, 1.5923967361450195, 1.5909234285354614, 1.5918402671813965, 1.5908020734786987, 1.588836669921875, 1.5891648530960083, 1.5889661312103271, 1.5886698961257935, 1.5878387689590454, 1.5876694917678833, 1.5875840187072754, 1.5864986181259155, 1.5868829488754272, 1.5861691236495972, 1.5856040716171265, 1.5856739282608032, 1.5849521160125732, 1.58462393283844, 1.58484947681427, 1.5838476419448853, 1.5834593772888184, 1.5840307474136353, 1.5831257104873657, 1.5834448337554932, 1.5827839374542236, 1.5823012590408325, 1.582281231880188, 1.5808753967285156, 1.5823932886123657, 1.581864833831787, 1.5815249681472778, 1.5808589458465576, 1.580905556678772, 1.5809698104858398, 1.5810693502426147, 1.5804473161697388, 1.5795321464538574, 1.5796725749969482, 1.579041600227356, 1.5793389081954956, 1.5794942378997803, 1.579267144203186, 1.5787672996520996, 1.5785233974456787, 1.5784363746643066, 1.5773674249649048, 1.57760488986969, 1.5777626037597656, 1.5779653787612915, 1.5767592191696167, 1.57632315158844, 1.5759304761886597, 1.576591968536377, 1.5762062072753906, 1.5756754875183105, 1.5763769149780273, 1.5757964849472046, 1.5760338306427002, 1.5771939754486084, 1.5750436782836914], "accuracy": [0.2967102825641632, 0.32386577129364014, 0.3260071575641632, 0.32981929183006287, 0.33283132314682007, 0.3324548304080963, 0.33687877655029297, 0.3370199501514435, 0.3386436402797699, 0.33904367685317993, 0.33857303857803345, 0.33963197469711304, 0.3397025465965271, 0.33918485045433044, 0.3386671543121338, 0.339231938123703, 0.33946725726127625, 0.34094974398612976, 0.33932605385780334, 0.3403143882751465, 0.34038498997688293, 0.34125563502311707, 0.34078502655029297, 0.3419380784034729, 0.3414909541606903, 0.3413262367248535, 0.3431852459907532, 0.34085559844970703, 0.3421027958393097, 0.3421263098716736, 0.3426910638809204, 0.34233811497688293, 0.3424322307109833, 0.34233811497688293, 0.3444559574127197, 0.34233811497688293, 0.34367939829826355, 0.3430205285549164, 0.34353822469711304, 0.34351468086242676, 0.34485599398612976, 0.3448089361190796, 0.34384411573410034, 0.3437735438346863, 0.3448089361190796, 0.3437735438346863, 0.3442206382751465, 0.34443241357803345, 0.344361811876297, 0.3443382978439331, 0.3448089361190796, 0.34577372670173645, 0.34551486372947693, 0.3453736901283264, 0.3461737632751465, 0.34471479058265686, 0.3468797206878662, 0.34607961773872375, 0.3442206382751465, 0.34469127655029297, 0.3461972773075104, 0.3473268151283264, 0.3462678790092468, 0.34819748997688293, 0.34866809844970703, 0.34713855385780334, 0.34730327129364014, 0.34770330786705017, 0.34784451127052307, 0.34819748997688293, 0.3486916422843933, 0.34951525926589966, 0.34817394614219666, 0.3484092652797699, 0.3492799401283264, 0.3475150465965271, 0.35043299198150635, 0.34984469413757324, 0.3506683111190796, 0.34909167885780334, 0.3490210771560669, 0.34909167885780334, 0.3489740192890167, 0.35059770941734314, 0.350950688123703, 0.350950688123703, 0.35040944814682007, 0.3510683476924896, 0.34935054183006287, 0.3530214726924896, 0.35026827454566956, 0.3498917520046234, 0.35055065155029297], "val_loss": [25.549182891845703, 14.173189163208008, 9.710728645324707, 7.163936614990234, 5.438260555267334, 4.225349426269531, 3.3760833740234375, 2.785827159881592, 2.3822686672210693, 2.1095657348632812, 1.9278781414031982, 1.8079017400741577, 1.729282021522522, 1.6784231662750244, 1.6479427814483643, 1.6266237497329712, 1.6129887104034424, 1.6044857501983643, 1.6004797220230103, 1.5948623418807983, 1.5925034284591675, 1.5888417959213257, 1.5872771739959717, 1.5862977504730225, 1.5848443508148193, 1.5834615230560303, 1.5843428373336792, 1.5819120407104492, 1.5829598903656006, 1.5813348293304443, 1.58073890209198, 1.581313967704773, 1.5804592370986938, 1.5796563625335693, 1.5784871578216553, 1.5791723728179932, 1.5782115459442139, 1.5775763988494873, 1.5778582096099854, 1.576922059059143, 1.5765252113342285, 1.577175259590149, 1.5760481357574463, 1.576002836227417, 1.5755759477615356, 1.5763328075408936, 1.5752885341644287, 1.574446439743042, 1.5756973028182983, 1.5749024152755737, 1.5752975940704346, 1.5743622779846191, 1.5742480754852295, 1.573678731918335, 1.5740119218826294, 1.5736103057861328, 1.5742485523223877, 1.573656678199768, 1.5740635395050049, 1.57394278049469, 1.573665976524353, 1.5742528438568115, 1.5736695528030396, 1.5728261470794678, 1.5736099481582642, 1.5732252597808838, 1.5733554363250732, 1.5741643905639648, 1.5723778009414673, 1.5726842880249023, 1.5734933614730835, 1.572709321975708, 1.5722578763961792, 1.572385311126709, 1.5735101699829102, 1.5723884105682373, 1.572955846786499, 1.571880578994751, 1.572920560836792, 1.5721337795257568, 1.571624517440796, 1.5726292133331299, 1.5712436437606812, 1.5716781616210938, 1.571132779121399, 1.5715997219085693, 1.5721367597579956, 1.5720646381378174, 1.5719516277313232, 1.5724211931228638, 1.5722230672836304, 1.5719200372695923, 1.5718246698379517], "val_accuracy": [0.25341796875, 0.298828125, 0.32539063692092896, 0.34443360567092896, 0.3497070372104645, 0.34882813692092896, 0.34833985567092896, 0.3506835997104645, 0.35126954317092896, 0.3521484434604645, 0.35126954317092896, 0.35205078125, 0.3526367247104645, 0.3516601622104645, 0.3524414002895355, 0.3505859375, 0.3525390625, 0.35136717557907104, 0.3511718809604645, 0.3515625, 0.3526367247104645, 0.35136717557907104, 0.3516601622104645, 0.3524414002895355, 0.3515625, 0.3516601622104645, 0.35078126192092896, 0.3525390625, 0.3531250059604645, 0.35078126192092896, 0.3511718809604645, 0.35322266817092896, 0.3534179627895355, 0.35224610567092896, 0.35185545682907104, 0.3519531190395355, 0.35273438692092896, 0.3531250059604645, 0.35322266817092896, 0.3534179627895355, 0.3525390625, 0.35273438692092896, 0.35380858182907104, 0.3525390625, 0.35546875, 0.35380858182907104, 0.3539062440395355, 0.3548828065395355, 0.35322266817092896, 0.35234373807907104, 0.3541015684604645, 0.35380858182907104, 0.3539062440395355, 0.35546875, 0.35429686307907104, 0.3536132872104645, 0.3545898497104645, 0.3553710877895355, 0.353515625, 0.3553710877895355, 0.3534179627895355, 0.35576170682907104, 0.35468751192092896, 0.35517579317092896, 0.3555664122104645, 0.3550781309604645, 0.3536132872104645, 0.35517579317092896, 0.35517579317092896, 0.3560546934604645, 0.35419923067092896, 0.35498046875, 0.35517579317092896, 0.35371094942092896, 0.3550781309604645, 0.3555664122104645, 0.3539062440395355, 0.35371094942092896, 0.3545898497104645, 0.3545898497104645, 0.35527342557907104, 0.3531250059604645, 0.35400390625, 0.35527342557907104, 0.3544921875, 0.35429686307907104, 0.35371094942092896, 0.3534179627895355, 0.3544921875, 0.3544921875, 0.3526367247104645, 0.3544921875, 0.3543945252895355]}