{"loss": [12.258749008178711, 6.69208288192749, 4.596536636352539, 3.603980302810669, 3.0109922885894775, 2.6099584102630615, 2.329657793045044, 2.128236770629883, 1.985202431678772, 1.8807960748672485, 1.809024453163147, 1.7549397945404053, 1.7176371812820435, 1.6901451349258423, 1.668897271156311, 1.655722737312317, 1.6433684825897217, 1.6355153322219849, 1.628316879272461, 1.6223429441452026, 1.6185197830200195, 1.615739345550537, 1.6110581159591675, 1.610080599784851, 1.6069854497909546, 1.6058648824691772, 1.6011089086532593, 1.5994662046432495, 1.5983648300170898, 1.5966020822525024, 1.5928391218185425, 1.594549536705017], "accuracy": [0.22409167885780334, 0.28012049198150635, 0.29141566157341003, 0.30219313502311707, 0.3081701695919037, 0.3129235804080963, 0.31527674198150635, 0.31890061497688293, 0.3188535273075104, 0.3237245976924896, 0.3251129388809204, 0.3284544348716736, 0.3324783444404602, 0.3329254388809204, 0.3345491290092468, 0.3371376097202301, 0.33902013301849365, 0.3387848138809204, 0.34099680185317993, 0.34579724073410034, 0.3477974534034729, 0.34925639629364014, 0.35328030586242676, 0.35403332114219666, 0.3556099534034729, 0.3556334674358368, 0.3593514561653137, 0.3659403324127197, 0.3656579554080963, 0.36831700801849365, 0.3706231117248535, 0.3757530152797699], "val_loss": [8.556093215942383, 5.367578506469727, 4.0091872215271, 3.256765842437744, 2.7729785442352295, 2.438657760620117, 2.2065236568450928, 2.03666353225708, 1.9187767505645752, 1.835223913192749, 1.7760941982269287, 1.733748435974121, 1.703894019126892, 1.6805824041366577, 1.6669108867645264, 1.654973030090332, 1.648537039756775, 1.6438262462615967, 1.6395925283432007, 1.6379048824310303, 1.6350696086883545, 1.6348676681518555, 1.6388107538223267, 1.6398646831512451, 1.6390049457550049, 1.6443097591400146, 1.6436796188354492, 1.645721435546875, 1.6517585515975952, 1.6574121713638306, 1.6647872924804688, 1.6704593896865845], "val_accuracy": [0.2544921934604645, 0.2918945252895355, 0.3080078065395355, 0.31367188692092896, 0.3221679627895355, 0.32197266817092896, 0.3208984434604645, 0.32451170682907104, 0.32734376192092896, 0.32499998807907104, 0.3238281309604645, 0.3267578184604645, 0.3260742127895355, 0.32832032442092896, 0.3285156190395355, 0.3287109434604645, 0.3326171934604645, 0.32861328125, 0.32939451932907104, 0.3314453065395355, 0.33251953125, 0.3311523497104645, 0.3277343809604645, 0.32792967557907104, 0.3348632752895355, 0.33544921875, 0.3345703184604645, 0.333984375, 0.3358398377895355, 0.33623045682907104, 0.33173829317092896, 0.33320313692092896]}