{"loss": [12.885381698608398, 8.91665267944336, 6.261114120483398, 4.59384822845459, 3.536092758178711, 2.860943078994751, 2.4324562549591064, 2.155907392501831, 1.9761872291564941, 1.8590929508209229, 1.7807475328445435, 1.7264081239700317, 1.6907883882522583, 1.6637356281280518, 1.6427544355392456, 1.6291191577911377, 1.6175451278686523, 1.6078565120697021, 1.5980069637298584, 1.5883537530899048, 1.5795780420303345, 1.5705536603927612, 1.5608980655670166, 1.5516594648361206, 1.5433825254440308, 1.5330810546875, 1.5189306735992432, 1.5080827474594116, 1.4972022771835327, 1.4779839515686035, 1.4590905904769897, 1.442341685295105], "accuracy": [0.1971244364976883, 0.22216208279132843, 0.2632012367248535, 0.2806852459907532, 0.28609752655029297, 0.2886154055595398, 0.2953925132751465, 0.2976280152797699, 0.30146366357803345, 0.30718186497688293, 0.3096762001514435, 0.3168533444404602, 0.3224068284034729, 0.32596009969711304, 0.3321489095687866, 0.33344313502311707, 0.33857303857803345, 0.3413027226924896, 0.34593844413757324, 0.35511577129364014, 0.35958677530288696, 0.3628106117248535, 0.3714231848716736, 0.3790709674358368, 0.38170650601387024, 0.3891189694404602, 0.3980139195919037, 0.40813252329826355, 0.41610974073410034, 0.4256400465965271, 0.43832361698150635, 0.44959524273872375], "val_loss": [10.627944946289062, 7.408006191253662, 5.321598052978516, 3.9936394691467285, 3.145040512084961, 2.6088685989379883, 2.2691712379455566, 2.049241542816162, 1.9086430072784424, 1.8183717727661133, 1.7530667781829834, 1.7104055881500244, 1.68454110622406, 1.6638168096542358, 1.6491820812225342, 1.640562653541565, 1.6336389780044556, 1.6265958547592163, 1.6225254535675049, 1.6219230890274048, 1.6226990222930908, 1.6200687885284424, 1.6225990056991577, 1.625697135925293, 1.6306909322738647, 1.6341288089752197, 1.6422722339630127, 1.6546481847763062, 1.6606544256210327, 1.6731843948364258, 1.6957985162734985, 1.7073452472686768], "val_accuracy": [0.21054688096046448, 0.22705078125, 0.27265626192092896, 0.28398436307907104, 0.2939453125, 0.2999023497104645, 0.30488282442092896, 0.3055664002895355, 0.30781251192092896, 0.30810546875, 0.31640625, 0.3233398497104645, 0.3241210877895355, 0.32939451932907104, 0.3304687440395355, 0.33203125, 0.33564454317092896, 0.33710938692092896, 0.34130859375, 0.33964842557907104, 0.3387695252895355, 0.34208983182907104, 0.3394531309604645, 0.3392578065395355, 0.33671873807907104, 0.3404296934604645, 0.34033203125, 0.33818358182907104, 0.33662110567092896, 0.3345703184604645, 0.32763671875, 0.32832032442092896]}