{"loss": [9.207253456115723, 7.2016777992248535, 5.680069923400879, 4.583738803863525, 3.7764010429382324, 3.1756646633148193, 2.737266778945923, 2.416311025619507, 2.1860103607177734, 2.019653797149658, 1.9022091627120972, 1.8196111917495728, 1.759605884552002, 1.7185698747634888, 1.6916558742523193, 1.671396255493164, 1.6565473079681396, 1.6458455324172974, 1.6372277736663818, 1.6321834325790405, 1.6269464492797852, 1.6221370697021484, 1.6181148290634155, 1.6139780282974243, 1.6107902526855469, 1.6073139905929565, 1.602883219718933, 1.5982728004455566, 1.59341299533844, 1.5898441076278687, 1.584747314453125, 1.578847885131836, 1.5738931894302368, 1.5679779052734375, 1.5615099668502808], "accuracy": [0.20037180185317993, 0.23279838263988495, 0.26858997344970703, 0.28056758642196655, 0.2835325598716736, 0.28642696142196655, 0.2942865192890167, 0.29607492685317993, 0.29661616683006287, 0.3020049035549164, 0.3012048304080963, 0.3012518882751465, 0.3012283444404602, 0.3059346675872803, 0.30612292885780334, 0.30852314829826355, 0.30880552530288696, 0.30624058842658997, 0.31259411573410034, 0.31002917885780334, 0.31214702129364014, 0.3135353922843933, 0.31435900926589966, 0.3135353922843933, 0.31767696142196655, 0.31781813502311707, 0.31963008642196655, 0.32205384969711304, 0.32713666558265686, 0.3288309574127197, 0.3295133709907532, 0.3334902226924896, 0.3380082845687866, 0.34353822469711304, 0.34746798872947693], "val_loss": [8.11494255065918, 6.3633222579956055, 5.0764312744140625, 4.129734516143799, 3.4315414428710938, 2.918550968170166, 2.544915199279785, 2.274940013885498, 2.0818917751312256, 1.9444271326065063, 1.8476874828338623, 1.7805824279785156, 1.733393907546997, 1.7013261318206787, 1.6797616481781006, 1.6632601022720337, 1.6530624628067017, 1.6458276510238647, 1.640600562095642, 1.6367689371109009, 1.6340482234954834, 1.6328966617584229, 1.6311490535736084, 1.6303818225860596, 1.6297931671142578, 1.630006194114685, 1.6322771310806274, 1.6347293853759766, 1.6385395526885986, 1.6395833492279053, 1.6388638019561768, 1.6410096883773804, 1.646078109741211, 1.6513822078704834, 1.6574945449829102], "val_accuracy": [0.2177734375, 0.2567382752895355, 0.2886718809604645, 0.3001953065395355, 0.3021484315395355, 0.3050781190395355, 0.3057617247104645, 0.30595701932907104, 0.30644530057907104, 0.30585938692092896, 0.30693358182907104, 0.3065429627895355, 0.3065429627895355, 0.30693358182907104, 0.3055664002895355, 0.3072265684604645, 0.3060546815395355, 0.30498045682907104, 0.30644530057907104, 0.30644530057907104, 0.30517578125, 0.3017578125, 0.30224609375, 0.30244141817092896, 0.3038085997104645, 0.30224609375, 0.302734375, 0.30107420682907104, 0.2984375059604645, 0.29853516817092896, 0.30146485567092896, 0.302734375, 0.30322265625, 0.3047851622104645, 0.3041015565395355]}