{"loss": [12.890902519226074, 7.636582851409912, 5.023717403411865, 3.687058448791504, 2.899726152420044, 2.4676055908203125, 2.1870057582855225, 1.9955707788467407, 1.8550245761871338, 1.7528977394104004, 1.669289231300354, 1.6098859310150146, 1.5605034828186035, 1.5284473896026611, 1.499842882156372, 1.4683207273483276, 1.4418518543243408, 1.4168951511383057, 1.3908928632736206, 1.3597416877746582, 1.3228874206542969, 1.3189623355865479, 1.2713303565979004, 1.2189863920211792, 1.2217689752578735, 1.2067291736602783, 1.1445294618606567], "accuracy": [0.2023719847202301, 0.20590172708034515, 0.21023155748844147, 0.23322194814682007, 0.2902861535549164, 0.3112763464450836, 0.3285956382751465, 0.3407614827156067, 0.35511577129364014, 0.36801111698150635, 0.38516566157341003, 0.39909639954566956, 0.40975621342658997, 0.41938063502311707, 0.42886388301849365, 0.4459007978439331, 0.45677241683006287, 0.46940889954566956, 0.48157474398612976, 0.5005176663398743, 0.5216255784034729, 0.524167001247406, 0.5494164228439331, 0.5806428790092468, 0.5781014561653137, 0.5848079919815063, 0.6166698336601257], "val_loss": [9.651708602905273, 6.008686065673828, 4.22152853012085, 3.2765839099884033, 2.6829047203063965, 2.315392017364502, 2.0869765281677246, 1.9151719808578491, 1.800790548324585, 1.7083733081817627, 1.6462297439575195, 1.6045958995819092, 1.5797566175460815, 1.5621201992034912, 1.5624101161956787, 1.5480375289916992, 1.5476948022842407, 1.5538361072540283, 1.5740211009979248, 1.5905132293701172, 1.6399234533309937, 1.5882004499435425, 1.6510664224624634, 1.70883047580719, 1.7285823822021484, 1.7207574844360352, 1.85149347782135], "val_accuracy": [0.20781250298023224, 0.20810547471046448, 0.20976562798023224, 0.23183593153953552, 0.3031249940395355, 0.32890623807907104, 0.32451170682907104, 0.34648436307907104, 0.35175782442092896, 0.37646484375, 0.3837890625, 0.3868164122104645, 0.3897460997104645, 0.39433592557907104, 0.38701170682907104, 0.396484375, 0.39697265625, 0.39726561307907104, 0.3955078125, 0.39404296875, 0.38847655057907104, 0.39111328125, 0.3848632872104645, 0.3848632872104645, 0.3675781190395355, 0.37480467557907104, 0.3604492247104645]}