{"loss": [11.210433006286621, 5.472846031188965, 4.012487411499023, 3.3217456340789795, 2.839524745941162, 2.548490285873413, 2.3531856536865234, 2.2318718433380127, 2.1358327865600586, 2.0345845222473145, 1.9693633317947388, 1.9152369499206543, 1.8428685665130615, 1.797315001487732, 1.765637993812561, 1.748367190361023, 1.7250155210494995, 1.7064520120620728, 1.695860505104065, 1.679578185081482, 1.6709779500961304, 1.661075472831726, 1.6315703392028809, 1.603867530822754, 1.5862085819244385, 1.5727499723434448, 1.5583157539367676, 1.5563750267028809, 1.548301100730896, 1.5563021898269653, 1.524146556854248, 1.5233345031738281, 1.5225361585617065, 1.5203871726989746, 1.514256238937378, 1.4861313104629517, 1.4569618701934814, 1.4439531564712524, 1.4164791107177734, 1.4348417520523071, 1.3990058898925781, 1.3911471366882324, 1.3705346584320068, 1.3520922660827637, 1.3387278318405151, 1.3319971561431885, 1.3311891555786133, 1.3249276876449585, 1.3113980293273926, 1.3084251880645752, 1.30256187915802, 1.2992558479309082, 1.2906560897827148, 1.2937736511230469, 1.287279725074768, 1.275067687034607], "accuracy": [0.2627902626991272, 0.2746446430683136, 0.2726643979549408, 0.2715114951133728, 0.2746446430683136, 0.2748209536075592, 0.2748345136642456, 0.2735324501991272, 0.2747260332107544, 0.2745361328125, 0.2794867753982544, 0.2788221538066864, 0.2891438901424408, 0.289794921875, 0.2925347089767456, 0.2934434711933136, 0.2925754189491272, 0.2961018979549408, 0.2914496660232544, 0.2925889790058136, 0.2977023720741272, 0.2996283769607544, 0.3154025673866272, 0.3409559428691864, 0.3535970151424408, 0.3608669638633728, 0.3670925498008728, 0.3662380576133728, 0.3716634213924408, 0.3686794638633728, 0.3809543251991272, 0.3827039897441864, 0.3816053569316864, 0.3834770917892456, 0.3881157636642456, 0.4087999165058136, 0.4288194477558136, 0.4405110776424408, 0.4518093466758728, 0.448486328125, 0.4611680805683136, 0.4652370810508728, 0.4811333417892456, 0.4972737729549408, 0.502197265625, 0.5056559443473816, 0.5072563886642456, 0.5107828974723816, 0.5163303017616272, 0.5165066123008728, 0.5201008915901184, 0.5239529013633728, 0.5262179970741272, 0.5256754755973816, 0.5308430790901184, 0.5359293818473816], "val_loss": [6.777771949768066, 4.539586544036865, 3.6023826599121094, 3.028047800064087, 2.6791467666625977, 2.4406938552856445, 2.2814908027648926, 2.2344937324523926, 2.0811078548431396, 2.023739814758301, 1.98308265209198, 1.929777979850769, 1.8767119646072388, 1.8464257717132568, 1.8212051391601562, 1.7974114418029785, 1.782288670539856, 1.768537998199463, 1.758905291557312, 1.748236060142517, 1.7476314306259155, 1.698215126991272, 1.6998529434204102, 1.6707130670547485, 1.6579010486602783, 1.6482795476913452, 1.6387044191360474, 1.6251599788665771, 1.6352871656417847, 1.6278611421585083, 1.6184865236282349, 1.618929386138916, 1.6177459955215454, 1.6073708534240723, 1.6130996942520142, 1.6076979637145996, 1.5261852741241455, 1.5172351598739624, 1.4926570653915405, 1.4484163522720337, 1.457834005355835, 1.4656250476837158, 1.4464597702026367, 1.440483808517456, 1.4313294887542725, 1.4204680919647217, 1.4294296503067017, 1.4624170064926147, 1.4427026510238647, 1.5545326471328735, 1.4786090850830078, 1.524031400680542, 1.598259449005127, 1.450827717781067, 1.5546132326126099, 1.465582251548767], "val_accuracy": [0.2746853232383728, 0.2746853232383728, 0.2373589426279068, 0.2746853232383728, 0.2746853232383728, 0.2746853232383728, 0.2746853232383728, 0.2746853232383728, 0.2746853232383728, 0.2746853232383728, 0.2746853232383728, 0.2746853232383728, 0.2750650942325592, 0.2738715410232544, 0.2746853232383728, 0.2758246660232544, 0.2746853232383728, 0.2765299379825592, 0.2771809995174408, 0.2776150107383728, 0.27978515625, 0.2819010317325592, 0.2902018129825592, 0.3318142294883728, 0.3587782084941864, 0.3495008647441864, 0.3526475727558136, 0.3597547709941864, 0.3573676347732544, 0.3662651777267456, 0.3669162392616272, 0.37548828125, 0.3760308027267456, 0.3811306357383728, 0.3898111879825592, 0.4061414897441864, 0.4688042402267456, 0.4676106870174408, 0.4845920205116272, 0.4976671040058136, 0.4950629472732544, 0.4698350727558136, 0.4890407919883728, 0.4917534589767456, 0.490234375, 0.5087348222732544, 0.5054795742034912, 0.4944118857383728, 0.4894748330116272, 0.4304470419883728, 0.4781900942325592, 0.4522569477558136, 0.4177517294883728, 0.4864366352558136, 0.4427083432674408, 0.4854058027267456]}