{"loss": [3.0726895332336426, 0.8926118612289429, 0.8454294800758362, 0.8329348564147949, 0.8235417008399963, 0.8163701891899109, 0.8094802498817444, 0.8047704100608826, 0.8000579476356506, 0.7971957325935364, 0.7945632934570312, 0.7916398048400879, 0.7898098826408386, 0.7877427339553833, 0.7864752411842346, 0.7845510244369507, 0.7824982404708862, 0.7812896966934204, 0.7796764969825745, 0.7785343527793884, 0.777341902256012, 0.7760193347930908, 0.7749599814414978, 0.773320198059082, 0.7726174592971802, 0.7709145545959473, 0.7697821855545044, 0.7688133716583252, 0.7675977945327759, 0.7662051916122437, 0.7646394371986389, 0.7635402083396912, 0.7628355026245117, 0.7613859176635742, 0.7601271867752075, 0.7587300539016724, 0.7562143802642822, 0.7551912069320679, 0.7529345154762268, 0.7513198852539062, 0.7498229146003723, 0.7473432421684265], "accuracy": [0.5901834964752197, 0.6447980403900146, 0.6511931419372559, 0.6549305319786072, 0.6598519086837769, 0.6642271876335144, 0.6677082180976868, 0.6695800423622131, 0.6717978715896606, 0.6735592484474182, 0.6744368076324463, 0.675622820854187, 0.6772403717041016, 0.6781888008117676, 0.6786723732948303, 0.6796061992645264, 0.680548369884491, 0.6814321875572205, 0.682113766670227, 0.6828162670135498, 0.6837980151176453, 0.6845692992210388, 0.6852779984474182, 0.6861284375190735, 0.6869184374809265, 0.6875771284103394, 0.6882504224777222, 0.6896970272064209, 0.690313994884491, 0.6913061738014221, 0.6921316385269165, 0.6935115456581116, 0.6937658190727234, 0.6947392821311951, 0.6954813599586487, 0.696577787399292, 0.6985142230987549, 0.6989352703094482, 0.7009696960449219, 0.7019743919372559, 0.7038462162017822, 0.7046924829483032], "val_loss": [0.9761728048324585, 0.84335857629776, 0.832687258720398, 0.8320116996765137, 0.8262200355529785, 0.825975775718689, 0.818979024887085, 0.8169012665748596, 0.816197395324707, 0.8147644400596619, 0.8125990033149719, 0.8126125931739807, 0.806483268737793, 0.8056641817092896, 0.8055878281593323, 0.8005591034889221, 0.798337996006012, 0.7986697554588318, 0.8008439540863037, 0.7947075366973877, 0.8006801605224609, 0.7969462275505066, 0.792457103729248, 0.7942325472831726, 0.7912753224372864, 0.7898698449134827, 0.7964136004447937, 0.7943829894065857, 0.7945484519004822, 0.7947404384613037, 0.7900586128234863, 0.7884708642959595, 0.7943875789642334, 0.7979720830917358, 0.7944762110710144, 0.7963854670524597, 0.7917228937149048, 0.7947354912757874, 0.8004530668258667, 0.802252471446991, 0.7991936206817627, 0.8003502488136292], "val_accuracy": [0.6487379670143127, 0.6536207795143127, 0.6556740999221802, 0.6528862714767456, 0.6537960767745972, 0.6530866026878357, 0.6576856374740601, 0.6597639322280884, 0.6589125990867615, 0.6597973704338074, 0.6597973704338074, 0.659513533115387, 0.6637954115867615, 0.6642211079597473, 0.6629273295402527, 0.6673678159713745, 0.6686531901359558, 0.6675764322280884, 0.6667250990867615, 0.669921875, 0.6662994027137756, 0.6682525277137756, 0.671432614326477, 0.6709401607513428, 0.6728181838989258, 0.6742454767227173, 0.6692124009132385, 0.6710236668586731, 0.6714659929275513, 0.6713074445724487, 0.6739616990089417, 0.6745125651359558, 0.6707314848899841, 0.6698300838470459, 0.671875, 0.6717163920402527, 0.67356938123703, 0.6727430820465088, 0.669921875, 0.6689369678497314, 0.6710403561592102, 0.6710570454597473]}