{"loss": [20.98556900024414, 9.956342697143555, 6.437746047973633, 4.698324680328369, 3.5989253520965576, 2.9000279903411865, 2.42997145652771, 2.118255853652954, 1.9102661609649658, 1.7759528160095215, 1.6832126379013062, 1.622631311416626, 1.5830647945404053, 1.556396484375, 1.5365080833435059, 1.5220264196395874, 1.50774347782135, 1.4991101026535034, 1.48802649974823, 1.4847348928451538, 1.4759018421173096, 1.4702794551849365, 1.4651203155517578, 1.461039662361145, 1.4578663110733032, 1.4527748823165894, 1.4489307403564453, 1.4428126811981201, 1.4417260885238647, 1.4369792938232422, 1.4328062534332275, 1.4298328161239624, 1.4245942831039429], "accuracy": [0.24181349575519562, 0.27210772037506104, 0.2867977023124695, 0.3408410847187042, 0.376184344291687, 0.3836020529270172, 0.389440655708313, 0.39243268966674805, 0.39604803919792175, 0.395923376083374, 0.40034908056259155, 0.4036319851875305, 0.40735122561454773, 0.40824466943740845, 0.4098653495311737, 0.4160363972187042, 0.4198387563228607, 0.42366188764572144, 0.42600980401039124, 0.427173376083374, 0.43110039830207825, 0.4338846504688263, 0.435546875, 0.438684344291687, 0.4397440254688263, 0.44124001264572144, 0.4427776038646698, 0.44867852330207825, 0.45063164830207825, 0.45239776372909546, 0.45501577854156494, 0.45570147037506104, 0.46118682622909546], "val_loss": [13.2020902633667, 7.650294303894043, 5.4370832443237305, 4.09523868560791, 3.220665693283081, 2.63484525680542, 2.2507948875427246, 1.9956663846969604, 1.8266797065734863, 1.71827232837677, 1.645087480545044, 1.5996835231781006, 1.5675002336502075, 1.5484391450881958, 1.532212257385254, 1.5182783603668213, 1.5105431079864502, 1.5056041479110718, 1.5004761219024658, 1.4950191974639893, 1.4905263185501099, 1.495080590248108, 1.4829331636428833, 1.4910722970962524, 1.490667700767517, 1.4870617389678955, 1.4876590967178345, 1.4829126596450806, 1.491315484046936, 1.4999444484710693, 1.4845762252807617, 1.4905941486358643, 1.4899605512619019], "val_accuracy": [0.26638928055763245, 0.2780230939388275, 0.29161006212234497, 0.35444971919059753, 0.3773777186870575, 0.39266303181648254, 0.39419156312942505, 0.3927479684352875, 0.399541437625885, 0.4002207815647125, 0.4025135934352875, 0.4055706560611725, 0.407353937625885, 0.40743884444236755, 0.4127887189388275, 0.41525134444236755, 0.41737431287765503, 0.41762906312942505, 0.4192425310611725, 0.42094090580940247, 0.4231487810611725, 0.4200917184352875, 0.42943274974823, 0.4211956560611725, 0.42153531312942505, 0.42442256212234497, 0.42578125, 0.4264605939388275, 0.42238450050354004, 0.4186480939388275, 0.43045178055763245, 0.4256114065647125, 0.42586615681648254]}