{"loss": [46.65886306762695, 28.19367790222168, 17.350067138671875, 11.091711044311523, 7.447132587432861, 5.28444766998291, 3.960405111312866, 3.1258342266082764, 2.5881426334381104, 2.2363574504852295, 2.003422260284424, 1.8537139892578125, 1.7545831203460693, 1.6906771659851074, 1.6508510112762451, 1.6231451034545898, 1.6040741205215454, 1.590376377105713, 1.581703782081604, 1.5745272636413574, 1.5678740739822388, 1.5627862215042114, 1.5587613582611084, 1.5546505451202393, 1.5504740476608276, 1.5457710027694702, 1.5386724472045898, 1.5314847230911255, 1.5258395671844482, 1.518718957901001, 1.5130946636199951, 1.5085805654525757, 1.500657320022583, 1.4956048727035522, 1.4892231225967407, 1.4822978973388672, 1.4775469303131104, 1.4726945161819458, 1.4675124883651733, 1.4612550735473633, 1.4564226865768433], "accuracy": [0.2038780152797699, 0.27894389629364014, 0.32188913226127625, 0.3359139561653137, 0.3362669348716736, 0.34262049198150635, 0.34398531913757324, 0.346314936876297, 0.34589138627052307, 0.3464090824127197, 0.3506683111190796, 0.3505035638809204, 0.35255083441734314, 0.35584524273872375, 0.35718655586242676, 0.35975149273872375, 0.3650931715965271, 0.36728161573410034, 0.3703642785549164, 0.373046875, 0.37521177530288696, 0.37867093086242676, 0.3797769248485565, 0.38365963101387024, 0.3835419714450836, 0.3893072307109833, 0.3930017054080963, 0.3969079554080963, 0.40001413226127625, 0.4059205651283264, 0.4096856117248535, 0.41250941157341003, 0.4164862632751465, 0.42213383316993713, 0.42585185170173645, 0.4299698770046234, 0.4332643151283264, 0.43427616357803345, 0.4378059208393097, 0.44194748997688293, 0.4460655152797699], "val_loss": [35.80255126953125, 21.8272647857666, 13.715314865112305, 8.994852066040039, 6.213418006896973, 4.5248212814331055, 3.477815628051758, 2.809054136276245, 2.3777544498443604, 2.094449520111084, 1.90890634059906, 1.7895256280899048, 1.7126858234405518, 1.6631767749786377, 1.630406379699707, 1.6089500188827515, 1.595981240272522, 1.5874311923980713, 1.5834429264068604, 1.5776793956756592, 1.57791006565094, 1.5743603706359863, 1.5712666511535645, 1.5721794366836548, 1.5698044300079346, 1.5680882930755615, 1.566585659980774, 1.5605207681655884, 1.5566542148590088, 1.556093454360962, 1.5553359985351562, 1.5578573942184448, 1.5551561117172241, 1.5562282800674438, 1.5575506687164307, 1.560300588607788, 1.5585910081863403, 1.5585689544677734, 1.5594362020492554, 1.5611902475357056, 1.5601427555084229], "val_accuracy": [0.2109375, 0.23115234076976776, 0.26249998807907104, 0.3086914122104645, 0.32939451932907104, 0.34521484375, 0.34765625, 0.35107421875, 0.34892576932907104, 0.3529296815395355, 0.35273438692092896, 0.35322266817092896, 0.3560546934604645, 0.35771483182907104, 0.35888671875, 0.3638671934604645, 0.3661132752895355, 0.3648437559604645, 0.36748045682907104, 0.36943358182907104, 0.36669921875, 0.3681640625, 0.36884766817092896, 0.36865234375, 0.3709960877895355, 0.373046875, 0.37373048067092896, 0.37675780057907104, 0.38017576932907104, 0.38232421875, 0.38056641817092896, 0.3788085877895355, 0.38457030057907104, 0.3861328065395355, 0.38457030057907104, 0.38408201932907104, 0.3853515684604645, 0.3885742127895355, 0.3861328065395355, 0.3907226622104645, 0.3912109434604645]}