{"loss": [41.28694152832031, 19.30171012878418, 11.93231201171875, 8.429397583007812, 6.251871109008789, 4.767482280731201, 3.73319673538208, 3.013584852218628, 2.509981870651245, 2.1383039951324463, 1.8951359987258911, 1.7380985021591187, 1.6347492933273315, 1.5692574977874756, 1.5227038860321045, 1.4917668104171753, 1.4693453311920166, 1.4534250497817993, 1.4410909414291382, 1.4309643507003784, 1.4209061861038208, 1.4168952703475952, 1.4081882238388062, 1.3991750478744507, 1.3935636281967163, 1.3925420045852661, 1.3856370449066162, 1.3824098110198975, 1.379412055015564, 1.3743913173675537, 1.369250774383545, 1.3692811727523804, 1.3632794618606567, 1.3555563688278198, 1.35146963596344, 1.3460155725479126, 1.3408478498458862, 1.3363643884658813, 1.332169532775879], "accuracy": [0.2438151091337204, 0.272274911403656, 0.2895275354385376, 0.347074955701828, 0.3730236291885376, 0.3842075765132904, 0.388578861951828, 0.3923456072807312, 0.4000186026096344, 0.4279901385307312, 0.4422665536403656, 0.4453125, 0.4491722583770752, 0.4532645046710968, 0.4551943838596344, 0.460635244846344, 0.4626581072807312, 0.4650530219078064, 0.4696800708770752, 0.4716331958770752, 0.4747721254825592, 0.4751674234867096, 0.4774925708770752, 0.4817010760307312, 0.4842122495174408, 0.4877697229385376, 0.489839106798172, 0.4900716245174408, 0.4926525354385376, 0.4940011203289032, 0.4957682192325592, 0.4972795844078064, 0.501092791557312, 0.5053478479385376, 0.50732421875, 0.510439932346344, 0.514346182346344, 0.5159505009651184, 0.5202520489692688], "val_loss": [26.044071197509766, 14.462263107299805, 9.888378143310547, 7.235043525695801, 5.448795795440674, 4.202154636383057, 3.33030366897583, 2.727903366088867, 2.286125659942627, 1.9790778160095215, 1.790039300918579, 1.6686595678329468, 1.5871738195419312, 1.536781668663025, 1.5004222393035889, 1.4771534204483032, 1.4625864028930664, 1.4539377689361572, 1.4441837072372437, 1.434152603149414, 1.4253628253936768, 1.4226858615875244, 1.4164578914642334, 1.4161596298217773, 1.4065032005310059, 1.406293272972107, 1.405747413635254, 1.4039350748062134, 1.3996766805648804, 1.4013395309448242, 1.4040426015853882, 1.4001290798187256, 1.405790090560913, 1.3997862339019775, 1.400832176208496, 1.4017236232757568, 1.4021191596984863, 1.4087615013122559, 1.4134763479232788], "val_accuracy": [0.2743675708770752, 0.279110848903656, 0.2776227593421936, 0.3447730541229248, 0.3694196343421936, 0.382998526096344, 0.3916480541229248, 0.3951822817325592, 0.420014888048172, 0.4428943395614624, 0.4495907723903656, 0.4522879421710968, 0.4523809552192688, 0.455078125, 0.4561941921710968, 0.456845223903656, 0.459170401096344, 0.4584263265132904, 0.4625186026096344, 0.4665178656578064, 0.4711681604385376, 0.4675409197807312, 0.4703311026096344, 0.4698660671710968, 0.4748883843421936, 0.4754464328289032, 0.4773065447807312, 0.4754464328289032, 0.4772135317325592, 0.4801897406578064, 0.474795401096344, 0.4780505895614624, 0.4770275354385376, 0.4812127947807312, 0.4813058078289032, 0.4819568395614624, 0.4831659197807312, 0.4814918041229248, 0.4800967276096344]}