{"loss": [40.878822326660156, 19.068023681640625, 11.798617362976074, 8.41580867767334, 6.302314281463623, 4.841724872589111, 3.8154990673065186, 3.0983099937438965, 2.6002414226531982, 2.2613518238067627, 2.0328242778778076, 1.8814826011657715, 1.781164526939392, 1.7169806957244873, 1.6745798587799072, 1.646609902381897, 1.630462408065796, 1.6189297437667847, 1.6102955341339111, 1.605310082435608, 1.5990804433822632, 1.5971218347549438, 1.5941718816757202, 1.5925509929656982, 1.5902761220932007, 1.5879720449447632, 1.5871120691299438, 1.5864171981811523, 1.5839691162109375, 1.5830714702606201, 1.5824049711227417, 1.5808320045471191, 1.5799273252487183, 1.5780537128448486, 1.5774847269058228, 1.5766136646270752, 1.5764981508255005, 1.5740556716918945, 1.5733792781829834, 1.5732673406600952, 1.5719493627548218, 1.5710313320159912, 1.570589542388916, 1.5702086687088013, 1.5681266784667969, 1.5681836605072021, 1.5673969984054565, 1.5655840635299683, 1.5652778148651123, 1.5646013021469116, 1.5636168718338013, 1.5634924173355103, 1.5619075298309326, 1.5616625547409058, 1.5604047775268555], "accuracy": [0.2816735804080963, 0.32308924198150635, 0.3306428790092468, 0.332643061876297, 0.3360551595687866, 0.339231938123703, 0.34189099073410034, 0.34066736698150635, 0.3430205285549164, 0.3440794348716736, 0.34174981713294983, 0.34577372670173645, 0.3452560305595398, 0.34443241357803345, 0.3473503291606903, 0.3465973138809204, 0.34878575801849365, 0.3481504023075104, 0.3497505784034729, 0.3500800132751465, 0.35271555185317993, 0.3506447672843933, 0.35196253657341003, 0.3536568284034729, 0.3549745976924896, 0.35419803857803345, 0.35572758316993713, 0.3554922938346863, 0.35629236698150635, 0.35662180185317993, 0.35631588101387024, 0.3573042154312134, 0.3573983311653137, 0.35932794213294983, 0.3593985438346863, 0.3586690425872803, 0.3589279055595398, 0.3618222773075104, 0.36151638627052307, 0.3612104654312134, 0.3609986901283264, 0.3624105751514435, 0.36217525601387024, 0.36186936497688293, 0.3633047938346863, 0.3627164959907532, 0.3658226728439331, 0.36424604058265686, 0.3666227459907532, 0.3676816523075104, 0.36699923872947693, 0.3674698770046234, 0.3682699501514435, 0.3703877925872803, 0.36909356713294983], "val_loss": [25.863332748413086, 14.395723342895508, 9.84425163269043, 7.249024868011475, 5.492790699005127, 4.260298728942871, 3.398419141769409, 2.8008322715759277, 2.391948699951172, 2.1170172691345215, 1.9297939538955688, 1.810227632522583, 1.7298473119735718, 1.6787595748901367, 1.6458148956298828, 1.6233928203582764, 1.60964834690094, 1.5995028018951416, 1.5936076641082764, 1.5883251428604126, 1.5837575197219849, 1.582534909248352, 1.579358696937561, 1.5772669315338135, 1.575850248336792, 1.5741198062896729, 1.573433756828308, 1.5729081630706787, 1.5718958377838135, 1.571221113204956, 1.5710575580596924, 1.5698972940444946, 1.5689949989318848, 1.5686712265014648, 1.5691977739334106, 1.568300724029541, 1.5675785541534424, 1.5678006410598755, 1.5671601295471191, 1.5669106245040894, 1.5663676261901855, 1.5665864944458008, 1.5661842823028564, 1.5673753023147583, 1.565359354019165, 1.5664390325546265, 1.566653847694397, 1.5657029151916504, 1.565700650215149, 1.5671759843826294, 1.5665485858917236, 1.5663937330245972, 1.5669958591461182, 1.5670768022537231, 1.5686991214752197], "val_accuracy": [0.24541015923023224, 0.2752929627895355, 0.31757813692092896, 0.3427734375, 0.3477539122104645, 0.3492187559604645, 0.3519531190395355, 0.35478514432907104, 0.35576170682907104, 0.35595703125, 0.359375, 0.3568359315395355, 0.35810548067092896, 0.36103516817092896, 0.3607421815395355, 0.36181640625, 0.3609375059604645, 0.3592773377895355, 0.3594726622104645, 0.3604492247104645, 0.36005860567092896, 0.36162108182907104, 0.3592773377895355, 0.36083984375, 0.35917967557907104, 0.36054688692092896, 0.36054688692092896, 0.36113280057907104, 0.3592773377895355, 0.36152344942092896, 0.36152344942092896, 0.3609375059604645, 0.3619140684604645, 0.3609375059604645, 0.36181640625, 0.36210936307907104, 0.36152344942092896, 0.3624023497104645, 0.3638671934604645, 0.3622070252895355, 0.3633789122104645, 0.3642578125, 0.36357420682907104, 0.36298829317092896, 0.36250001192092896, 0.3628906309604645, 0.3623046875, 0.36357420682907104, 0.3642578125, 0.36279296875, 0.3617187440395355, 0.3636718690395355, 0.36298829317092896, 0.36250001192092896, 0.3628906309604645]}