{"loss": [41.458587646484375, 19.4545841217041, 11.883538246154785, 8.38990306854248, 6.221284866333008, 4.754873752593994, 3.732572317123413, 3.0244853496551514, 2.5362327098846436, 2.2063064575195312, 1.9822551012039185, 1.8324605226516724, 1.7258564233779907, 1.6569576263427734, 1.610496997833252, 1.577069878578186, 1.5586735010147095, 1.5427513122558594, 1.5315386056900024, 1.5216268301010132, 1.5134254693984985, 1.5045288801193237, 1.4961508512496948, 1.4879244565963745, 1.482671856880188, 1.4752585887908936, 1.468349575996399, 1.4643067121505737, 1.4572614431381226, 1.45000159740448, 1.4447245597839355, 1.436619758605957, 1.430477499961853, 1.4244334697723389, 1.4197161197662354, 1.4113221168518066, 1.4089962244033813, 1.39922034740448, 1.3920193910598755, 1.3830950260162354, 1.378051519393921, 1.372549057006836], "accuracy": [0.1950301229953766, 0.2157379537820816, 0.28346195816993713, 0.3043815791606903, 0.3333490192890167, 0.34094974398612976, 0.3470914959907532, 0.34998586773872375, 0.35285672545433044, 0.3542686402797699, 0.3604339361190796, 0.36396366357803345, 0.37747082114219666, 0.3848832845687866, 0.389283686876297, 0.39759036898612976, 0.39959055185317993, 0.40542638301849365, 0.4105798304080963, 0.41535672545433044, 0.4178275465965271, 0.4259224534034729, 0.42900508642196655, 0.43352314829826355, 0.43731173872947693, 0.4433358311653137, 0.44735974073410034, 0.4510306715965271, 0.4532897174358368, 0.4573136270046234, 0.46161991357803345, 0.46684393286705017, 0.4693382978439331, 0.4723738729953766, 0.47555065155029297, 0.4813864827156067, 0.4848220944404602, 0.4884459674358368, 0.4947289228439331, 0.4992940425872803, 0.5032473802566528, 0.5075066089630127], "val_loss": [26.3080997467041, 14.552767753601074, 9.887980461120605, 7.266018867492676, 5.458083152770996, 4.2115020751953125, 3.345431089401245, 2.7490038871765137, 2.347189426422119, 2.0794448852539062, 1.8964440822601318, 1.7725152969360352, 1.6825155019760132, 1.6327707767486572, 1.5996519327163696, 1.576426386833191, 1.5624414682388306, 1.551786184310913, 1.5457980632781982, 1.5394136905670166, 1.5359375476837158, 1.527321219444275, 1.5252580642700195, 1.5218331813812256, 1.5205185413360596, 1.516737461090088, 1.5167038440704346, 1.5144343376159668, 1.5102744102478027, 1.5101382732391357, 1.508493185043335, 1.5079573392868042, 1.5135259628295898, 1.5121738910675049, 1.5108367204666138, 1.5141370296478271, 1.5272161960601807, 1.5265977382659912, 1.5226490497589111, 1.533198356628418, 1.5331189632415771, 1.5588246583938599], "val_accuracy": [0.20771484076976776, 0.21757812798023224, 0.23808594048023224, 0.2686523497104645, 0.31074219942092896, 0.3350585997104645, 0.3456054627895355, 0.3529296815395355, 0.3555664122104645, 0.35576170682907104, 0.3623046875, 0.37080079317092896, 0.38203126192092896, 0.38544923067092896, 0.3876953125, 0.39472657442092896, 0.3985351622104645, 0.39970701932907104, 0.4019531309604645, 0.40361326932907104, 0.40605467557907104, 0.4111328125, 0.41279298067092896, 0.4126953184604645, 0.41181641817092896, 0.41621094942092896, 0.4159179627895355, 0.4169921875, 0.42304688692092896, 0.4189453125, 0.423828125, 0.4232421815395355, 0.42431640625, 0.4234375059604645, 0.42578125, 0.4283203184604645, 0.42412108182907104, 0.42431640625, 0.42900389432907104, 0.42607420682907104, 0.4281249940395355, 0.42216795682907104]}