{"loss": [11.904282569885254, 6.4932074546813965, 4.511710166931152, 3.5737102031707764, 3.0033066272735596, 2.6110143661499023, 2.335725784301758, 2.1374876499176025, 1.9954477548599243, 1.8984702825546265, 1.8259071111679077, 1.776551365852356, 1.7430766820907593, 1.7175577878952026, 1.699675440788269, 1.6871771812438965, 1.67814302444458, 1.6708978414535522, 1.6667243242263794, 1.661845326423645, 1.6585779190063477, 1.6565687656402588, 1.6543601751327515, 1.6530853509902954, 1.6513017416000366, 1.6492997407913208, 1.649880290031433, 1.647929310798645, 1.6469022035598755, 1.6457942724227905, 1.6453759670257568, 1.6446086168289185, 1.6450012922286987, 1.6455280780792236, 1.6431504487991333, 1.6428056955337524, 1.6420499086380005, 1.642138957977295, 1.641120433807373, 1.6418635845184326, 1.6409956216812134, 1.6403676271438599, 1.638946533203125, 1.6394002437591553, 1.6397736072540283, 1.6388158798217773, 1.6375569105148315, 1.6378471851348877, 1.636982798576355, 1.6380492448806763], "accuracy": [0.2451995462179184, 0.26823702454566956, 0.27755552530288696, 0.28400319814682007, 0.28569748997688293, 0.28670933842658997, 0.28628575801849365, 0.288450688123703, 0.29306286573410034, 0.2934158444404602, 0.29694560170173645, 0.2956984043121338, 0.2974397540092468, 0.2968514561653137, 0.29722797870635986, 0.3002870976924896, 0.2992517054080963, 0.2985457479953766, 0.2988516688346863, 0.29934582114219666, 0.3034403324127197, 0.30026355385780334, 0.2993928790092468, 0.3022402226924896, 0.2983574867248535, 0.30299320816993713, 0.30038121342658997, 0.30115774273872375, 0.3022637367248535, 0.30367565155029297, 0.30522873997688293, 0.3032050132751465, 0.3039580285549164, 0.30294615030288696, 0.30247554183006287, 0.30668768286705017, 0.30506399273872375, 0.3040521442890167, 0.30685240030288696, 0.3061935305595398, 0.30296969413757324, 0.3073700964450836, 0.3087114095687866, 0.30805251002311707, 0.30824077129364014, 0.30911144614219666, 0.3100527226924896, 0.3091585040092468, 0.30729952454566956, 0.30833491683006287], "val_loss": [8.219842910766602, 5.191465377807617, 3.9300873279571533, 3.227421283721924, 2.763176202774048, 2.4384922981262207, 2.2064578533172607, 2.0423665046691895, 1.9262689352035522, 1.8438125848770142, 1.7853431701660156, 1.7433083057403564, 1.7160594463348389, 1.69509756565094, 1.6813303232192993, 1.6695369482040405, 1.6622798442840576, 1.6581013202667236, 1.6543142795562744, 1.650796890258789, 1.6478900909423828, 1.646648645401001, 1.6445764303207397, 1.6441854238510132, 1.642240285873413, 1.6422088146209717, 1.6396102905273438, 1.63980233669281, 1.6404592990875244, 1.639868140220642, 1.6387834548950195, 1.6384598016738892, 1.6376444101333618, 1.638095498085022, 1.6375043392181396, 1.6377718448638916, 1.6374166011810303, 1.6381819248199463, 1.6380748748779297, 1.637146234512329, 1.6376960277557373, 1.6384929418563843, 1.6381803750991821, 1.6386979818344116, 1.6381229162216187, 1.6394132375717163, 1.6398611068725586, 1.6390111446380615, 1.639859914779663, 1.6411514282226562], "val_accuracy": [0.27558594942092896, 0.2891601622104645, 0.29023438692092896, 0.2933593690395355, 0.2998046875, 0.30195313692092896, 0.302734375, 0.3033203184604645, 0.3028320372104645, 0.3021484315395355, 0.30351561307907104, 0.30488282442092896, 0.30244141817092896, 0.3052734434604645, 0.30390626192092896, 0.30712890625, 0.30712890625, 0.30498045682907104, 0.3070312440395355, 0.30595701932907104, 0.30712890625, 0.30830079317092896, 0.31025391817092896, 0.30732423067092896, 0.3091796934604645, 0.3062500059604645, 0.31083983182907104, 0.3091796934604645, 0.30937498807907104, 0.30859375, 0.3095703125, 0.30976563692092896, 0.31025391817092896, 0.30908203125, 0.30976563692092896, 0.31074219942092896, 0.31298828125, 0.3119140565395355, 0.31298828125, 0.31074219942092896, 0.3101562559604645, 0.3106445372104645, 0.31074219942092896, 0.31132811307907104, 0.31025391817092896, 0.3091796934604645, 0.3106445372104645, 0.3115234375, 0.3128906190395355, 0.30839842557907104]}