{"loss": [41.036354064941406, 19.085655212402344, 11.768962860107422, 8.317158699035645, 6.193115234375, 4.725661277770996, 3.702394485473633, 2.9893252849578857, 2.4975147247314453, 2.160961151123047, 1.9365432262420654, 1.7891629934310913, 1.6902486085891724, 1.625815749168396, 1.581714391708374, 1.553055763244629, 1.5342168807983398, 1.518420696258545, 1.5078880786895752, 1.4996708631515503, 1.4906872510910034, 1.4839105606079102, 1.4786279201507568, 1.4757658243179321, 1.469968557357788, 1.4648019075393677, 1.4605129957199097, 1.4583371877670288, 1.4550787210464478, 1.4505624771118164, 1.4450374841690063, 1.442891240119934, 1.4369338750839233, 1.435508131980896, 1.431731104850769, 1.426574945449829, 1.420421838760376, 1.4208440780639648, 1.4165208339691162, 1.411222219467163], "accuracy": [0.2395600825548172, 0.2707403302192688, 0.3178478479385376, 0.3689313530921936, 0.3789294958114624, 0.3864862322807312, 0.3899739682674408, 0.3952520489692688, 0.3954613208770752, 0.3976934552192688, 0.3976236879825592, 0.4016461968421936, 0.401181161403656, 0.4048084020614624, 0.4047153890132904, 0.4099469780921936, 0.4124349057674408, 0.415713369846344, 0.4171084463596344, 0.4217122495174408, 0.4243628978729248, 0.4308268129825592, 0.4280599057674408, 0.4291294515132904, 0.4326869547367096, 0.4363606870174408, 0.4376627504825592, 0.4392903745174408, 0.4419177770614624, 0.4438709020614624, 0.444917231798172, 0.446382075548172, 0.448149174451828, 0.4506603479385376, 0.4549153745174408, 0.4556128978729248, 0.4597284197807312, 0.4618675708770752, 0.4617513120174408, 0.46630859375], "val_loss": [25.77675437927246, 14.296253204345703, 9.780305862426758, 7.157637596130371, 5.403672218322754, 4.171708106994629, 3.3091189861297607, 2.7105956077575684, 2.310683250427246, 2.035407066345215, 1.8600393533706665, 1.7292487621307373, 1.6537773609161377, 1.6025530099868774, 1.5688632726669312, 1.551094651222229, 1.535184621810913, 1.5363565683364868, 1.5175745487213135, 1.5068944692611694, 1.499837875366211, 1.4946972131729126, 1.4890449047088623, 1.4910064935684204, 1.483629584312439, 1.481713891029358, 1.483268141746521, 1.4778051376342773, 1.4792057275772095, 1.4738810062408447, 1.4793837070465088, 1.4754217863082886, 1.479530930519104, 1.4770712852478027, 1.4764474630355835, 1.4783672094345093, 1.4801454544067383, 1.4872791767120361, 1.4831644296646118, 1.48549222946167], "val_accuracy": [0.2723214328289032, 0.2820870578289032, 0.30078125, 0.3606770932674408, 0.3680245578289032, 0.3816964328289032, 0.3856026828289032, 0.3917410671710968, 0.3915550708770752, 0.3937872052192688, 0.3938802182674408, 0.4019717276096344, 0.4009486734867096, 0.4015066921710968, 0.4039248526096344, 0.4030877947807312, 0.406436026096344, 0.4015997052192688, 0.4124813973903656, 0.415922611951828, 0.417782723903656, 0.4210379421710968, 0.4221540093421936, 0.4207589328289032, 0.4263392984867096, 0.4264322817325592, 0.4251302182674408, 0.429501473903656, 0.4284784197807312, 0.4300595223903656, 0.4308965802192688, 0.4311755895614624, 0.4273623526096344, 0.4288504421710968, 0.4306175708770752, 0.431547611951828, 0.431826651096344, 0.4284784197807312, 0.4320126473903656, 0.431733638048172]}