{"loss": [12.471327781677246, 6.812930107116699, 4.534241199493408, 3.479912757873535, 2.896427869796753, 2.5152812004089355, 2.244680643081665, 2.0576159954071045, 1.9224659204483032, 1.8267089128494263, 1.7577147483825684, 1.7051349878311157, 1.6657359600067139, 1.6326444149017334, 1.6067559719085693, 1.5923031568527222, 1.5740665197372437, 1.561623215675354, 1.5496666431427002, 1.5402344465255737, 1.5333614349365234, 1.5228382349014282, 1.5179698467254639, 1.5081146955490112, 1.5027275085449219, 1.494903802871704, 1.4838168621063232, 1.481541633605957, 1.4730511903762817, 1.4625743627548218, 1.4591741561889648], "accuracy": [0.19688911736011505, 0.20858433842658997, 0.25416508316993713, 0.2898390293121338, 0.3045462965965271, 0.3094879388809204, 0.32367751002311707, 0.3247129023075104, 0.33379611372947693, 0.3393966555595398, 0.34530308842658997, 0.35431569814682007, 0.3632577061653137, 0.37537649273872375, 0.38485974073410034, 0.3886954188346863, 0.3957078456878662, 0.4005082845687866, 0.4051910638809204, 0.4118034541606903, 0.4144860804080963, 0.42283979058265686, 0.4253341555595398, 0.4291933476924896, 0.4370529055595398, 0.4409356117248535, 0.44780686497688293, 0.45168957114219666, 0.4568900465965271, 0.4633612632751465, 0.46790286898612976], "val_loss": [8.750524520874023, 5.371668338775635, 3.957469940185547, 3.205449342727661, 2.7183289527893066, 2.378505229949951, 2.1392486095428467, 1.9755439758300781, 1.8608753681182861, 1.7789636850357056, 1.7250818014144897, 1.682868242263794, 1.6445796489715576, 1.6342966556549072, 1.6072158813476562, 1.6012462377548218, 1.590410828590393, 1.591322660446167, 1.5858776569366455, 1.5832380056381226, 1.572310209274292, 1.5744794607162476, 1.5902454853057861, 1.5807974338531494, 1.5914561748504639, 1.5833027362823486, 1.5845108032226562, 1.5887033939361572, 1.5960986614227295, 1.6030746698379517, 1.6082494258880615], "val_accuracy": [0.21279296278953552, 0.21865233778953552, 0.25224608182907104, 0.27412110567092896, 0.30439454317092896, 0.32470703125, 0.33564454317092896, 0.33964842557907104, 0.3465820252895355, 0.35087889432907104, 0.35498046875, 0.3623046875, 0.37744140625, 0.36787110567092896, 0.38232421875, 0.38154298067092896, 0.38457030057907104, 0.38427734375, 0.38554686307907104, 0.3882812559604645, 0.3946289122104645, 0.39453125, 0.38525390625, 0.3931640684604645, 0.3868164122104645, 0.39501953125, 0.3965820372104645, 0.3919921815395355, 0.3915039002895355, 0.39472657442092896, 0.39306640625]}