{"loss": [11.946582794189453, 6.516442775726318, 4.514036178588867, 3.5687167644500732, 2.9968371391296387, 2.605691909790039, 2.3284494876861572, 2.130322217941284, 1.9898380041122437, 1.891974925994873, 1.823491096496582, 1.7734270095825195, 1.738308310508728, 1.7151929140090942, 1.6968530416488647, 1.6847620010375977, 1.6775871515274048, 1.6698452234268188, 1.6662788391113281, 1.6615567207336426, 1.6584943532943726, 1.6553916931152344, 1.6539638042449951, 1.6524443626403809, 1.651038646697998, 1.6496074199676514, 1.6480071544647217, 1.6476256847381592, 1.6475671529769897, 1.645547866821289, 1.6442580223083496, 1.644334316253662, 1.6441444158554077, 1.6439801454544067, 1.642607569694519, 1.642019271850586, 1.640905737876892, 1.6404253244400024, 1.6400774717330933, 1.6393567323684692], "accuracy": [0.24903520941734314, 0.2720491290092468, 0.27833208441734314, 0.2819794714450836, 0.2891801595687866, 0.2865446209907532, 0.2887565791606903, 0.2902390956878662, 0.29200395941734314, 0.2931334674358368, 0.29318052530288696, 0.2970162034034729, 0.29663968086242676, 0.29998117685317993, 0.2981221675872803, 0.2982398271560669, 0.2962396442890167, 0.30101656913757324, 0.29663968086242676, 0.30207547545433044, 0.3022637367248535, 0.3003341555595398, 0.30221667885780334, 0.30012235045433044, 0.30282849073410034, 0.30172252655029297, 0.30671122670173645, 0.3034403324127197, 0.30096951127052307, 0.30562877655029297, 0.30748775601387024, 0.30358150601387024, 0.30459338426589966, 0.3053228557109833, 0.3051816523075104, 0.30626413226127625, 0.30562877655029297, 0.3066641688346863, 0.30760541558265686, 0.30866435170173645], "val_loss": [8.264863967895508, 5.201533317565918, 3.9300312995910645, 3.2217724323272705, 2.7580063343048096, 2.431797504425049, 2.2021851539611816, 2.035633087158203, 1.9203675985336304, 1.8391177654266357, 1.7821424007415771, 1.7420364618301392, 1.7125041484832764, 1.6925771236419678, 1.67954421043396, 1.6701856851577759, 1.6632063388824463, 1.6569745540618896, 1.653180718421936, 1.65066659450531, 1.6486151218414307, 1.6456823348999023, 1.6449699401855469, 1.6432710886001587, 1.6419923305511475, 1.6413294076919556, 1.641330361366272, 1.641473412513733, 1.6408332586288452, 1.6390072107315063, 1.6393827199935913, 1.6399837732315063, 1.639003038406372, 1.6396522521972656, 1.6396411657333374, 1.63905930519104, 1.6398792266845703, 1.6391032934188843, 1.6398308277130127, 1.641302466392517], "val_accuracy": [0.2816406190395355, 0.28388673067092896, 0.28828126192092896, 0.29511719942092896, 0.29804688692092896, 0.29951173067092896, 0.2987304627895355, 0.30449217557907104, 0.30449217557907104, 0.30156248807907104, 0.3021484315395355, 0.302734375, 0.30390626192092896, 0.30712890625, 0.30644530057907104, 0.3046875, 0.3041015565395355, 0.30634766817092896, 0.3041015565395355, 0.3075195252895355, 0.3060546815395355, 0.3091796934604645, 0.3076171875, 0.3077148497104645, 0.30986326932907104, 0.3062500059604645, 0.3091796934604645, 0.30683594942092896, 0.3091796934604645, 0.30878907442092896, 0.3104492127895355, 0.30791014432907104, 0.30859375, 0.3094726502895355, 0.3091796934604645, 0.3106445372104645, 0.3076171875, 0.31005859375, 0.30986326932907104, 0.30878907442092896]}