{"loss": [12.482278823852539, 6.8314032554626465, 4.5825700759887695, 3.4782612323760986, 2.8889713287353516, 2.504396915435791, 2.2365450859069824, 2.0463244915008545, 1.9128940105438232, 1.8185445070266724, 1.7490557432174683, 1.699697494506836, 1.6615935564041138, 1.6346575021743774, 1.6101399660110474, 1.590427041053772, 1.5798051357269287, 1.5634891986846924, 1.554639458656311, 1.5470237731933594, 1.5411256551742554, 1.5293834209442139, 1.5249351263046265, 1.519970417022705, 1.5136868953704834, 1.504274606704712, 1.5011236667633057, 1.4973162412643433, 1.4890263080596924, 1.484755039215088, 1.4756648540496826, 1.467930793762207, 1.4638516902923584, 1.4506032466888428], "accuracy": [0.19827748835086823, 0.2095726728439331, 0.23009224236011505, 0.28762707114219666, 0.3028990924358368, 0.3112763464450836, 0.31861820816993713, 0.3277955651283264, 0.3342902958393097, 0.34064382314682007, 0.3508330285549164, 0.35177427530288696, 0.3633047938346863, 0.37104669213294983, 0.3766472041606903, 0.38365963101387024, 0.38918957114219666, 0.3979904055595398, 0.396484375, 0.4044145345687866, 0.4079207479953766, 0.4117799401283264, 0.41712161898612976, 0.4205101728439331, 0.42509883642196655, 0.43182888627052307, 0.43378201127052307, 0.4358292520046234, 0.4405355751514435, 0.44630083441734314, 0.45079538226127625, 0.45921969413757324, 0.4639495611190796, 0.47044429183006287], "val_loss": [8.766210556030273, 5.385619163513184, 3.952772617340088, 3.198686122894287, 2.7095580101013184, 2.370718479156494, 2.1328322887420654, 1.9663499593734741, 1.8548438549041748, 1.7709178924560547, 1.7151035070419312, 1.671796202659607, 1.640962839126587, 1.6188684701919556, 1.6011149883270264, 1.5885119438171387, 1.5822874307632446, 1.5735161304473877, 1.5678081512451172, 1.564684271812439, 1.5607759952545166, 1.5600305795669556, 1.5639030933380127, 1.558091402053833, 1.5595972537994385, 1.5610450506210327, 1.5646339654922485, 1.5649588108062744, 1.5679277181625366, 1.5693702697753906, 1.574057698249817, 1.5810836553573608, 1.5840566158294678, 1.5935282707214355], "val_accuracy": [0.21552734076976776, 0.21455077826976776, 0.2548828125, 0.27392578125, 0.30517578125, 0.32275390625, 0.33232420682907104, 0.33984375, 0.34501951932907104, 0.35234373807907104, 0.35380858182907104, 0.36015623807907104, 0.3671875, 0.3726562559604645, 0.3812499940395355, 0.384765625, 0.3866210877895355, 0.3915039002895355, 0.39287108182907104, 0.3934570252895355, 0.39697265625, 0.3954101502895355, 0.3974609375, 0.39677733182907104, 0.39863282442092896, 0.39775389432907104, 0.3973632752895355, 0.39912110567092896, 0.4000000059604645, 0.40117186307907104, 0.39863282442092896, 0.40019530057907104, 0.3985351622104645, 0.39570313692092896]}