{"loss": [12.730693817138672, 8.821089744567871, 6.246386528015137, 4.581723213195801, 3.5123400688171387, 2.7988979816436768, 2.2740015983581543, 1.9799631834030151, 1.7862186431884766, 1.6588674783706665, 1.568562388420105, 1.505400538444519, 1.440244197845459, 1.3602147102355957, 1.2885929346084595, 1.2321693897247314, 1.189832329750061, 1.1009501218795776, 1.1090751886367798, 1.0300490856170654, 0.9311404228210449, 0.928322970867157, 0.8308086395263672], "accuracy": [0.19917169213294983, 0.20653708279132843, 0.20976091921329498, 0.2224915325641632, 0.23712819814682007, 0.28252071142196655, 0.35149189829826355, 0.3796357214450836, 0.40034356713294983, 0.4182746708393097, 0.4368646442890167, 0.44886577129364014, 0.4673851728439331, 0.5053417086601257, 0.5344738364219666, 0.5605233311653137, 0.5743834972381592, 0.6186464428901672, 0.609586775302887, 0.6483198404312134, 0.6900884509086609, 0.6887942552566528, 0.7392695546150208], "val_loss": [10.489875793457031, 7.3329758644104, 5.281394958496094, 3.9709079265594482, 3.1181864738464355, 2.489980697631836, 2.1058175563812256, 1.8804296255111694, 1.7464460134506226, 1.6602649688720703, 1.6142232418060303, 1.6042325496673584, 1.5801279544830322, 1.6384904384613037, 1.7285470962524414, 1.7071895599365234, 1.8656511306762695, 1.974636435508728, 1.8804658651351929, 2.0695769786834717, 1.9921289682388306, 2.2310211658477783, 2.3061671257019043], "val_accuracy": [0.20781250298023224, 0.20781250298023224, 0.21435546875, 0.2333984375, 0.2412109375, 0.3280273377895355, 0.3612304627895355, 0.3759765625, 0.38623046875, 0.3983398377895355, 0.39599609375, 0.38935548067092896, 0.39990234375, 0.39277344942092896, 0.37529295682907104, 0.38203126192092896, 0.35712891817092896, 0.3580078184604645, 0.36376953125, 0.34208983182907104, 0.3421874940395355, 0.3407226502895355, 0.3310546875]}