{"loss": [41.095924377441406, 19.13983154296875, 11.840421676635742, 8.439435958862305, 6.266170024871826, 4.730737209320068, 3.6911821365356445, 2.975459337234497, 2.4864559173583984, 2.1510097980499268, 1.9293879270553589, 1.7805927991867065, 1.686104416847229, 1.6215153932571411, 1.5800257921218872, 1.553025722503662, 1.5327242612838745, 1.5191762447357178, 1.509576678276062, 1.4972692728042603, 1.4895691871643066, 1.4843482971191406, 1.4810497760772705, 1.474007248878479, 1.4706655740737915, 1.4643633365631104, 1.4616429805755615, 1.4583277702331543, 1.4536675214767456, 1.4495258331298828, 1.448546051979065, 1.4437631368637085, 1.4412356615066528, 1.4404598474502563, 1.4350175857543945, 1.4325271844863892, 1.427830696105957, 1.4262090921401978, 1.4236409664154053, 1.420938491821289, 1.4178708791732788, 1.412866234779358, 1.4127893447875977, 1.4094165563583374, 1.40840482711792, 1.4022136926651, 1.3993254899978638, 1.3974336385726929, 1.3932621479034424, 1.3920847177505493], "accuracy": [0.2366769015789032, 0.266206294298172, 0.2783900797367096, 0.2892717719078064, 0.329008549451828, 0.3766741156578064, 0.3879045844078064, 0.3916248083114624, 0.39453125, 0.3965541422367096, 0.3975771963596344, 0.400204598903656, 0.4010416567325592, 0.4013206958770752, 0.4059942364692688, 0.4073893129825592, 0.4094122052192688, 0.4128069281578064, 0.4150623083114624, 0.4191778302192688, 0.4229910671710968, 0.423037588596344, 0.423828125, 0.429106205701828, 0.432710200548172, 0.4329427182674408, 0.4345703125, 0.4379650354385376, 0.43994140625, 0.4417317807674408, 0.4398019015789032, 0.4441034197807312, 0.4467075765132904, 0.4468936026096344, 0.4497535228729248, 0.4507533609867096, 0.4531017541885376, 0.4541015625, 0.4573800265789032, 0.4563336968421936, 0.458798348903656, 0.4623790979385376, 0.4607049822807312, 0.4642857015132904, 0.4664480984210968, 0.468563973903656, 0.47021484375, 0.472958505153656, 0.474795401096344, 0.4772600531578064], "val_loss": [25.844694137573242, 14.329573631286621, 9.801430702209473, 7.220632553100586, 5.408839225769043, 4.156716823577881, 3.2882490158081055, 2.695827007293701, 2.293034076690674, 2.025089740753174, 1.851892352104187, 1.7354261875152588, 1.6550498008728027, 1.610004186630249, 1.570550799369812, 1.5505098104476929, 1.5368049144744873, 1.5241765975952148, 1.505770206451416, 1.5036070346832275, 1.50336754322052, 1.490652084350586, 1.4823145866394043, 1.475088357925415, 1.474398136138916, 1.4695974588394165, 1.4666674137115479, 1.4629604816436768, 1.4642584323883057, 1.461883306503296, 1.458741545677185, 1.466549277305603, 1.4550299644470215, 1.4629050493240356, 1.4519402980804443, 1.4541609287261963, 1.4498388767242432, 1.4488242864608765, 1.4520456790924072, 1.4476855993270874, 1.4501914978027344, 1.4507795572280884, 1.450384259223938, 1.450566291809082, 1.4528477191925049, 1.4526926279067993, 1.456300139427185, 1.4602785110473633, 1.460205316543579, 1.4619581699371338], "val_accuracy": [0.2671130895614624, 0.2816220223903656, 0.2855282723903656, 0.287109375, 0.3520275354385376, 0.3777901828289032, 0.3877418041229248, 0.3898809552192688, 0.3942522406578064, 0.394438236951828, 0.3941592276096344, 0.3933221697807312, 0.3940662145614624, 0.396577388048172, 0.400576651096344, 0.4009486734867096, 0.4040178656578064, 0.4091331958770752, 0.4114583432674408, 0.4148995578289032, 0.4137834906578064, 0.4223400354385376, 0.4209449291229248, 0.4229910671710968, 0.4264322817325592, 0.4274553656578064, 0.4300595223903656, 0.4323846697807312, 0.4333147406578064, 0.4352678656578064, 0.4361049234867096, 0.4322916567325592, 0.437593013048172, 0.4345238208770752, 0.4379650354385376, 0.4382440447807312, 0.4407552182674408, 0.4409412145614624, 0.439639151096344, 0.441499263048172, 0.441499263048172, 0.4399181604385376, 0.439639151096344, 0.4408482015132904, 0.441220223903656, 0.4401971697807312, 0.439639151096344, 0.4429873526096344, 0.4401971697807312, 0.4426153302192688]}