{"loss": [8.770086288452148, 4.869068622589111, 2.9872496128082275, 2.1771767139434814, 1.8516645431518555, 1.7012654542922974, 1.6305748224258423, 1.5733439922332764, 1.5412139892578125, 1.5030763149261475, 1.4784246683120728, 1.4533344507217407, 1.4299474954605103, 1.4034160375595093, 1.3713260889053345, 1.3383750915527344, 1.3023619651794434, 1.264876127243042, 1.2616554498672485, 1.224582314491272, 1.1619043350219727], "accuracy": [0.20578406751155853, 0.21270237863063812, 0.26971951127052307, 0.3129941523075104, 0.3338667154312134, 0.35495105385780334, 0.36410486698150635, 0.38304781913757324, 0.3937782347202301, 0.4118269979953766, 0.42495763301849365, 0.4411003291606903, 0.45107775926589966, 0.4688676595687866, 0.4856927692890167, 0.506800651550293, 0.5308264493942261, 0.5497929453849792, 0.5531344413757324, 0.5744776129722595, 0.6090455651283264], "val_loss": [6.347501277923584, 3.7114319801330566, 2.5546751022338867, 2.0386040210723877, 1.8117917776107788, 1.684189796447754, 1.618446707725525, 1.5728447437286377, 1.5502026081085205, 1.5410100221633911, 1.5335584878921509, 1.5347884893417358, 1.536874532699585, 1.5486611127853394, 1.5606892108917236, 1.594085931777954, 1.6106849908828735, 1.6469247341156006, 1.6820331811904907, 1.7134323120117188, 1.7344532012939453], "val_accuracy": [0.20957031846046448, 0.21142578125, 0.25029295682907104, 0.3056640625, 0.3280273377895355, 0.3565429747104645, 0.3677734434604645, 0.38164061307907104, 0.38789063692092896, 0.39179688692092896, 0.3980468809604645, 0.39814454317092896, 0.3963867127895355, 0.39580076932907104, 0.3931640684604645, 0.38945311307907104, 0.388671875, 0.37910157442092896, 0.3770507872104645, 0.37138670682907104, 0.37382811307907104]}