{"loss": [12.338493347167969, 6.686956405639648, 4.473188400268555, 3.448357582092285, 2.8821446895599365, 2.5064401626586914, 2.2422425746917725, 2.056682825088501, 1.9246872663497925, 1.8275160789489746, 1.7605211734771729, 1.7082722187042236, 1.6704778671264648, 1.6405174732208252, 1.618587851524353, 1.5978689193725586, 1.5847331285476685, 1.572088360786438, 1.562534213066101, 1.55844247341156, 1.5464667081832886, 1.5341968536376953, 1.5279358625411987, 1.527786135673523, 1.5179157257080078, 1.5143725872039795, 1.5101531744003296, 1.5026131868362427, 1.4922194480895996, 1.486594319343567, 1.4792966842651367, 1.4758836030960083], "accuracy": [0.1983010172843933, 0.20721949636936188, 0.24959996342658997, 0.2914627194404602, 0.2993222773075104, 0.3059346675872803, 0.3161003291606903, 0.32355985045433044, 0.32803088426589966, 0.33389025926589966, 0.3444559574127197, 0.35120952129364014, 0.3559158444404602, 0.36742281913757324, 0.37114080786705017, 0.37852975726127625, 0.3888130784034729, 0.39147213101387024, 0.3950960040092468, 0.39624905586242676, 0.4028379023075104, 0.41201525926589966, 0.4155449867248535, 0.41698041558265686, 0.42286333441734314, 0.42629894614219666, 0.4282050132751465, 0.43232303857803345, 0.43893542885780334, 0.44538310170173645, 0.4505365192890167, 0.4532426595687866], "val_loss": [8.592432975769043, 5.2793731689453125, 3.922611713409424, 3.1985085010528564, 2.7254977226257324, 2.3888611793518066, 2.1477551460266113, 1.9786317348480225, 1.8623979091644287, 1.7823470830917358, 1.7288557291030884, 1.6863065958023071, 1.659518837928772, 1.6301612854003906, 1.6145538091659546, 1.6026298999786377, 1.595894455909729, 1.5881785154342651, 1.5886509418487549, 1.58248770236969, 1.5704559087753296, 1.5689053535461426, 1.5752376317977905, 1.5698271989822388, 1.5803165435791016, 1.57784903049469, 1.5731902122497559, 1.5764364004135132, 1.5815134048461914, 1.583853006362915, 1.5881685018539429, 1.5907995700836182], "val_accuracy": [0.21113280951976776, 0.2138671875, 0.23398438096046448, 0.2562499940395355, 0.28291016817092896, 0.30156248807907104, 0.3212890625, 0.3301757872104645, 0.3335937559604645, 0.3392578065395355, 0.34746092557907104, 0.35429686307907104, 0.35810548067092896, 0.36865234375, 0.37421876192092896, 0.37275391817092896, 0.3775390684604645, 0.37890625, 0.37861329317092896, 0.38398438692092896, 0.3907226622104645, 0.3905273377895355, 0.3912109434604645, 0.3926757872104645, 0.38720703125, 0.390625, 0.39091795682907104, 0.39189451932907104, 0.38896483182907104, 0.39531248807907104, 0.3963867127895355, 0.39716798067092896]}