{"loss": [12.417192459106445, 6.784289836883545, 4.585239410400391, 3.537222146987915, 2.880181074142456, 2.489875078201294, 2.2253241539001465, 2.038146495819092, 1.9079020023345947, 1.8132479190826416, 1.744551181793213, 1.696661114692688, 1.6588267087936401, 1.626961588859558, 1.6068668365478516, 1.5879706144332886, 1.5721310377120972, 1.5587483644485474, 1.5512665510177612, 1.5445482730865479, 1.5352855920791626, 1.5297174453735352, 1.5249567031860352, 1.5151218175888062, 1.5089880228042603, 1.502986192703247, 1.4959582090377808, 1.4907193183898926, 1.4809705018997192, 1.4783616065979004, 1.4743907451629639, 1.4672291278839111, 1.459912896156311, 1.4592437744140625, 1.4551986455917358, 1.4530211687088013], "accuracy": [0.2004188597202301, 0.21081984043121338, 0.21569089591503143, 0.24343468248844147, 0.2932511270046234, 0.3041227459907532, 0.31315889954566956, 0.32534825801849365, 0.3311135172843933, 0.33977314829826355, 0.34725621342658997, 0.35570406913757324, 0.3629518151283264, 0.37264683842658997, 0.38196536898612976, 0.3868364095687866, 0.39297816157341003, 0.3988610804080963, 0.40319088101387024, 0.4039674401283264, 0.40961501002311707, 0.41502729058265686, 0.4164627194404602, 0.42363986372947693, 0.42662838101387024, 0.4313111901283264, 0.4325583577156067, 0.4404885172843933, 0.4456419348716736, 0.4484657347202301, 0.4529837965965271, 0.4544427692890167, 0.4612669348716736, 0.4659026861190796, 0.4702560305595398, 0.46912649273872375], "val_loss": [8.700582504272461, 5.354799270629883, 3.9704227447509766, 3.188464641571045, 2.6958305835723877, 2.362125873565674, 2.1222875118255615, 1.959285020828247, 1.8469855785369873, 1.7693393230438232, 1.709482192993164, 1.6688191890716553, 1.6382156610488892, 1.6148141622543335, 1.5985790491104126, 1.5887835025787354, 1.5784146785736084, 1.5702149868011475, 1.56709623336792, 1.5647180080413818, 1.5634421110153198, 1.5613644123077393, 1.5678811073303223, 1.5611572265625, 1.5622737407684326, 1.5607339143753052, 1.5652230978012085, 1.566239595413208, 1.5762308835983276, 1.5777134895324707, 1.5836451053619385, 1.5905675888061523, 1.604230523109436, 1.6002830266952515, 1.610538125038147, 1.667144536972046], "val_accuracy": [0.21552734076976776, 0.21464844048023224, 0.21757812798023224, 0.2723632752895355, 0.30205076932907104, 0.31787109375, 0.3299804627895355, 0.33662110567092896, 0.34492188692092896, 0.3487304747104645, 0.3568359315395355, 0.3641601502895355, 0.3720703125, 0.38066405057907104, 0.38505858182907104, 0.39111328125, 0.39384764432907104, 0.39697265625, 0.39726561307907104, 0.3983398377895355, 0.3970703184604645, 0.3968749940395355, 0.3935546875, 0.3984375, 0.40009766817092896, 0.39912110567092896, 0.3993164002895355, 0.400390625, 0.3980468809604645, 0.39814454317092896, 0.396484375, 0.39726561307907104, 0.3902343809604645, 0.3921875059604645, 0.39287108182907104, 0.37177735567092896]}