{"loss": [12.442383766174316, 6.785135269165039, 4.54099702835083, 3.4868974685668945, 2.9059975147247314, 2.5222978591918945, 2.256812572479248, 2.0663514137268066, 1.9316002130508423, 1.833179235458374, 1.7623844146728516, 1.7113670110702515, 1.6710779666900635, 1.639557957649231, 1.6115801334381104, 1.5930123329162598, 1.5753936767578125, 1.5639562606811523, 1.55042564868927, 1.5417101383209229, 1.5330235958099365, 1.5239288806915283, 1.5176819562911987, 1.5141931772232056, 1.5043872594833374, 1.4969700574874878, 1.4915187358856201, 1.4868170022964478, 1.4819350242614746, 1.4749842882156372, 1.4693690538406372, 1.4629080295562744, 1.4690808057785034, 1.447808861732483], "accuracy": [0.19778963923454285, 0.20703125, 0.24690358340740204, 0.28860995173454285, 0.3028058409690857, 0.31023722887039185, 0.3158346116542816, 0.3234565556049347, 0.3325076103210449, 0.33591368794441223, 0.3464891314506531, 0.35165777802467346, 0.36008957028388977, 0.3669016659259796, 0.38178831338882446, 0.38374143838882446, 0.39324504137039185, 0.39729419350624084, 0.40441596508026123, 0.4085603952407837, 0.41346704959869385, 0.419921875, 0.42637670040130615, 0.42575743794441223, 0.4305925965309143, 0.4348561465740204, 0.4382860064506531, 0.4431688189506531, 0.449075847864151, 0.45121949911117554, 0.4547208547592163, 0.461080402135849, 0.4576743543148041, 0.4728706181049347], "val_loss": [8.719438552856445, 5.35608434677124, 3.9564387798309326, 3.2368171215057373, 2.7471816539764404, 2.4028384685516357, 2.157667636871338, 1.9871890544891357, 1.876643419265747, 1.8033329248428345, 1.736720085144043, 1.6964271068572998, 1.6677862405776978, 1.6324045658111572, 1.6214933395385742, 1.6013915538787842, 1.5965036153793335, 1.5806926488876343, 1.581679344177246, 1.573805809020996, 1.575595736503601, 1.5703654289245605, 1.574602484703064, 1.569624662399292, 1.5720643997192383, 1.5713722705841064, 1.5768693685531616, 1.5847156047821045, 1.5841611623764038, 1.5959738492965698, 1.597092866897583, 1.6034806966781616, 1.621472716331482, 1.6052137613296509], "val_accuracy": [0.2109375, 0.21210937201976776, 0.23662109673023224, 0.2632812559604645, 0.2837890684604645, 0.30595701932907104, 0.32246094942092896, 0.3299804627895355, 0.33710938692092896, 0.33027344942092896, 0.34648436307907104, 0.34785157442092896, 0.35517579317092896, 0.37031251192092896, 0.37451171875, 0.38105469942092896, 0.38007813692092896, 0.3897460997104645, 0.3907226622104645, 0.39521485567092896, 0.39111328125, 0.3934570252895355, 0.39277344942092896, 0.396484375, 0.39775389432907104, 0.39570313692092896, 0.3970703184604645, 0.3951171934604645, 0.3939453065395355, 0.39130860567092896, 0.3929687440395355, 0.3931640684604645, 0.38251954317092896, 0.39453125]}