{"loss": [40.6290397644043, 18.82439422607422, 11.649382591247559, 8.333730697631836, 6.255659580230713, 4.8098673820495605, 3.793276786804199, 3.0815584659576416, 2.589139223098755, 2.256072521209717, 2.0290162563323975, 1.880371332168579, 1.7823567390441895, 1.7188855409622192, 1.6789600849151611, 1.6518815755844116, 1.6347984075546265, 1.6247937679290771, 1.6171844005584717, 1.612194538116455, 1.6087130308151245, 1.6052685976028442, 1.6025621891021729, 1.6015037298202515, 1.5998823642730713, 1.5985087156295776, 1.5968059301376343, 1.5960607528686523, 1.5942575931549072, 1.5950920581817627, 1.5936930179595947, 1.592443585395813, 1.5917030572891235, 1.5908206701278687, 1.590203881263733, 1.5901788473129272, 1.5898057222366333, 1.5888653993606567, 1.5893769264221191, 1.5882371664047241, 1.5873905420303345, 1.5862656831741333, 1.587101936340332, 1.5865691900253296, 1.5864471197128296, 1.5858445167541504, 1.585297703742981, 1.584295630455017, 1.5854430198669434, 1.5839564800262451, 1.5842993259429932, 1.5837849378585815, 1.583274245262146, 1.5829719305038452, 1.5822820663452148, 1.5816676616668701, 1.5830637216567993, 1.582461953163147, 1.5818010568618774, 1.5818268060684204, 1.5821380615234375, 1.5817874670028687, 1.5806372165679932, 1.5803413391113281, 1.5816259384155273, 1.5803598165512085, 1.580810785293579, 1.5801112651824951, 1.5796003341674805, 1.5805268287658691, 1.580246925354004, 1.5796363353729248, 1.5789361000061035, 1.5783216953277588, 1.5780571699142456, 1.5782833099365234, 1.5785654783248901, 1.5781338214874268, 1.578277587890625, 1.577144742012024, 1.5776079893112183, 1.5771534442901611, 1.575979232788086, 1.575931191444397, 1.5769330263137817, 1.5763695240020752, 1.5757089853286743, 1.5763838291168213, 1.5754977464675903, 1.574194312095642, 1.5760046243667603, 1.5760751962661743, 1.5756311416625977, 1.5747215747833252, 1.5745662450790405, 1.5747028589248657, 1.574118733406067, 1.5734596252441406, 1.5731381177902222], "accuracy": [0.3000282347202301, 0.3219597041606903, 0.32685428857803345, 0.327513188123703, 0.33229008316993713, 0.33570218086242676, 0.33287838101387024, 0.3377494215965271, 0.33883190155029297, 0.33723172545433044, 0.33883190155029297, 0.34007906913757324, 0.33977314829826355, 0.3399849534034729, 0.3402673304080963, 0.3402673304080963, 0.34158509969711304, 0.3413027226924896, 0.33974963426589966, 0.3381965458393097, 0.3426675498485565, 0.3422910273075104, 0.3410674035549164, 0.3422910273075104, 0.34217336773872375, 0.3428558111190796, 0.3416321575641632, 0.34367939829826355, 0.34160861372947693, 0.3416792154312134, 0.3443853557109833, 0.34323230385780334, 0.345703125, 0.34323230385780334, 0.342408686876297, 0.34245577454566956, 0.34309110045433044, 0.3446206748485565, 0.3431852459907532, 0.3441735804080963, 0.34563252329826355, 0.3467855751514435, 0.3441970944404602, 0.3446677327156067, 0.3441970944404602, 0.3470208942890167, 0.3453736901283264, 0.34563252329826355, 0.3447853922843933, 0.3460090458393097, 0.34638553857803345, 0.3452324867248535, 0.34803274273872375, 0.3470208942890167, 0.3467620611190796, 0.3474915325641632, 0.34685617685317993, 0.3455384075641632, 0.34711501002311707, 0.3472091555595398, 0.34765625, 0.3483857214450836, 0.34805628657341003, 0.3473738729953766, 0.34831514954566956, 0.3477974534034729, 0.3479386270046234, 0.34892696142196655, 0.3487387001514435, 0.3489034175872803, 0.34920933842658997, 0.3500800132751465, 0.34942111372947693, 0.34937405586242676, 0.34996235370635986, 0.35040944814682007, 0.35043299198150635, 0.34939759969711304, 0.3493034541606903, 0.34970349073410034, 0.3491857945919037, 0.35137423872947693, 0.35120952129364014, 0.35149189829826355, 0.35196253657341003, 0.35090360045433044, 0.3504800498485565, 0.35102126002311707, 0.3510918617248535, 0.34998586773872375, 0.3519860804080963, 0.3510918617248535, 0.3515860438346863, 0.3506447672843933, 0.3535391688346863, 0.352174311876297, 0.35210373997688293, 0.3549039959907532, 0.3541039228439331], "val_loss": [25.538782119750977, 14.160802841186523, 9.695230484008789, 7.153334617614746, 5.427186965942383, 4.218930721282959, 3.3709614276885986, 2.7825663089752197, 2.379122495651245, 2.1078038215637207, 1.925599455833435, 1.8075761795043945, 1.7292349338531494, 1.679288625717163, 1.6476447582244873, 1.6269117593765259, 1.6132704019546509, 1.6046850681304932, 1.598438024520874, 1.5952112674713135, 1.5925523042678833, 1.5892226696014404, 1.5872715711593628, 1.58622407913208, 1.585942029953003, 1.5842206478118896, 1.5836540460586548, 1.5823732614517212, 1.581844687461853, 1.5800520181655884, 1.5807693004608154, 1.5811488628387451, 1.5794036388397217, 1.5783967971801758, 1.5784438848495483, 1.5779403448104858, 1.5779740810394287, 1.5773847103118896, 1.5767138004302979, 1.576828956604004, 1.576796293258667, 1.577132225036621, 1.5770522356033325, 1.5759477615356445, 1.5762016773223877, 1.5754201412200928, 1.5748627185821533, 1.5743858814239502, 1.5744340419769287, 1.575284719467163, 1.5750324726104736, 1.574637532234192, 1.5743309259414673, 1.574092149734497, 1.574288249015808, 1.573679804801941, 1.5734028816223145, 1.5741266012191772, 1.5729968547821045, 1.5738105773925781, 1.5729700326919556, 1.5731498003005981, 1.5721988677978516, 1.5724838972091675, 1.5729284286499023, 1.5720713138580322, 1.5722806453704834, 1.5718605518341064, 1.5724157094955444, 1.5722486972808838, 1.5715399980545044, 1.5719021558761597, 1.5712339878082275, 1.5713955163955688, 1.5711287260055542, 1.571260929107666, 1.5712015628814697, 1.5717917680740356, 1.5709502696990967, 1.5715030431747437, 1.5709092617034912, 1.5712368488311768, 1.570522427558899, 1.5708260536193848, 1.5704163312911987, 1.5705084800720215, 1.571158528327942, 1.570548415184021, 1.5696091651916504, 1.5707942247390747, 1.5703332424163818, 1.5710500478744507, 1.5713872909545898, 1.5707433223724365, 1.570786952972412, 1.57065749168396, 1.5709764957427979, 1.5703006982803345, 1.5699036121368408], "val_accuracy": [0.25732421875, 0.2914062440395355, 0.3287109434604645, 0.3462890684604645, 0.35087889432907104, 0.3521484434604645, 0.34990233182907104, 0.35078126192092896, 0.3524414002895355, 0.3505859375, 0.35322266817092896, 0.3515625, 0.34990233182907104, 0.3514648377895355, 0.3524414002895355, 0.35029298067092896, 0.35322266817092896, 0.35185545682907104, 0.35371094942092896, 0.3514648377895355, 0.35107421875, 0.35468751192092896, 0.3544921875, 0.35380858182907104, 0.3529296815395355, 0.35224610567092896, 0.35234373807907104, 0.35380858182907104, 0.35273438692092896, 0.3545898497104645, 0.3529296815395355, 0.35400390625, 0.35429686307907104, 0.35380858182907104, 0.35234373807907104, 0.35527342557907104, 0.35517579317092896, 0.3568359315395355, 0.35419923067092896, 0.3555664122104645, 0.3543945252895355, 0.3539062440395355, 0.35498046875, 0.35468751192092896, 0.35283201932907104, 0.35478514432907104, 0.35429686307907104, 0.35566407442092896, 0.35498046875, 0.35664063692092896, 0.35332030057907104, 0.3564453125, 0.3558593690395355, 0.3539062440395355, 0.35517579317092896, 0.35419923067092896, 0.35546875, 0.3526367247104645, 0.3553710877895355, 0.3539062440395355, 0.3539062440395355, 0.35371094942092896, 0.35380858182907104, 0.35576170682907104, 0.3553710877895355, 0.3564453125, 0.35498046875, 0.3545898497104645, 0.3545898497104645, 0.3564453125, 0.35468751192092896, 0.35498046875, 0.3545898497104645, 0.3545898497104645, 0.35517579317092896, 0.35576170682907104, 0.35498046875, 0.35332030057907104, 0.3543945252895355, 0.3555664122104645, 0.35546875, 0.3555664122104645, 0.3544921875, 0.3555664122104645, 0.35527342557907104, 0.35517579317092896, 0.3541015684604645, 0.3548828065395355, 0.35429686307907104, 0.35371094942092896, 0.35566407442092896, 0.3564453125, 0.35478514432907104, 0.35419923067092896, 0.35566407442092896, 0.3548828065395355, 0.3564453125, 0.3565429747104645, 0.35566407442092896]}