{"loss": [3.0422422885894775, 0.8974156379699707, 0.8485456705093384, 0.8361372351646423, 0.8271928429603577, 0.8209326267242432, 0.8141666650772095, 0.809136152267456, 0.8040883541107178, 0.8006099462509155, 0.7973170876502991, 0.7945863008499146, 0.7922248244285583, 0.7902649641036987, 0.7883099317550659, 0.7860962152481079, 0.7844019532203674, 0.7828611731529236, 0.7808753848075867, 0.7801090478897095, 0.7777579426765442, 0.7768219113349915, 0.7757485508918762, 0.7744630575180054, 0.772777795791626, 0.7706997394561768, 0.7701089382171631, 0.7680108547210693, 0.7670019865036011, 0.7651576399803162, 0.7643743753433228, 0.7620896697044373, 0.76010662317276, 0.7585762739181519, 0.7575002908706665, 0.754840075969696], "accuracy": [0.6006745100021362, 0.6448063850402832, 0.6502822041511536, 0.6550264358520508, 0.6587325930595398, 0.6615257263183594, 0.6644835472106934, 0.6671891808509827, 0.6697822213172913, 0.6715915203094482, 0.6735216975212097, 0.6745702028274536, 0.6760022044181824, 0.6766296029090881, 0.6783784627914429, 0.6800481081008911, 0.6800710558891296, 0.6810423731803894, 0.6823472380638123, 0.682645320892334, 0.6839647889137268, 0.6846630573272705, 0.6853821873664856, 0.6861534714698792, 0.6870872974395752, 0.6887381672859192, 0.6887277364730835, 0.6904703378677368, 0.6910727620124817, 0.6925380825996399, 0.6935469508171082, 0.6947497129440308, 0.6961400508880615, 0.6973448395729065, 0.6985642313957214, 0.7004590034484863], "val_loss": [0.9832010269165039, 0.8517262935638428, 0.8346475958824158, 0.8283764719963074, 0.8250718712806702, 0.8226101994514465, 0.8200370073318481, 0.8215184807777405, 0.813762366771698, 0.8151641488075256, 0.8181434273719788, 0.8145620822906494, 0.8058575391769409, 0.814699649810791, 0.802668571472168, 0.8032934069633484, 0.8024352788925171, 0.8036442995071411, 0.8052571415901184, 0.8076205849647522, 0.8006941080093384, 0.8014487028121948, 0.8006709814071655, 0.7980020046234131, 0.7958977222442627, 0.791232705116272, 0.8017704486846924, 0.7964686751365662, 0.7933604121208191, 0.7934298515319824, 0.7924650311470032, 0.7931440472602844, 0.7949095368385315, 0.7944117784500122, 0.801813006401062, 0.7963138818740845], "val_accuracy": [0.6480535268783569, 0.6505826115608215, 0.6547225713729858, 0.6552650928497314, 0.6550480723381042, 0.6558994650840759, 0.6561080813407898, 0.6543970108032227, 0.6597973704338074, 0.6589292883872986, 0.656066358089447, 0.6591212749481201, 0.66380375623703, 0.6570262312889099, 0.6650557518005371, 0.6652310490608215, 0.6647970080375671, 0.6634782552719116, 0.6632862687110901, 0.6626101732254028, 0.666015625, 0.6660823822021484, 0.6664079427719116, 0.6690705418586731, 0.6691790223121643, 0.6728014945983887, 0.6670339107513428, 0.6692374348640442, 0.6717414259910583, 0.6717330813407898, 0.6724592447280884, 0.6728765964508057, 0.6714576482772827, 0.6720252633094788, 0.6676098704338074, 0.6712489724159241]}