{"loss": [4.319632530212402, 1.097973346710205, 0.8642064929008484, 0.8328108787536621, 0.820834219455719, 0.8139078617095947, 0.8079560399055481, 0.8023226261138916, 0.7972275018692017, 0.7920396327972412, 0.78863126039505, 0.7848825454711914, 0.7805277705192566, 0.7787370681762695, 0.7755386233329773, 0.7731603980064392, 0.7706859111785889, 0.7679557800292969, 0.7657873034477234, 0.7649563550949097, 0.7623836398124695, 0.7597470879554749, 0.7585544586181641, 0.7559847235679626, 0.7543655633926392, 0.7515307068824768, 0.7491572499275208, 0.7482574582099915, 0.7444791793823242, 0.7411566972732544, 0.740489661693573, 0.7364029288291931], "accuracy": [0.6011524200439453, 0.6538172960281372, 0.6588425636291504, 0.6617826819419861, 0.6649139523506165, 0.6671902537345886, 0.6691851019859314, 0.6729280352592468, 0.6748880743980408, 0.6776857376098633, 0.6798612475395203, 0.6815676689147949, 0.684208869934082, 0.6860438585281372, 0.6874930262565613, 0.6888310313224792, 0.6896547079086304, 0.6916981935501099, 0.6928728222846985, 0.6930987238883972, 0.695350706577301, 0.6967443227767944, 0.697123110294342, 0.6993542909622192, 0.7008590698242188, 0.7023813128471375, 0.704244077205658, 0.7054221630096436, 0.7075560092926025, 0.7102146148681641, 0.7106559872627258, 0.7134153842926025], "val_loss": [1.4878510236740112, 0.8647016882896423, 0.8010721802711487, 0.7867607474327087, 0.7806386947631836, 0.7722363471984863, 0.766711950302124, 0.7684405446052551, 0.7624505758285522, 0.7557543516159058, 0.7530748248100281, 0.7500396370887756, 0.7474873661994934, 0.7464205622673035, 0.7459064722061157, 0.7450656890869141, 0.7446292638778687, 0.7436997294425964, 0.7432319521903992, 0.7435989379882812, 0.7408092021942139, 0.7396071553230286, 0.7413843274116516, 0.7413460612297058, 0.7402797341346741, 0.7408826351165771, 0.7441225051879883, 0.7421165704727173, 0.7431858777999878, 0.7462283372879028, 0.744649350643158, 0.7484239935874939], "val_accuracy": [0.6613839268684387, 0.6761858463287354, 0.6802315711975098, 0.6826590299606323, 0.6840680837631226, 0.6876813769340515, 0.6897181868553162, 0.6884626150131226, 0.6913644075393677, 0.6951032280921936, 0.6966238617897034, 0.6962751150131226, 0.6993722319602966, 0.6988560557365417, 0.6992745399475098, 0.699511706829071, 0.6999860405921936, 0.7006696462631226, 0.7011021375656128, 0.7003208994865417, 0.702832043170929, 0.7031947374343872, 0.7023577094078064, 0.7034319043159485, 0.7042131423950195, 0.7037667632102966, 0.7022879719734192, 0.7036411762237549, 0.7030552625656128, 0.7021623849868774, 0.7040318250656128, 0.701171875]}