{"loss": [12.882495880126953, 8.192745208740234, 5.508063793182373, 3.9002645015716553, 3.0098063945770264, 2.4887688159942627, 2.156956911087036, 1.9284331798553467, 1.7663075923919678, 1.6481168270111084, 1.5511456727981567, 1.4580646753311157, 1.410575032234192, 1.3217321634292603, 1.271498203277588, 1.2417378425598145, 1.095504879951477, 1.0257409811019897, 0.9966288208961487, 0.8900480270385742, 0.954822301864624, 0.8841479420661926], "accuracy": [0.20204254984855652, 0.20954912900924683, 0.212890625, 0.28310900926589966, 0.31828877329826355, 0.34370294213294983, 0.3694700598716736, 0.39238986372947693, 0.4130035638809204, 0.4311935305595398, 0.4566076695919037, 0.48357492685317993, 0.4917404055595398, 0.5265436768531799, 0.5445924401283264, 0.5509694814682007, 0.6218702793121338, 0.6595444083213806, 0.667239248752594, 0.7140201330184937, 0.6821112632751465, 0.7164203524589539], "val_loss": [10.086747169494629, 6.583981513977051, 4.586037635803223, 3.427297592163086, 2.7379658222198486, 2.3124279975891113, 2.031769275665283, 1.8598754405975342, 1.7506548166275024, 1.6835525035858154, 1.6935113668441772, 1.6746399402618408, 1.6934551000595093, 1.7642408609390259, 1.776816725730896, 1.7644885778427124, 1.9577258825302124, 2.0011403560638428, 2.106238842010498, 2.2877330780029297, 1.9770262241363525, 2.020294427871704], "val_accuracy": [0.20781250298023224, 0.20781250298023224, 0.22470703721046448, 0.28828126192092896, 0.3301757872104645, 0.35771483182907104, 0.38066405057907104, 0.384765625, 0.3907226622104645, 0.39033204317092896, 0.37812501192092896, 0.3785156309604645, 0.37617188692092896, 0.37226563692092896, 0.36787110567092896, 0.37421876192092896, 0.34765625, 0.35087889432907104, 0.34208983182907104, 0.3111328184604645, 0.3355468809604645, 0.3482421934604645]}