{"loss": [12.17929744720459, 6.579380035400391, 4.527587413787842, 3.5614981651306152, 2.987435817718506, 2.5965828895568848, 2.3207364082336426, 2.1239402294158936, 1.9840257167816162, 1.8826347589492798, 1.8111727237701416, 1.7593342065811157, 1.723089337348938, 1.6970770359039307, 1.678293228149414, 1.6639740467071533, 1.6526784896850586, 1.6460493803024292, 1.637232780456543, 1.6327203512191772, 1.628394603729248, 1.6239173412322998, 1.6216797828674316, 1.6187160015106201, 1.61459219455719, 1.6115726232528687, 1.6096673011779785, 1.608385443687439, 1.6059600114822388, 1.6020125150680542, 1.6023118495941162, 1.5967525243759155], "accuracy": [0.21926769614219666, 0.27139025926589966, 0.28357961773872375, 0.2954866290092468, 0.30068713426589966, 0.30447572469711304, 0.31075865030288696, 0.3121940791606903, 0.31480610370635986, 0.31741809844970703, 0.31948888301849365, 0.3237716555595398, 0.32596009969711304, 0.32718372344970703, 0.3303605020046234, 0.3315370976924896, 0.33466678857803345, 0.33513742685317993, 0.3401261270046234, 0.34174981713294983, 0.3435852825641632, 0.3436087965965271, 0.348268061876297, 0.35271555185317993, 0.35520991683006287, 0.35657474398612976, 0.3588102459907532, 0.3634224534034729, 0.3657050132751465, 0.3700348138809204, 0.3730233311653137, 0.3813300132751465], "val_loss": [8.413216590881348, 5.26770544052124, 3.9426300525665283, 3.2200934886932373, 2.752462863922119, 2.4266180992126465, 2.19596529006958, 2.0328288078308105, 1.9170888662338257, 1.8337678909301758, 1.7767502069473267, 1.7359421253204346, 1.7082383632659912, 1.6873037815093994, 1.674328088760376, 1.662512183189392, 1.6581367254257202, 1.6515929698944092, 1.6482250690460205, 1.6467384099960327, 1.646938681602478, 1.6461257934570312, 1.6479803323745728, 1.6505553722381592, 1.6528126001358032, 1.6561000347137451, 1.6602609157562256, 1.6652311086654663, 1.669870138168335, 1.6779844760894775, 1.6876872777938843, 1.6988694667816162], "val_accuracy": [0.25703126192092896, 0.2948242127895355, 0.30888670682907104, 0.3109374940395355, 0.3155273497104645, 0.3169921934604645, 0.31816405057907104, 0.32099610567092896, 0.3212890625, 0.3265624940395355, 0.3271484375, 0.32451170682907104, 0.3231445252895355, 0.32499998807907104, 0.32499998807907104, 0.32988280057907104, 0.3275390565395355, 0.3294921815395355, 0.33027344942092896, 0.32988280057907104, 0.32978516817092896, 0.33320313692092896, 0.3350585997104645, 0.3309570252895355, 0.3310546875, 0.3275390565395355, 0.3309570252895355, 0.33037108182907104, 0.3291015625, 0.3277343809604645, 0.32792967557907104, 0.32080078125]}