{"loss": [12.441585540771484, 6.7831315994262695, 4.5769829750061035, 3.4896607398986816, 2.8904941082000732, 2.5059986114501953, 2.2409250736236572, 2.0536911487579346, 1.922732949256897, 1.8281311988830566, 1.7631328105926514, 1.7157484292984009, 1.679620385169983, 1.6497772932052612, 1.6287556886672974, 1.6098042726516724, 1.592310905456543, 1.579063892364502, 1.5700894594192505, 1.5582257509231567, 1.548279047012329, 1.537238597869873, 1.5342011451721191, 1.521681785583496, 1.5191072225570679, 1.509494423866272, 1.500933051109314, 1.4945428371429443, 1.4883638620376587, 1.4804809093475342, 1.4753285646438599, 1.4643092155456543, 1.4495265483856201], "accuracy": [0.20411333441734314, 0.20879612863063812, 0.2190323770046234, 0.27590832114219666, 0.29216867685317993, 0.30162838101387024, 0.3108763098716736, 0.3138648271560669, 0.32320690155029297, 0.32807794213294983, 0.33332547545433044, 0.3390672206878662, 0.3480798304080963, 0.3561041057109833, 0.36429309844970703, 0.3754706382751465, 0.3837066888809204, 0.39071911573410034, 0.3958960771560669, 0.4035909175872803, 0.40599116683006287, 0.41410955786705017, 0.41606268286705017, 0.4221573770046234, 0.4272402226924896, 0.4318053424358368, 0.4368646442890167, 0.4418298304080963, 0.44808924198150635, 0.4546310305595398, 0.4568900465965271, 0.46823230385780334, 0.4741857945919037], "val_loss": [8.706278800964355, 5.3516693115234375, 3.9651191234588623, 3.16835355758667, 2.68898344039917, 2.358327627182007, 2.127112865447998, 1.9689438343048096, 1.859859824180603, 1.7823457717895508, 1.7273590564727783, 1.6897764205932617, 1.660060167312622, 1.6409456729888916, 1.618945837020874, 1.609889268875122, 1.6115061044692993, 1.6025890111923218, 1.5911712646484375, 1.5824639797210693, 1.5843690633773804, 1.590676188468933, 1.5821912288665771, 1.5825611352920532, 1.58870530128479, 1.5836950540542603, 1.5840470790863037, 1.60093092918396, 1.612722635269165, 1.6292998790740967, 1.6304372549057007, 1.6448633670806885, 1.6380056142807007], "val_accuracy": [0.21757812798023224, 0.21914061903953552, 0.21982422471046448, 0.2906250059604645, 0.3057617247104645, 0.3135742247104645, 0.32148438692092896, 0.32861328125, 0.3338867127895355, 0.3348632752895355, 0.3431640565395355, 0.34619140625, 0.35664063692092896, 0.3636718690395355, 0.37285155057907104, 0.3749023377895355, 0.3760742247104645, 0.3822265565395355, 0.3838867247104645, 0.38496094942092896, 0.3882812559604645, 0.38427734375, 0.3895507752895355, 0.3887695372104645, 0.39091795682907104, 0.39287108182907104, 0.3916992247104645, 0.39033204317092896, 0.390625, 0.38740235567092896, 0.3875976502895355, 0.38642579317092896, 0.38837891817092896]}