{"loss": [12.243824005126953, 6.6334919929504395, 4.558255195617676, 3.57922625541687, 2.994842052459717, 2.6005659103393555, 2.324061870574951, 2.1250972747802734, 1.9828176498413086, 1.8811506032943726, 1.8104647397994995, 1.7578142881393433, 1.722387433052063, 1.696393609046936, 1.6761575937271118, 1.6619815826416016, 1.6520453691482544, 1.64215087890625, 1.6348341703414917, 1.6299543380737305, 1.6272183656692505, 1.622513771057129, 1.620047688484192, 1.6161383390426636, 1.6150044202804565, 1.6115258932113647, 1.6098827123641968, 1.6075643301010132, 1.605587124824524, 1.6043823957443237, 1.6007697582244873], "accuracy": [0.22027955949306488, 0.27171969413757324, 0.2857210040092468, 0.2954866290092468, 0.30179309844970703, 0.30628764629364014, 0.3084525465965271, 0.31318241357803345, 0.31810054183006287, 0.318971186876297, 0.3218420445919037, 0.3245246708393097, 0.32490116357803345, 0.32654836773872375, 0.3303840458393097, 0.3311370611190796, 0.3327372074127197, 0.3350197672843933, 0.3374670445919037, 0.3434205651283264, 0.3417733311653137, 0.3444794714450836, 0.3471856117248535, 0.3521978557109833, 0.3510918617248535, 0.3557981848716736, 0.35704538226127625, 0.3609986901283264, 0.36170461773872375, 0.36834055185317993, 0.37311747670173645], "val_loss": [8.486815452575684, 5.303915023803711, 3.9641547203063965, 3.228804349899292, 2.756369113922119, 2.4286859035491943, 2.1973297595977783, 2.0337748527526855, 1.9166288375854492, 1.8343265056610107, 1.7759339809417725, 1.734800100326538, 1.7054626941680908, 1.6843143701553345, 1.669066071510315, 1.660825490951538, 1.6533199548721313, 1.6489301919937134, 1.6452869176864624, 1.643707513809204, 1.6422885656356812, 1.6458823680877686, 1.6431219577789307, 1.6474950313568115, 1.6460193395614624, 1.6542298793792725, 1.656528115272522, 1.6610130071640015, 1.6671701669692993, 1.6750144958496094, 1.683815598487854], "val_accuracy": [0.25703126192092896, 0.298828125, 0.3042968809604645, 0.31074219942092896, 0.3125976622104645, 0.31757813692092896, 0.32001954317092896, 0.322265625, 0.322265625, 0.3248046934604645, 0.32421875, 0.32597655057907104, 0.3260742127895355, 0.3271484375, 0.32792967557907104, 0.32939451932907104, 0.3291015625, 0.32880860567092896, 0.33027344942092896, 0.3309570252895355, 0.33378905057907104, 0.3291992247104645, 0.33173829317092896, 0.33085936307907104, 0.3345703184604645, 0.330078125, 0.33037108182907104, 0.32988280057907104, 0.3321289122104645, 0.32763671875, 0.32880860567092896]}