{"loss": [11.84101390838623, 6.430850028991699, 4.474756240844727, 3.55283260345459, 2.988882064819336, 2.600983142852783, 2.3267595767974854, 2.1308352947235107, 1.9921257495880127, 1.8939327001571655, 1.823712944984436, 1.7741352319717407, 1.7399224042892456, 1.71633780002594, 1.6996561288833618, 1.6865640878677368, 1.6771742105484009, 1.6714534759521484, 1.6675251722335815, 1.6630737781524658, 1.6590356826782227, 1.656751275062561, 1.6544408798217773, 1.6530063152313232, 1.651253581047058, 1.6506428718566895, 1.6492267847061157, 1.6485538482666016, 1.647809624671936, 1.647316813468933, 1.6450741291046143, 1.6449233293533325, 1.644572377204895, 1.6433359384536743, 1.6434553861618042, 1.6439164876937866, 1.642203450202942, 1.6418124437332153, 1.6420928239822388, 1.6404119729995728, 1.6403499841690063, 1.6406718492507935, 1.6400882005691528, 1.6396197080612183], "accuracy": [0.24807040393352509, 0.26731929183006287, 0.28026166558265686, 0.280638188123703, 0.2827795445919037, 0.2884742021560669, 0.2880271077156067, 0.2913215458393097, 0.2922627925872803, 0.2941453456878662, 0.2965455651283264, 0.29558077454566956, 0.2980515956878662, 0.2964043617248535, 0.2974632978439331, 0.2961455285549164, 0.300169438123703, 0.3004518151283264, 0.2988045811653137, 0.29951053857803345, 0.30144014954566956, 0.3021460771560669, 0.3000282347202301, 0.30158132314682007, 0.3015342652797699, 0.3032050132751465, 0.30475810170173645, 0.30249905586242676, 0.3016519248485565, 0.3051110804080963, 0.3026167154312134, 0.3046639561653137, 0.3054640293121338, 0.3027579188346863, 0.3054169714450836, 0.30536991357803345, 0.3054640293121338, 0.30386388301849365, 0.30595821142196655, 0.3057699501514435, 0.3048051595687866, 0.30551111698150635, 0.3058640956878662, 0.30553463101387024], "val_loss": [8.14579963684082, 5.144233703613281, 3.901099443435669, 3.2115986347198486, 2.7520575523376465, 2.4285502433776855, 2.1998114585876465, 2.0364837646484375, 1.9201120138168335, 1.8391377925872803, 1.7825629711151123, 1.7425382137298584, 1.7151196002960205, 1.6948562860488892, 1.6807600259780884, 1.6705849170684814, 1.6650609970092773, 1.6597095727920532, 1.6536178588867188, 1.6502912044525146, 1.6485328674316406, 1.6464859247207642, 1.6454814672470093, 1.6444957256317139, 1.643669843673706, 1.6434141397476196, 1.6433241367340088, 1.6409050226211548, 1.640835165977478, 1.6391645669937134, 1.6395076513290405, 1.6397507190704346, 1.6389248371124268, 1.6381714344024658, 1.6383272409439087, 1.6392629146575928, 1.6383018493652344, 1.6387618780136108, 1.6387059688568115, 1.6386979818344116, 1.6386995315551758, 1.6388587951660156, 1.6397539377212524, 1.6394989490509033], "val_accuracy": [0.27470701932907104, 0.28173828125, 0.2948242127895355, 0.2953124940395355, 0.30156248807907104, 0.30439454317092896, 0.3031249940395355, 0.30322265625, 0.30449217557907104, 0.3046875, 0.306640625, 0.3055664002895355, 0.3057617247104645, 0.30634766817092896, 0.30585938692092896, 0.30634766817092896, 0.3055664002895355, 0.30390626192092896, 0.30878907442092896, 0.3067382872104645, 0.3084960877895355, 0.30810546875, 0.30732423067092896, 0.306640625, 0.30644530057907104, 0.30791014432907104, 0.3075195252895355, 0.31035155057907104, 0.3067382872104645, 0.30927735567092896, 0.31123048067092896, 0.30878907442092896, 0.3080078065395355, 0.31123048067092896, 0.30976563692092896, 0.31035155057907104, 0.31132811307907104, 0.3091796934604645, 0.3099609315395355, 0.31035155057907104, 0.3101562559604645, 0.31103515625, 0.30927735567092896, 0.3104492127895355]}