{"loss": [31.322139739990234, 23.280344009399414, 17.33049201965332, 12.92223072052002, 9.667801856994629, 7.282964706420898, 5.554543495178223, 4.31675910949707, 3.439155340194702, 2.8288345336914062, 2.409177541732788, 2.1264748573303223, 1.9366313219070435, 1.8126872777938843, 1.7300139665603638, 1.6791640520095825, 1.6461795568466187, 1.6251271963119507, 1.612511157989502, 1.6034406423568726, 1.5977858304977417, 1.5928828716278076, 1.5899417400360107, 1.5862538814544678, 1.5844842195510864, 1.5826215744018555, 1.5798225402832031, 1.5792138576507568, 1.576606273651123, 1.5758951902389526, 1.57484769821167, 1.5718626976013184, 1.5711276531219482, 1.5693668127059937, 1.5677984952926636, 1.5671095848083496, 1.5667200088500977, 1.564326286315918, 1.5622633695602417, 1.5610253810882568, 1.5594916343688965, 1.5582275390625, 1.5574480295181274, 1.5549153089523315, 1.5533816814422607, 1.5514549016952515, 1.5497530698776245, 1.5485724210739136, 1.5475932359695435, 1.5450152158737183, 1.5429364442825317, 1.5423681735992432, 1.5403952598571777, 1.5389835834503174, 1.538275122642517, 1.5362766981124878, 1.5347015857696533], "accuracy": [0.22853915393352509, 0.2981221675872803, 0.3248541057109833, 0.3284309208393097, 0.3321724534034729, 0.3380082845687866, 0.3370199501514435, 0.33798474073410034, 0.3410674035549164, 0.3397025465965271, 0.34125563502311707, 0.34247928857803345, 0.34306758642196655, 0.3422439694404602, 0.34400883316993713, 0.3431852459907532, 0.34410297870635986, 0.3461502194404602, 0.3461267054080963, 0.34746798872947693, 0.3490210771560669, 0.34937405586242676, 0.3501035273075104, 0.3510683476924896, 0.3518448770046234, 0.35344502329826355, 0.35417452454566956, 0.356080561876297, 0.35582172870635986, 0.35662180185317993, 0.35928088426589966, 0.35916322469711304, 0.3614457845687866, 0.3636106848716736, 0.36323419213294983, 0.36504611372947693, 0.36455196142196655, 0.36664626002311707, 0.3661050498485565, 0.3676110804080963, 0.36909356713294983, 0.3701760172843933, 0.37267038226127625, 0.37104669213294983, 0.37370577454566956, 0.3750235438346863, 0.376341313123703, 0.37669429183006287, 0.37735316157341003, 0.380247563123703, 0.3793533444404602, 0.3802710771560669, 0.38316547870635986, 0.38260072469711304, 0.3840596675872803, 0.38528332114219666, 0.38605985045433044], "val_loss": [26.921100616455078, 20.038402557373047, 14.923535346984863, 11.126791954040527, 8.335749626159668, 6.304407596588135, 4.8440656661987305, 3.8073692321777344, 3.079927682876587, 2.5769903659820557, 2.2348642349243164, 2.0056681632995605, 1.854191541671753, 1.7551538944244385, 1.6922175884246826, 1.6511214971542358, 1.6262153387069702, 1.6100631952285767, 1.599450707435608, 1.592162013053894, 1.5879719257354736, 1.584150791168213, 1.581629991531372, 1.5791997909545898, 1.5775349140167236, 1.5757858753204346, 1.5743540525436401, 1.5736005306243896, 1.5722014904022217, 1.5715651512145996, 1.5709002017974854, 1.5712624788284302, 1.5702934265136719, 1.5707486867904663, 1.570646047592163, 1.5698868036270142, 1.5695794820785522, 1.5691393613815308, 1.5690613985061646, 1.5687257051467896, 1.567602515220642, 1.5681403875350952, 1.5673094987869263, 1.5663069486618042, 1.5672547817230225, 1.5662596225738525, 1.5654470920562744, 1.5659593343734741, 1.565637230873108, 1.5655639171600342, 1.5655944347381592, 1.565889596939087, 1.5664602518081665, 1.5674622058868408, 1.5676469802856445, 1.5664902925491333, 1.5672606229782104], "val_accuracy": [0.21054688096046448, 0.2660156190395355, 0.3089843690395355, 0.33281248807907104, 0.34765625, 0.35234373807907104, 0.35205078125, 0.35380858182907104, 0.3541015684604645, 0.35273438692092896, 0.3550781309604645, 0.35322266817092896, 0.3519531190395355, 0.35380858182907104, 0.35419923067092896, 0.35419923067092896, 0.35566407442092896, 0.35771483182907104, 0.35810548067092896, 0.3583007752895355, 0.3589843809604645, 0.36054688692092896, 0.361328125, 0.36474609375, 0.36455076932907104, 0.36650389432907104, 0.36494141817092896, 0.36445313692092896, 0.36689454317092896, 0.36689454317092896, 0.3656249940395355, 0.3646484315395355, 0.3636718690395355, 0.3648437559604645, 0.36357420682907104, 0.36445313692092896, 0.36494141817092896, 0.3646484315395355, 0.36357420682907104, 0.36210936307907104, 0.3636718690395355, 0.36298829317092896, 0.3651367127895355, 0.3642578125, 0.36455076932907104, 0.36357420682907104, 0.3648437559604645, 0.36552733182907104, 0.36572265625, 0.3646484315395355, 0.3648437559604645, 0.3651367127895355, 0.365234375, 0.3642578125, 0.3641601502895355, 0.3651367127895355, 0.3648437559604645]}