{"loss": [12.893035888671875, 7.638561725616455, 5.023555278778076, 3.7027580738067627, 2.90256404876709, 2.4591012001037598, 2.180492639541626, 1.9823275804519653, 1.8440810441970825, 1.7335761785507202, 1.6584821939468384, 1.5973628759384155, 1.5512664318084717, 1.518654465675354, 1.4936416149139404, 1.4670807123184204, 1.453529953956604, 1.422956943511963, 1.410748839378357, 1.3818707466125488, 1.332875370979309, 1.303101897239685, 1.2649935483932495, 1.2412331104278564, 1.216295599937439], "accuracy": [0.19724209606647491, 0.21067865192890167, 0.21039627492427826, 0.2211502194404602, 0.2850150465965271, 0.31419429183006287, 0.32981929183006287, 0.3468797206878662, 0.36201053857803345, 0.3805534541606903, 0.39262518286705017, 0.40526166558265686, 0.4162980020046234, 0.4259224534034729, 0.4340173304080963, 0.44284167885780334, 0.4501129388809204, 0.46550264954566956, 0.46985599398612976, 0.48581042885780334, 0.5150367021560669, 0.5307558178901672, 0.5545698404312134, 0.5676063895225525, 0.5832078456878662], "val_loss": [9.654776573181152, 6.0088934898376465, 4.2205586433410645, 3.2429823875427246, 2.6622719764709473, 2.3124213218688965, 2.06648325920105, 1.9009290933609009, 1.7780975103378296, 1.6914036273956299, 1.636299729347229, 1.6055991649627686, 1.5734097957611084, 1.5567125082015991, 1.5426099300384521, 1.5629318952560425, 1.5621111392974854, 1.5596966743469238, 1.573085069656372, 1.5766957998275757, 1.5988702774047852, 1.6286847591400146, 1.6707130670547485, 1.7596352100372314, 1.7311122417449951], "val_accuracy": [0.20781250298023224, 0.20781250298023224, 0.20791015028953552, 0.26347655057907104, 0.310546875, 0.32207030057907104, 0.3421874940395355, 0.35234373807907104, 0.37285155057907104, 0.3861328065395355, 0.3857421875, 0.39472657442092896, 0.3973632752895355, 0.3988281190395355, 0.39990234375, 0.38359373807907104, 0.3856445252895355, 0.3880859315395355, 0.38691407442092896, 0.3897460997104645, 0.3934570252895355, 0.39189451932907104, 0.3856445252895355, 0.36552733182907104, 0.3802734315395355]}