{"loss": [12.503660202026367, 6.857497692108154, 4.606863498687744, 3.497450113296509, 2.8993422985076904, 2.511812448501587, 2.244960308074951, 2.0530736446380615, 1.9198909997940063, 1.8234727382659912, 1.7530473470687866, 1.7015234231948853, 1.6613541841506958, 1.62791109085083, 1.608232021331787, 1.583847999572754, 1.5709648132324219, 1.5582433938980103, 1.5461041927337646, 1.5395976305007935, 1.5308659076690674, 1.5233148336410522, 1.5169527530670166, 1.5080746412277222, 1.5004953145980835, 1.4894884824752808, 1.4853626489639282, 1.477290153503418, 1.4683499336242676, 1.462707281112671, 1.4571119546890259], "accuracy": [0.19975997507572174, 0.2067488729953766, 0.22710372507572174, 0.28823888301849365, 0.2993928790092468, 0.3135353922843933, 0.31814759969711304, 0.32643070816993713, 0.33438441157341003, 0.34233811497688293, 0.3498917520046234, 0.35716304183006287, 0.3646460771560669, 0.3757294714450836, 0.38104763627052307, 0.3907897174358368, 0.39639025926589966, 0.4014730751514435, 0.40780308842658997, 0.41067394614219666, 0.4139448404312134, 0.42072194814682007, 0.425169438123703, 0.43062877655029297, 0.4373823404312134, 0.4431946575641632, 0.4448418617248535, 0.4545133709907532, 0.4598785638809204, 0.46507906913757324, 0.4707266688346863], "val_loss": [8.79725456237793, 5.406094551086426, 3.970485210418701, 3.205883026123047, 2.720646619796753, 2.3777718544006348, 2.1387219429016113, 1.9712384939193726, 1.858236312866211, 1.7765308618545532, 1.7209287881851196, 1.6813900470733643, 1.6455132961273193, 1.6308625936508179, 1.6127521991729736, 1.5992393493652344, 1.5949279069900513, 1.5858674049377441, 1.5860687494277954, 1.5846397876739502, 1.5761439800262451, 1.582024335861206, 1.5892821550369263, 1.5867217779159546, 1.5913441181182861, 1.5987032651901245, 1.6014541387557983, 1.5892658233642578, 1.6064294576644897, 1.615304708480835, 1.6551767587661743], "val_accuracy": [0.21435546875, 0.21542969346046448, 0.25117188692092896, 0.27607423067092896, 0.2964843809604645, 0.31865233182907104, 0.33056640625, 0.34052735567092896, 0.34990233182907104, 0.3543945252895355, 0.3607421815395355, 0.36474609375, 0.3758789002895355, 0.36591798067092896, 0.373046875, 0.37470704317092896, 0.3785156309604645, 0.38232421875, 0.38115233182907104, 0.38066405057907104, 0.38701170682907104, 0.38457030057907104, 0.380859375, 0.3838867247104645, 0.3829101622104645, 0.3794921934604645, 0.38349610567092896, 0.39326173067092896, 0.38720703125, 0.38701170682907104, 0.3687500059604645]}