{"loss": [12.857217788696289, 8.166147232055664, 5.487188339233398, 3.892796516418457, 2.9955873489379883, 2.4786996841430664, 2.1508240699768066, 1.9236843585968018, 1.7682921886444092, 1.6447832584381104, 1.5470852851867676, 1.4585038423538208, 1.3993250131607056, 1.3402578830718994, 1.2115432024002075, 1.1868007183074951, 1.1079756021499634, 1.077674150466919, 0.9915242791175842, 0.9206276535987854, 0.8571388721466064, 0.906580924987793], "accuracy": [0.20347797870635986, 0.2095726728439331, 0.2103256732225418, 0.2656485438346863, 0.31301769614219666, 0.3414909541606903, 0.3624105751514435, 0.3881071209907532, 0.4054734706878662, 0.4310758709907532, 0.45456042885780334, 0.4827277958393097, 0.4944230020046234, 0.515836775302887, 0.5783838629722595, 0.5860080718994141, 0.6183170080184937, 0.6313300132751465, 0.6670745611190796, 0.7024661302566528, 0.7280685305595398, 0.7030544281005859], "val_loss": [10.05850601196289, 6.560115814208984, 4.587826728820801, 3.4155163764953613, 2.7246365547180176, 2.3114843368530273, 2.0302939414978027, 1.852417230606079, 1.7509924173355103, 1.6812366247177124, 1.6422086954116821, 1.632642149925232, 1.6487245559692383, 1.6683995723724365, 1.7511686086654663, 1.8289241790771484, 1.8888355493545532, 1.9511051177978516, 2.1396002769470215, 2.1994662284851074, 2.205491304397583, 2.0578503608703613], "val_accuracy": [0.20781250298023224, 0.20781250298023224, 0.22675780951976776, 0.2720703184604645, 0.3184570372104645, 0.34062498807907104, 0.37060546875, 0.3798828125, 0.38359373807907104, 0.39423829317092896, 0.3956054747104645, 0.39189451932907104, 0.37724608182907104, 0.3682617247104645, 0.3773437440395355, 0.3701171875, 0.3531250059604645, 0.3495117127895355, 0.34052735567092896, 0.3534179627895355, 0.36005860567092896, 0.35419923067092896]}