{"loss": [12.536879539489746, 6.899880886077881, 4.6501359939575195, 3.5837788581848145, 2.9020161628723145, 2.50280499458313, 2.2335429191589355, 2.0427582263946533, 1.9097392559051514, 1.8165123462677002, 1.7484639883041382, 1.6994197368621826, 1.663901686668396, 1.6326876878738403, 1.610936164855957, 1.5936546325683594, 1.5773627758026123, 1.566349983215332, 1.5527011156082153, 1.5441697835922241, 1.5353436470031738, 1.5309584140777588, 1.523166298866272, 1.5156768560409546, 1.5107731819152832, 1.5024317502975464, 1.4956172704696655, 1.4926005601882935, 1.486938238143921, 1.4824236631393433, 1.4710683822631836, 1.4657738208770752, 1.4584994316101074], "accuracy": [0.1984892636537552, 0.2068665325641632, 0.2119728922843933, 0.22999811172485352, 0.28746235370635986, 0.30292263627052307, 0.3081701695919037, 0.3206184208393097, 0.32972514629364014, 0.3365257978439331, 0.3436087965965271, 0.35102126002311707, 0.3566924035549164, 0.3659873902797699, 0.3730704188346863, 0.37805911898612976, 0.3881777226924896, 0.392578125, 0.40020236372947693, 0.4044145345687866, 0.40813252329826355, 0.41053274273872375, 0.4155449867248535, 0.4231221675872803, 0.4224397540092468, 0.42947572469711304, 0.4342291057109833, 0.4390060305595398, 0.44390061497688293, 0.44688913226127625, 0.4510542154312134, 0.4573136270046234, 0.4616434574127197], "val_loss": [8.84417724609375, 5.442049980163574, 4.017688751220703, 3.2171521186828613, 2.7021117210388184, 2.3644726276397705, 2.129033088684082, 1.9626433849334717, 1.848827600479126, 1.774969458580017, 1.719202995300293, 1.6777198314666748, 1.6512272357940674, 1.6212666034698486, 1.6120750904083252, 1.595624327659607, 1.5848549604415894, 1.5752723217010498, 1.573870062828064, 1.5673704147338867, 1.5677411556243896, 1.5636107921600342, 1.5626174211502075, 1.564227819442749, 1.5657453536987305, 1.5668587684631348, 1.5689144134521484, 1.5729906558990479, 1.5788148641586304, 1.5739165544509888, 1.5787861347198486, 1.58283531665802, 1.5941232442855835], "val_accuracy": [0.20888671278953552, 0.21064452826976776, 0.21513672173023224, 0.26103514432907104, 0.2972656190395355, 0.3128906190395355, 0.32548826932907104, 0.3365234434604645, 0.3428710997104645, 0.3394531309604645, 0.34394532442092896, 0.34833985567092896, 0.35234373807907104, 0.36591798067092896, 0.36347657442092896, 0.37226563692092896, 0.3797851502895355, 0.3853515684604645, 0.38359373807907104, 0.38994139432907104, 0.38837891817092896, 0.3895507752895355, 0.3916015625, 0.39501953125, 0.3954101502895355, 0.3974609375, 0.3978515565395355, 0.3951171934604645, 0.39501953125, 0.3955078125, 0.3973632752895355, 0.39873045682907104, 0.3936523497104645]}