{"loss": [40.651283264160156, 18.841022491455078, 11.649446487426758, 8.330657005310059, 6.250321865081787, 4.807149410247803, 3.7911717891693115, 3.080833911895752, 2.590557813644409, 2.254808187484741, 2.030731439590454, 1.881101131439209, 1.7833997011184692, 1.719430923461914, 1.6794884204864502, 1.6529324054718018, 1.6358062028884888, 1.624266505241394, 1.6172527074813843, 1.611962914466858, 1.608425259590149, 1.6058495044708252, 1.6038625240325928, 1.6019811630249023, 1.5994924306869507, 1.5997064113616943, 1.5976154804229736, 1.5967401266098022, 1.5945940017700195, 1.5951555967330933, 1.593491554260254, 1.5926063060760498, 1.5923274755477905, 1.5911484956741333, 1.5914994478225708, 1.5900013446807861, 1.5893813371658325, 1.5893110036849976, 1.5870507955551147, 1.5888067483901978, 1.5883365869522095, 1.5873843431472778, 1.5864993333816528, 1.5864702463150024, 1.5864750146865845, 1.5850727558135986, 1.585585594177246, 1.5857305526733398, 1.585027813911438, 1.5832220315933228, 1.5833100080490112, 1.5841022729873657, 1.5836317539215088, 1.5829145908355713, 1.5831936597824097, 1.5817433595657349, 1.5812798738479614, 1.5809061527252197, 1.5814692974090576, 1.5811964273452759, 1.5814416408538818, 1.5814920663833618, 1.5811210870742798, 1.580047369003296, 1.5798125267028809, 1.5798757076263428, 1.5790092945098877, 1.579717755317688, 1.579267144203186, 1.578853726387024, 1.578245997428894, 1.578769326210022, 1.5779657363891602, 1.578431248664856, 1.5773695707321167, 1.5781316757202148, 1.5771491527557373, 1.576957106590271, 1.5767748355865479, 1.57642662525177, 1.5764206647872925, 1.5761146545410156, 1.5744755268096924, 1.575671672821045, 1.5751079320907593, 1.5746632814407349, 1.5752969980239868, 1.5751631259918213, 1.5736345052719116], "accuracy": [0.2954160273075104, 0.3224303424358368, 0.3302428424358368, 0.33198419213294983, 0.33358433842658997, 0.3341020345687866, 0.3369728922843933, 0.3359375, 0.33765530586242676, 0.3377494215965271, 0.33678463101387024, 0.33509036898612976, 0.3388083577156067, 0.3389495611190796, 0.3390672206878662, 0.3402908444404602, 0.34003201127052307, 0.33883190155029297, 0.3386200964450836, 0.3414909541606903, 0.3409026861190796, 0.3413732945919037, 0.3413262367248535, 0.34278520941734314, 0.3408791422843933, 0.3418204188346863, 0.3419380784034729, 0.34158509969711304, 0.34231457114219666, 0.3440794348716736, 0.3429734706878662, 0.3440794348716736, 0.34320876002311707, 0.3447853922843933, 0.3440794348716736, 0.3449501097202301, 0.34323230385780334, 0.3448089361190796, 0.3443853557109833, 0.34339702129364014, 0.34560900926589966, 0.34549134969711304, 0.34636202454566956, 0.34382060170173645, 0.347044438123703, 0.3449736535549164, 0.3461737632751465, 0.3452560305595398, 0.3469032347202301, 0.3460090458393097, 0.34551486372947693, 0.346314936876297, 0.34579724073410034, 0.3481033444404602, 0.3461502194404602, 0.34744447469711304, 0.3485269248485565, 0.3477739095687866, 0.34697383642196655, 0.3462678790092468, 0.34713855385780334, 0.3467855751514435, 0.34680911898612976, 0.34739741683006287, 0.34909167885780334, 0.3465973138809204, 0.35057416558265686, 0.34770330786705017, 0.3490210771560669, 0.3491152226924896, 0.3482916057109833, 0.3500800132751465, 0.35043299198150635, 0.35252729058265686, 0.35071536898612976, 0.3510918617248535, 0.35222139954566956, 0.3520095944404602, 0.3509742021560669, 0.35182133316993713, 0.3525978922843933, 0.3517037034034729, 0.35196253657341003, 0.3514212965965271, 0.3518448770046234, 0.35283321142196655, 0.35132718086242676, 0.35330384969711304, 0.35356268286705017], "val_loss": [25.57261848449707, 14.168630599975586, 9.694835662841797, 7.150913238525391, 5.424912452697754, 4.2155351638793945, 3.369504928588867, 2.7823681831359863, 2.378570556640625, 2.1078104972839355, 1.9265426397323608, 1.8065006732940674, 1.729669213294983, 1.6791601181030273, 1.647580862045288, 1.6267906427383423, 1.6135374307632446, 1.6057361364364624, 1.5990502834320068, 1.5942498445510864, 1.591699242591858, 1.5891778469085693, 1.5873630046844482, 1.5864262580871582, 1.583824634552002, 1.5839433670043945, 1.5825374126434326, 1.581852674484253, 1.5810047388076782, 1.5809417963027954, 1.580105185508728, 1.579071044921875, 1.578996181488037, 1.5779571533203125, 1.578493595123291, 1.5778748989105225, 1.5769156217575073, 1.5763864517211914, 1.5772169828414917, 1.5754194259643555, 1.5743557214736938, 1.5759479999542236, 1.5749768018722534, 1.5750638246536255, 1.5731115341186523, 1.5730741024017334, 1.5735890865325928, 1.5738024711608887, 1.5736699104309082, 1.5726604461669922, 1.5731585025787354, 1.5725642442703247, 1.571955919265747, 1.5721527338027954, 1.5726807117462158, 1.5722581148147583, 1.572188138961792, 1.5719950199127197, 1.572801947593689, 1.5714179277420044, 1.5715606212615967, 1.5716125965118408, 1.5707242488861084, 1.5711270570755005, 1.5714095830917358, 1.570688009262085, 1.570513367652893, 1.5709222555160522, 1.5704387426376343, 1.5705684423446655, 1.569793939590454, 1.570557713508606, 1.5692951679229736, 1.569348692893982, 1.5699869394302368, 1.569711446762085, 1.5693382024765015, 1.5688607692718506, 1.568629503250122, 1.5689105987548828, 1.569282054901123, 1.5690789222717285, 1.568577766418457, 1.5691791772842407, 1.569316029548645, 1.5689990520477295, 1.5696030855178833, 1.5688011646270752, 1.5692864656448364], "val_accuracy": [0.25224608182907104, 0.28857421875, 0.3255859315395355, 0.3426757752895355, 0.34814453125, 0.34892576932907104, 0.34912109375, 0.3495117127895355, 0.3519531190395355, 0.35234373807907104, 0.35185545682907104, 0.35332030057907104, 0.35107421875, 0.35175782442092896, 0.35322266817092896, 0.3514648377895355, 0.35126954317092896, 0.35185545682907104, 0.3525390625, 0.3524414002895355, 0.35322266817092896, 0.35283201932907104, 0.35371094942092896, 0.3525390625, 0.3519531190395355, 0.3519531190395355, 0.3541015684604645, 0.3521484434604645, 0.3521484434604645, 0.35273438692092896, 0.3539062440395355, 0.3534179627895355, 0.35273438692092896, 0.3541015684604645, 0.35546875, 0.3539062440395355, 0.353515625, 0.3534179627895355, 0.35380858182907104, 0.35478514432907104, 0.3543945252895355, 0.3550781309604645, 0.35429686307907104, 0.35400390625, 0.3541015684604645, 0.3550781309604645, 0.3560546934604645, 0.3545898497104645, 0.35595703125, 0.35527342557907104, 0.35371094942092896, 0.3553710877895355, 0.3536132872104645, 0.3543945252895355, 0.35673826932907104, 0.35624998807907104, 0.35546875, 0.35615235567092896, 0.3555664122104645, 0.35624998807907104, 0.3558593690395355, 0.3548828065395355, 0.35576170682907104, 0.35478514432907104, 0.3548828065395355, 0.35546875, 0.3548828065395355, 0.35478514432907104, 0.35527342557907104, 0.35400390625, 0.35527342557907104, 0.3545898497104645, 0.3558593690395355, 0.35517579317092896, 0.35478514432907104, 0.35478514432907104, 0.35478514432907104, 0.35624998807907104, 0.35624998807907104, 0.35478514432907104, 0.3541015684604645, 0.35468751192092896, 0.35664063692092896, 0.35527342557907104, 0.35371094942092896, 0.35478514432907104, 0.3545898497104645, 0.3545898497104645, 0.35468751192092896]}