{"loss": [12.174484252929688, 6.576726913452148, 4.514694690704346, 3.551048517227173, 2.974421739578247, 2.583949327468872, 2.311356782913208, 2.114215135574341, 1.976534366607666, 1.8772776126861572, 1.8067606687545776, 1.755900502204895, 1.7207257747650146, 1.6944267749786377, 1.6757228374481201, 1.6606422662734985, 1.6507798433303833, 1.6435818672180176, 1.6381971836090088, 1.6316500902175903, 1.6280876398086548, 1.6235445737838745, 1.6204369068145752, 1.6179850101470947, 1.614292025566101, 1.612557053565979, 1.6110340356826782, 1.6074066162109375, 1.6040445566177368, 1.6044962406158447, 1.6014173030853271], "accuracy": [0.22110316157341003, 0.2768731117248535, 0.2895566523075104, 0.29318052530288696, 0.2967102825641632, 0.3053228557109833, 0.3137001097202301, 0.31452372670173645, 0.3159591555595398, 0.3176299035549164, 0.32068899273872375, 0.32426580786705017, 0.32323041558265686, 0.3268778324127197, 0.32701900601387024, 0.3315841555595398, 0.3335372805595398, 0.3338667154312134, 0.33767884969711304, 0.34127917885780334, 0.3422204554080963, 0.34323230385780334, 0.34596195816993713, 0.348997563123703, 0.3501035273075104, 0.35160955786705017, 0.3584808111190796, 0.3604339361190796, 0.3638695478439331, 0.36697572469711304, 0.3727409541606903], "val_loss": [8.417540550231934, 5.255436897277832, 3.9291908740997314, 3.205859422683716, 2.7388176918029785, 2.416346549987793, 2.187772750854492, 2.025651693344116, 1.9108136892318726, 1.8284330368041992, 1.7712218761444092, 1.7308025360107422, 1.7021089792251587, 1.6841055154800415, 1.6697895526885986, 1.6605637073516846, 1.6538699865341187, 1.650339126586914, 1.6452560424804688, 1.6450321674346924, 1.6431310176849365, 1.644884467124939, 1.6456031799316406, 1.645630121231079, 1.653225302696228, 1.652510643005371, 1.6551443338394165, 1.6601104736328125, 1.6680959463119507, 1.6754567623138428, 1.6795133352279663], "val_accuracy": [0.24160155653953552, 0.29296875, 0.3057617247104645, 0.3115234375, 0.31396484375, 0.31660157442092896, 0.3204101622104645, 0.3207031190395355, 0.3231445252895355, 0.3251953125, 0.32353514432907104, 0.3262695372104645, 0.3251953125, 0.3275390565395355, 0.3251953125, 0.32880860567092896, 0.33056640625, 0.33085936307907104, 0.33349609375, 0.32958984375, 0.3299804627895355, 0.3324218690395355, 0.33281248807907104, 0.3330078125, 0.3301757872104645, 0.33544921875, 0.3338867127895355, 0.3326171934604645, 0.33222657442092896, 0.3299804627895355, 0.3301757872104645]}