{"loss": [40.670005798339844, 18.862119674682617, 11.669769287109375, 8.346874237060547, 6.2653021812438965, 4.821015357971191, 3.8016445636749268, 3.088918685913086, 2.5966525077819824, 2.2598273754119873, 2.033839225769043, 1.8839887380599976, 1.7852650880813599, 1.72113037109375, 1.6793785095214844, 1.6534491777420044, 1.6368000507354736, 1.6260870695114136, 1.6173112392425537, 1.6123449802398682, 1.6090158224105835, 1.6059556007385254, 1.6029767990112305, 1.6010030508041382, 1.600512981414795, 1.5987120866775513, 1.5968645811080933, 1.5964298248291016, 1.5950618982315063, 1.5943320989608765, 1.5931938886642456, 1.593753695487976, 1.59139883518219, 1.5906175374984741, 1.590327262878418, 1.5910413265228271, 1.5891560316085815, 1.5888875722885132, 1.5883409976959229, 1.588373064994812, 1.5874793529510498, 1.5871721506118774, 1.5866352319717407, 1.5860931873321533, 1.5859224796295166, 1.5848361253738403, 1.5840047597885132, 1.5852566957473755, 1.5842174291610718, 1.5842816829681396, 1.5835462808609009, 1.5833516120910645, 1.582884430885315, 1.5831019878387451, 1.5824707746505737, 1.5821540355682373, 1.581528663635254, 1.5816084146499634, 1.581146478652954, 1.5809729099273682, 1.5810760259628296, 1.5801591873168945, 1.5800411701202393, 1.5800526142120361, 1.5804948806762695, 1.5802570581436157, 1.579377293586731, 1.57973051071167, 1.578626275062561, 1.5782952308654785, 1.5784416198730469, 1.5791438817977905, 1.5786956548690796, 1.5785529613494873, 1.577729344367981, 1.5772955417633057, 1.5775539875030518, 1.5769768953323364, 1.5768353939056396], "accuracy": [0.29527485370635986, 0.3231362998485565, 0.3274896442890167, 0.3289015293121338, 0.3332078456878662, 0.33464327454566956, 0.3348550498485565, 0.3368081748485565, 0.33619633316993713, 0.33824360370635986, 0.33767884969711304, 0.33767884969711304, 0.33916133642196655, 0.3403143882751465, 0.3405497074127197, 0.34007906913757324, 0.3393495976924896, 0.3416321575641632, 0.3397025465965271, 0.3422910273075104, 0.3402673304080963, 0.3410674035549164, 0.341796875, 0.3425498902797699, 0.3434440791606903, 0.3420792520046234, 0.3419145345687866, 0.3434440791606903, 0.34262049198150635, 0.3445265293121338, 0.34306758642196655, 0.34349116683006287, 0.34259694814682007, 0.34469127655029297, 0.3439147174358368, 0.34379705786705017, 0.3434440791606903, 0.34457361698150635, 0.3476797938346863, 0.34398531913757324, 0.34382060170173645, 0.34443241357803345, 0.3449736535549164, 0.34563252329826355, 0.3441970944404602, 0.34669145941734314, 0.34685617685317993, 0.3453736901283264, 0.34591490030288696, 0.3452560305595398, 0.34739741683006287, 0.34596195816993713, 0.34744447469711304, 0.34895047545433044, 0.34784451127052307, 0.34655025601387024, 0.3485739827156067, 0.3485739827156067, 0.348268061876297, 0.3491152226924896, 0.34772685170173645, 0.34758564829826355, 0.34951525926589966, 0.34939759969711304, 0.3491622805595398, 0.34951525926589966, 0.34923288226127625, 0.34923288226127625, 0.3487151861190796, 0.352903813123703, 0.35071536898612976, 0.35073888301849365, 0.35029178857803345, 0.34880930185317993, 0.3508565425872803, 0.35120952129364014, 0.3517037034034729, 0.35196253657341003, 0.35146838426589966], "val_loss": [25.590473175048828, 14.186429023742676, 9.710260391235352, 7.1655778884887695, 5.438653469085693, 4.2280120849609375, 3.3783600330352783, 2.7891993522644043, 2.3850440979003906, 2.1114342212677, 1.9293733835220337, 1.8091809749603271, 1.7306709289550781, 1.680014967918396, 1.6475896835327148, 1.6274652481079102, 1.6143652200698853, 1.60556960105896, 1.5997432470321655, 1.5959089994430542, 1.5918749570846558, 1.589825987815857, 1.5873461961746216, 1.5866897106170654, 1.5848369598388672, 1.5839067697525024, 1.5830742120742798, 1.581488847732544, 1.581587553024292, 1.5814054012298584, 1.5804057121276855, 1.579363226890564, 1.5797536373138428, 1.5790886878967285, 1.5785449743270874, 1.5782082080841064, 1.5776987075805664, 1.5769660472869873, 1.5770413875579834, 1.5761759281158447, 1.5758085250854492, 1.576277494430542, 1.5757088661193848, 1.5763691663742065, 1.5746150016784668, 1.5743889808654785, 1.573634386062622, 1.5742473602294922, 1.5742430686950684, 1.5737147331237793, 1.574249029159546, 1.5727864503860474, 1.573435664176941, 1.572919249534607, 1.5731327533721924, 1.572696566581726, 1.5722399950027466, 1.5728414058685303, 1.572198748588562, 1.5734379291534424, 1.57234787940979, 1.5724231004714966, 1.5722070932388306, 1.5713368654251099, 1.5710704326629639, 1.5720629692077637, 1.5731260776519775, 1.5716240406036377, 1.570807933807373, 1.5722931623458862, 1.5718445777893066, 1.5713732242584229, 1.5714280605316162, 1.5714480876922607, 1.5720361471176147, 1.5710256099700928, 1.5712225437164307, 1.5721395015716553, 1.5721349716186523], "val_accuracy": [0.2508789002895355, 0.2974609434604645, 0.3267578184604645, 0.34003907442092896, 0.3485351502895355, 0.3486328125, 0.3499999940395355, 0.35205078125, 0.3525390625, 0.3524414002895355, 0.3514648377895355, 0.35371094942092896, 0.3515625, 0.35087889432907104, 0.35234373807907104, 0.3543945252895355, 0.3516601622104645, 0.35302734375, 0.35371094942092896, 0.3545898497104645, 0.35283201932907104, 0.3536132872104645, 0.3539062440395355, 0.35283201932907104, 0.35371094942092896, 0.35419923067092896, 0.3531250059604645, 0.35380858182907104, 0.353515625, 0.3543945252895355, 0.35429686307907104, 0.35380858182907104, 0.35498046875, 0.3525390625, 0.353515625, 0.35595703125, 0.35566407442092896, 0.3553710877895355, 0.35400390625, 0.35478514432907104, 0.353515625, 0.3558593690395355, 0.3575195372104645, 0.35595703125, 0.3565429747104645, 0.35546875, 0.3548828065395355, 0.3568359315395355, 0.35527342557907104, 0.3545898497104645, 0.3558593690395355, 0.35595703125, 0.3563476502895355, 0.3548828065395355, 0.35624998807907104, 0.3560546934604645, 0.3553710877895355, 0.35615235567092896, 0.3555664122104645, 0.3563476502895355, 0.3558593690395355, 0.35478514432907104, 0.35546875, 0.3573242127895355, 0.35576170682907104, 0.3565429747104645, 0.3558593690395355, 0.3563476502895355, 0.35576170682907104, 0.35576170682907104, 0.35595703125, 0.35624998807907104, 0.35380858182907104, 0.35527342557907104, 0.3543945252895355, 0.3545898497104645, 0.35527342557907104, 0.35576170682907104, 0.35595703125]}