{"loss": [12.209718704223633, 6.618004322052002, 4.549507141113281, 3.5756938457489014, 2.992612838745117, 2.5993497371673584, 2.322382926940918, 2.1238129138946533, 1.9820152521133423, 1.8805426359176636, 1.807655930519104, 1.755703091621399, 1.7167330980300903, 1.6917446851730347, 1.6710315942764282, 1.6581143140792847, 1.646463394165039, 1.6383142471313477, 1.6321574449539185, 1.6254299879074097, 1.6213645935058594, 1.6173722743988037, 1.6135644912719727, 1.6104756593704224, 1.6094567775726318, 1.605746865272522, 1.602895736694336, 1.6026248931884766, 1.6000375747680664, 1.597713589668274, 1.5947296619415283, 1.5937384366989136, 1.5906442403793335], "accuracy": [0.21536144614219666, 0.2746140956878662, 0.2926628291606903, 0.300169438123703, 0.3078172206878662, 0.31092336773872375, 0.31755930185317993, 0.31826525926589966, 0.3195594847202301, 0.3213949501514435, 0.32711315155029297, 0.32490116357803345, 0.32986634969711304, 0.3305252194404602, 0.33499622344970703, 0.3359375, 0.3353021442890167, 0.33918485045433044, 0.34219691157341003, 0.3437264561653137, 0.3456795811653137, 0.34655025601387024, 0.34909167885780334, 0.35297438502311707, 0.35271555185317993, 0.3587867021560669, 0.3593514561653137, 0.3608574867248535, 0.36737576127052307, 0.36939945816993713, 0.3739175498485565, 0.37688252329826355, 0.3794004023075104], "val_loss": [8.474298477172852, 5.310239791870117, 3.97039794921875, 3.236379623413086, 2.758761167526245, 2.4329898357391357, 2.198509931564331, 2.035121440887451, 1.9189811944961548, 1.834285020828247, 1.774740219116211, 1.7333122491836548, 1.7039785385131836, 1.6811797618865967, 1.668473243713379, 1.6599197387695312, 1.6505343914031982, 1.6483266353607178, 1.640937089920044, 1.6406919956207275, 1.6362072229385376, 1.638893485069275, 1.6357851028442383, 1.6422713994979858, 1.642066240310669, 1.6420238018035889, 1.6445205211639404, 1.6488702297210693, 1.6577327251434326, 1.6600630283355713, 1.6644363403320312, 1.6688600778579712, 1.680281400680542], "val_accuracy": [0.2542968690395355, 0.29521483182907104, 0.3082031309604645, 0.31962889432907104, 0.3208984434604645, 0.3177734315395355, 0.3228515684604645, 0.32294923067092896, 0.32441407442092896, 0.326171875, 0.32587891817092896, 0.32490235567092896, 0.32392579317092896, 0.3285156190395355, 0.32763671875, 0.32792967557907104, 0.33027344942092896, 0.3277343809604645, 0.3282226622104645, 0.32929688692092896, 0.333984375, 0.33125001192092896, 0.3314453065395355, 0.3296875059604645, 0.33330076932907104, 0.3345703184604645, 0.33515626192092896, 0.33515626192092896, 0.3324218690395355, 0.3330078125, 0.3353515565395355, 0.3338867127895355, 0.33232420682907104]}