{"loss": [40.62181854248047, 18.831008911132812, 11.65620231628418, 8.337666511535645, 6.256504058837891, 4.811254501342773, 3.792391538619995, 3.081315279006958, 2.5902366638183594, 2.2546205520629883, 2.0288853645324707, 1.879638910293579, 1.7832121849060059, 1.7180771827697754, 1.6778478622436523, 1.6518361568450928, 1.635195255279541, 1.6235562562942505, 1.6167418956756592, 1.61127769947052, 1.6070209741592407, 1.6046397686004639, 1.603033185005188, 1.5999027490615845, 1.5997059345245361, 1.597744345664978, 1.5959858894348145, 1.5960770845413208, 1.595366358757019, 1.5948668718338013, 1.5929532051086426, 1.5931562185287476, 1.5920783281326294, 1.5908620357513428, 1.5905476808547974, 1.5894805192947388, 1.5885816812515259, 1.5885803699493408, 1.5876045227050781, 1.5872198343276978, 1.5877888202667236, 1.586790680885315, 1.5856716632843018, 1.5860154628753662, 1.5850324630737305, 1.5844652652740479, 1.5853767395019531, 1.5849168300628662, 1.5837130546569824, 1.5846879482269287, 1.5834637880325317, 1.5834852457046509, 1.5835845470428467, 1.582741618156433, 1.5825269222259521, 1.582328200340271, 1.5825554132461548, 1.580924391746521, 1.5825726985931396, 1.5821166038513184, 1.5811882019042969, 1.5811676979064941, 1.5811022520065308, 1.579979419708252, 1.5806156396865845, 1.5806931257247925, 1.5799106359481812, 1.5782769918441772, 1.579545497894287, 1.5793490409851074, 1.5799570083618164, 1.5787895917892456, 1.5788965225219727, 1.5782825946807861, 1.577505111694336, 1.5772929191589355, 1.5781446695327759, 1.5775516033172607, 1.576952338218689, 1.5770124197006226, 1.5773521661758423, 1.57688570022583, 1.576346516609192, 1.5766651630401611, 1.5755021572113037, 1.575810432434082, 1.576073169708252], "accuracy": [0.2950630784034729, 0.3221479654312134, 0.32803088426589966, 0.32803088426589966, 0.33212536573410034, 0.33612576127052307, 0.3362669348716736, 0.3373023271560669, 0.336549311876297, 0.33749058842658997, 0.33796122670173645, 0.33991435170173645, 0.33918485045433044, 0.34036144614219666, 0.33857303857803345, 0.33946725726127625, 0.3426910638809204, 0.34022024273872375, 0.3397260904312134, 0.3418204188346863, 0.34280872344970703, 0.3444559574127197, 0.34113797545433044, 0.34294992685317993, 0.3421027958393097, 0.3416556715965271, 0.3427146077156067, 0.3440323770046234, 0.34259694814682007, 0.34200865030288696, 0.34485599398612976, 0.34351468086242676, 0.34367939829826355, 0.34490305185317993, 0.3440794348716736, 0.3428322672843933, 0.34455007314682007, 0.3450677692890167, 0.34393826127052307, 0.34471479058265686, 0.34502071142196655, 0.34504422545433044, 0.3448324501514435, 0.3458443284034729, 0.3464561402797699, 0.3469032347202301, 0.3452089726924896, 0.34575018286705017, 0.34652674198150635, 0.3481504023075104, 0.34593844413757324, 0.34664440155029297, 0.34697383642196655, 0.34610316157341003, 0.3487151861190796, 0.3477739095687866, 0.34516188502311707, 0.34680911898612976, 0.34589138627052307, 0.3481033444404602, 0.3473738729953766, 0.3489740192890167, 0.3481033444404602, 0.3491857945919037, 0.3498917520046234, 0.3479386270046234, 0.3483857214450836, 0.34953877329826355, 0.3494681715965271, 0.34965643286705017, 0.3503388464450836, 0.35000941157341003, 0.34953877329826355, 0.3510683476924896, 0.3498917520046234, 0.35116246342658997, 0.3510683476924896, 0.3509742021560669, 0.35135072469711304, 0.35026827454566956, 0.3509271442890167, 0.35071536898612976, 0.35208019614219666, 0.35102126002311707, 0.35356268286705017, 0.3525978922843933, 0.3517272174358368], "val_loss": [25.540998458862305, 14.167793273925781, 9.699522018432617, 7.155947208404541, 5.430663585662842, 4.218033790588379, 3.370913028717041, 2.7834341526031494, 2.3790266513824463, 2.106363296508789, 1.9250625371932983, 1.8053171634674072, 1.7281310558319092, 1.6769291162490845, 1.6459341049194336, 1.6261507272720337, 1.6122767925262451, 1.6036376953125, 1.597604751586914, 1.5946342945098877, 1.5909903049468994, 1.5892348289489746, 1.5878136157989502, 1.5846128463745117, 1.5846714973449707, 1.5844618082046509, 1.5828912258148193, 1.582683801651001, 1.5816866159439087, 1.5811759233474731, 1.5794601440429688, 1.5796456336975098, 1.580268383026123, 1.57938814163208, 1.5781195163726807, 1.578052282333374, 1.57753324508667, 1.5774365663528442, 1.5781420469284058, 1.5769258737564087, 1.576324701309204, 1.5769073963165283, 1.576067566871643, 1.5752497911453247, 1.5750480890274048, 1.5750548839569092, 1.5756206512451172, 1.575260877609253, 1.575282335281372, 1.5761439800262451, 1.5739635229110718, 1.5743467807769775, 1.5747106075286865, 1.5746583938598633, 1.5753059387207031, 1.5737382173538208, 1.574319839477539, 1.5742040872573853, 1.574049949645996, 1.5739401578903198, 1.5730834007263184, 1.574544072151184, 1.5734336376190186, 1.573545217514038, 1.573462963104248, 1.5733871459960938, 1.5727986097335815, 1.5727711915969849, 1.5726494789123535, 1.5729138851165771, 1.5723044872283936, 1.5719584226608276, 1.5729199647903442, 1.5725764036178589, 1.5720053911209106, 1.5719754695892334, 1.5715253353118896, 1.5724248886108398, 1.571829080581665, 1.5720651149749756, 1.5724817514419556, 1.5733671188354492, 1.5722734928131104, 1.5723038911819458, 1.5727605819702148, 1.5724276304244995, 1.5725618600845337], "val_accuracy": [0.26093751192092896, 0.30195313692092896, 0.33369141817092896, 0.34404295682907104, 0.34912109375, 0.3505859375, 0.3499999940395355, 0.3499999940395355, 0.35107421875, 0.3505859375, 0.35224610567092896, 0.349609375, 0.3534179627895355, 0.3525390625, 0.35380858182907104, 0.3524414002895355, 0.35234373807907104, 0.3521484434604645, 0.3521484434604645, 0.3536132872104645, 0.3514648377895355, 0.3526367247104645, 0.3516601622104645, 0.35136717557907104, 0.35234373807907104, 0.35185545682907104, 0.3521484434604645, 0.35175782442092896, 0.35205078125, 0.3514648377895355, 0.35185545682907104, 0.35234373807907104, 0.35283201932907104, 0.353515625, 0.35371094942092896, 0.35468751192092896, 0.35380858182907104, 0.3539062440395355, 0.3553710877895355, 0.3519531190395355, 0.3550781309604645, 0.35468751192092896, 0.3536132872104645, 0.3539062440395355, 0.35419923067092896, 0.35283201932907104, 0.35322266817092896, 0.35419923067092896, 0.3529296815395355, 0.35419923067092896, 0.35283201932907104, 0.3536132872104645, 0.35380858182907104, 0.3553710877895355, 0.35527342557907104, 0.3529296815395355, 0.35332030057907104, 0.35429686307907104, 0.35576170682907104, 0.35595703125, 0.35400390625, 0.3539062440395355, 0.35498046875, 0.35498046875, 0.3543945252895355, 0.35498046875, 0.3539062440395355, 0.3544921875, 0.3550781309604645, 0.353515625, 0.35576170682907104, 0.35498046875, 0.35478514432907104, 0.3544921875, 0.3550781309604645, 0.3548828065395355, 0.3539062440395355, 0.3548828065395355, 0.35322266817092896, 0.35380858182907104, 0.35332030057907104, 0.35400390625, 0.35273438692092896, 0.35371094942092896, 0.3529296815395355, 0.35371094942092896, 0.35380858182907104]}