{"loss": [12.867827415466309, 7.6225152015686035, 5.0167236328125, 3.6852099895477295, 2.897899866104126, 2.465968132019043, 2.184267997741699, 1.9902292490005493, 1.847032070159912, 1.7405469417572021, 1.6607130765914917, 1.6014397144317627, 1.5547322034835815, 1.5155835151672363, 1.4883003234863281, 1.457846999168396, 1.4305485486984253, 1.4117834568023682, 1.387581706047058, 1.3474767208099365, 1.315388560295105, 1.299523949623108, 1.280418872833252, 1.2604730129241943, 1.2205662727355957], "accuracy": [0.20048946142196655, 0.20738422870635986, 0.20754894614219666, 0.23011577129364014, 0.28717997670173645, 0.3093702793121338, 0.33092525601387024, 0.3428558111190796, 0.3590455651283264, 0.3777296543121338, 0.3914015293121338, 0.4020378291606903, 0.4163450598716736, 0.4301345944404602, 0.4392884075641632, 0.45032474398612976, 0.46479669213294983, 0.47211501002311707, 0.48637518286705017, 0.5080949068069458, 0.5244023203849792, 0.5357445478439331, 0.5432981848716736, 0.5541698336601257, 0.5756542086601257], "val_loss": [9.63267993927002, 5.999406814575195, 4.216475963592529, 3.251234769821167, 2.6669721603393555, 2.3095788955688477, 2.072216510772705, 1.9038465023040771, 1.7801929712295532, 1.6960865259170532, 1.6422770023345947, 1.6000267267227173, 1.5768667459487915, 1.5683069229125977, 1.5466078519821167, 1.5500476360321045, 1.5469573736190796, 1.5541789531707764, 1.5707180500030518, 1.6049697399139404, 1.6191418170928955, 1.6985299587249756, 1.6254940032958984, 1.6570523977279663, 1.7052946090698242], "val_accuracy": [0.20781250298023224, 0.20781250298023224, 0.20810547471046448, 0.2538085877895355, 0.3065429627895355, 0.33183592557907104, 0.3387695252895355, 0.35136717557907104, 0.3719726502895355, 0.38496094942092896, 0.3907226622104645, 0.39531248807907104, 0.3980468809604645, 0.39765626192092896, 0.40302735567092896, 0.4017578065395355, 0.40556639432907104, 0.4041992127895355, 0.4027343690395355, 0.392578125, 0.39921873807907104, 0.37626951932907104, 0.3846679627895355, 0.38525390625, 0.36738282442092896]}