{"loss": [11.419776916503906, 5.622628211975098, 3.4811007976531982, 2.534240961074829, 1.971677303314209, 1.5957589149475098, 1.3414815664291382, 1.156896948814392, 1.0301698446273804, 0.9390394687652588, 0.8717265725135803, 0.8230761885643005, 0.7892643213272095, 0.7635487914085388, 0.7407492995262146, 0.7288211584091187, 0.7120748162269592, 0.6971763372421265, 0.6890073418617249, 0.6830470561981201, 0.6738365888595581, 0.6607179641723633, 0.6467540860176086, 0.6364747881889343, 0.6267040967941284, 0.6174694299697876, 0.5959206819534302, 0.5872162580490112, 0.5763477087020874, 0.557308554649353, 0.5472826957702637], "accuracy": [0.3668619692325592, 0.5140842199325562, 0.6105685830116272, 0.6259982585906982, 0.6358724236488342, 0.6524739861488342, 0.6620442867279053, 0.6753906011581421, 0.6870876550674438, 0.6977430582046509, 0.7100694179534912, 0.7208767533302307, 0.7276041507720947, 0.7349609136581421, 0.7433810830116272, 0.747157096862793, 0.7554036378860474, 0.7636501789093018, 0.767491340637207, 0.7711154222488403, 0.7761067748069763, 0.7849826216697693, 0.7930338382720947, 0.7998263835906982, 0.8060112595558167, 0.8126736283302307, 0.8264322876930237, 0.8329427242279053, 0.839756965637207, 0.8506510257720947, 0.8575955033302307], "val_loss": [7.576399326324463, 4.368293285369873, 3.046241521835327, 2.2929208278656006, 1.805833101272583, 1.4675590991973877, 1.2369771003723145, 1.088896632194519, 0.9836562871932983, 0.9119738936424255, 0.8624931573867798, 0.8451349139213562, 0.8093939423561096, 0.7899043560028076, 0.7988631725311279, 0.7722525000572205, 0.7903597354888916, 0.7905396819114685, 0.7954943180084229, 0.7698997855186462, 0.7692844867706299, 0.7791600823402405, 0.7944087982177734, 0.7989838123321533, 0.8130481243133545, 0.8201217651367188, 0.8435415029525757, 0.8365932703018188, 0.8511101007461548, 0.8499902486801147, 0.8728391528129578], "val_accuracy": [0.3892933130264282, 0.4646661877632141, 0.5515802502632141, 0.6136363744735718, 0.6401811242103577, 0.6482599377632141, 0.6749822497367859, 0.6798650622367859, 0.6935369372367859, 0.6999289989471436, 0.7035688757896423, 0.7036576867103577, 0.7169744372367859, 0.7183061242103577, 0.7124467492103577, 0.7246981263160706, 0.7162641882896423, 0.7151988744735718, 0.7134233117103577, 0.7270063757896423, 0.7289595007896423, 0.7269176244735718, 0.7212358117103577, 0.7201704382896423, 0.7191938757896423, 0.7154651880264282, 0.7125355005264282, 0.7174183130264282, 0.7159978747367859, 0.7194602489471436, 0.7154651880264282]}