{"loss": [12.692423820495605, 8.792441368103027, 6.227072715759277, 4.569173812866211, 3.431227445602417, 2.7130932807922363, 2.273057222366333, 1.9909671545028687, 1.7990837097167969, 1.6743587255477905, 1.5710300207138062, 1.497686743736267, 1.445286512374878, 1.3746912479400635, 1.3259998559951782, 1.2157385349273682, 1.1428616046905518, 1.1451891660690308, 1.114007830619812, 1.0583575963974, 0.9610949754714966, 0.9073232412338257, 0.8847493529319763], "accuracy": [0.19964231550693512, 0.20816077291965485, 0.20860786736011505, 0.21653802692890167, 0.28059110045433044, 0.3249482214450836, 0.36064571142196655, 0.3819418251514435, 0.40180251002311707, 0.4182981848716736, 0.4399472773075104, 0.45608997344970703, 0.47063252329826355, 0.4971762001514435, 0.5168015956878662, 0.5722420811653137, 0.602786123752594, 0.5941265225410461, 0.6066218018531799, 0.6346479654312134, 0.6842761635780334, 0.7026308178901672, 0.7097609043121338], "val_loss": [10.45727252960205, 7.310725212097168, 5.269122123718262, 3.9653916358947754, 3.018204689025879, 2.4643616676330566, 2.1060969829559326, 1.9016516208648682, 1.7548229694366455, 1.6752862930297852, 1.6277120113372803, 1.6238666772842407, 1.5942771434783936, 1.6263611316680908, 1.641562819480896, 1.7205793857574463, 1.7415454387664795, 1.8643001317977905, 1.8904396295547485, 2.1340880393981934, 2.387714385986328, 2.651292085647583, 2.646111011505127], "val_accuracy": [0.20781250298023224, 0.20781250298023224, 0.20927734673023224, 0.21542969346046448, 0.32001954317092896, 0.34912109375, 0.3750976622104645, 0.3773437440395355, 0.39824217557907104, 0.39501953125, 0.40087890625, 0.3990234434604645, 0.39960938692092896, 0.3876953125, 0.39082032442092896, 0.3819335997104645, 0.38164061307907104, 0.36542969942092896, 0.36308592557907104, 0.34746092557907104, 0.33818358182907104, 0.32958984375, 0.3447265625]}