{"loss": [12.42601490020752, 6.770066738128662, 4.5602617263793945, 3.47668194770813, 2.8915505409240723, 2.5101330280303955, 2.241434097290039, 2.0555248260498047, 1.9222338199615479, 1.827147364616394, 1.75868558883667, 1.713980793952942, 1.6774104833602905, 1.6488680839538574, 1.6288237571716309, 1.6079152822494507, 1.5952277183532715, 1.5781625509262085, 1.5685886144638062, 1.5588839054107666, 1.5479379892349243, 1.543915867805481, 1.5315601825714111, 1.525573968887329, 1.5196770429611206, 1.5118999481201172, 1.5094153881072998, 1.5004762411117554, 1.493716835975647, 1.4807801246643066, 1.4715758562088013, 1.4675551652908325, 1.4590516090393066], "accuracy": [0.20060712099075317, 0.20783132314682007, 0.22312688827514648, 0.28099116683006287, 0.29725149273872375, 0.3016989827156067, 0.3165239095687866, 0.3193947672843933, 0.32457172870635986, 0.3321489095687866, 0.33899661898612976, 0.34203219413757324, 0.3454207479953766, 0.3546922206878662, 0.3633047938346863, 0.369752436876297, 0.3774472773075104, 0.38587161898612976, 0.3900367021560669, 0.395872563123703, 0.4017789959907532, 0.40420275926589966, 0.4135683476924896, 0.41761577129364014, 0.41834524273872375, 0.42241623997688293, 0.42916980385780334, 0.43425264954566956, 0.43877071142196655, 0.44867751002311707, 0.45470163226127625, 0.4573606848716736, 0.4657614827156067], "val_loss": [8.69154167175293, 5.345261096954346, 3.9485023021698, 3.1933794021606445, 2.7097201347351074, 2.3738324642181396, 2.1385462284088135, 1.9765558242797852, 1.8647187948226929, 1.7852017879486084, 1.7315422296524048, 1.690990686416626, 1.6656156778335571, 1.6460087299346924, 1.6264530420303345, 1.6072170734405518, 1.6003015041351318, 1.5865261554718018, 1.5811543464660645, 1.5815231800079346, 1.5742629766464233, 1.5719568729400635, 1.570673942565918, 1.5717546939849854, 1.5714513063430786, 1.5734601020812988, 1.5710482597351074, 1.5750939846038818, 1.5791937112808228, 1.58419930934906, 1.5916755199432373, 1.5973180532455444, 1.6094319820404053], "val_accuracy": [0.20791015028953552, 0.2109375, 0.24052734673023224, 0.2757812440395355, 0.3013671934604645, 0.31074219942092896, 0.31562501192092896, 0.32499998807907104, 0.32685548067092896, 0.3358398377895355, 0.34248048067092896, 0.3412109315395355, 0.3441406190395355, 0.34912109375, 0.35869139432907104, 0.3670898377895355, 0.37578123807907104, 0.38017576932907104, 0.38056641817092896, 0.38066405057907104, 0.38789063692092896, 0.3882812559604645, 0.39189451932907104, 0.3892578184604645, 0.38984376192092896, 0.3916992247104645, 0.39277344942092896, 0.39570313692092896, 0.3965820372104645, 0.39619141817092896, 0.3978515565395355, 0.39482420682907104, 0.39404296875]}