{"loss": [17.788436889648438, 8.836769104003906, 6.6098103523254395, 5.41740608215332, 4.695664882659912, 4.226688861846924, 3.8467655181884766, 3.5657505989074707, 3.34352707862854, 3.1573033332824707, 2.989166498184204, 2.8621878623962402, 2.750920057296753, 2.644676446914673, 2.560525894165039, 2.4785072803497314, 2.416146755218506, 2.3461830615997314, 2.2876501083374023, 2.236910581588745, 2.1920833587646484, 2.1463117599487305, 2.112765073776245, 2.071526288986206, 2.034458637237549, 1.9949555397033691, 1.8981847763061523, 1.8382567167282104, 1.796807050704956, 1.7673760652542114, 1.7383226156234741, 1.7134548425674438, 1.6930984258651733, 1.6660622358322144, 1.6485260725021362, 1.6257950067520142, 1.6070168018341064, 1.5898628234863281, 1.57113516330719, 1.555610179901123, 1.5410730838775635, 1.5292178392410278, 1.5140949487686157, 1.4967390298843384, 1.4851293563842773, 1.459335207939148, 1.4591940641403198, 1.43079674243927, 1.4118572473526, 1.387142539024353, 1.3795554637908936, 1.3517515659332275, 1.3383903503417969, 1.3219373226165771, 1.2973469495773315, 1.2883236408233643, 1.2518309354782104, 1.2551418542861938, 1.2374674081802368], "accuracy": [0.27913936972618103, 0.2938508093357086, 0.30207282304763794, 0.30336442589759827, 0.31130293011665344, 0.3070186376571655, 0.31524068117141724, 0.31574469804763794, 0.3188634216785431, 0.32645538449287415, 0.32500630617141724, 0.3255733251571655, 0.32796749472618103, 0.32680192589759827, 0.3286605477333069, 0.32793599367141724, 0.3271799385547638, 0.3291015625, 0.32844001054763794, 0.3286290466785431, 0.3291645646095276, 0.3286290466785431, 0.3291645646095276, 0.3306136727333069, 0.33266130089759827, 0.3428994417190552, 0.38539567589759827, 0.39919355511665344, 0.4066910147666931, 0.41037675738334656, 0.41179436445236206, 0.4175592362880707, 0.4189138114452362, 0.4223475158214569, 0.4209614396095276, 0.4282384216785431, 0.4297505021095276, 0.4329952001571655, 0.43781501054763794, 0.4415007531642914, 0.4438634216785431, 0.4458480477333069, 0.45240044593811035, 0.4599924385547638, 0.46307963132858276, 0.4771610498428345, 0.4755229353904724, 0.48906880617141724, 0.4994329512119293, 0.5143964290618896, 0.514868974685669, 0.5309664607048035, 0.5418031811714172, 0.5497101545333862, 0.55859375, 0.5638231039047241, 0.5849924683570862, 0.584740400314331, 0.592552900314331], "val_loss": [10.56857681274414, 7.442080497741699, 5.885856628417969, 4.996513366699219, 4.431351661682129, 4.023324489593506, 3.680532932281494, 3.441681146621704, 3.2277681827545166, 3.050258159637451, 2.9196128845214844, 2.7838263511657715, 2.693652629852295, 2.592999219894409, 2.504610538482666, 2.4274895191192627, 2.3700625896453857, 2.306981086730957, 2.247237205505371, 2.20512318611145, 2.1536943912506104, 2.1205661296844482, 2.0791194438934326, 2.0434253215789795, 2.0053884983062744, 1.9100995063781738, 1.8245149850845337, 1.7906367778778076, 1.770518183708191, 1.7456679344177246, 1.7177937030792236, 1.6966277360916138, 1.667143702507019, 1.6607149839401245, 1.6338714361190796, 1.629974365234375, 1.6092604398727417, 1.6127545833587646, 1.5883673429489136, 1.6136524677276611, 1.6201503276824951, 1.59163498878479, 1.6151329278945923, 1.6197097301483154, 1.5842698812484741, 1.5802112817764282, 1.6157945394515991, 1.585744023323059, 1.561047911643982, 1.5618995428085327, 1.6091971397399902, 1.588518500328064, 1.5905760526657104, 1.568695068359375, 2.198817253112793, 1.6183000802993774, 1.5944865942001343, 2.786435842514038, 1.6418862342834473], "val_accuracy": [0.33281248807907104, 0.33281248807907104, 0.33346354961395264, 0.33281248807907104, 0.3326822817325592, 0.33281248807907104, 0.33281248807907104, 0.33281248807907104, 0.33281248807907104, 0.33281248807907104, 0.33281248807907104, 0.33281248807907104, 0.33281248807907104, 0.33281248807907104, 0.33281248807907104, 0.33281248807907104, 0.33281248807907104, 0.33281248807907104, 0.33281248807907104, 0.33281248807907104, 0.33281248807907104, 0.33411458134651184, 0.3324218690395355, 0.33281248807907104, 0.3333333432674408, 0.3908854126930237, 0.4027343690395355, 0.41197916865348816, 0.40351563692092896, 0.3977864682674408, 0.3997395932674408, 0.3977864682674408, 0.41223958134651184, 0.39700520038604736, 0.4055989682674408, 0.3955729305744171, 0.4055989682674408, 0.3921875059604645, 0.4016927182674408, 0.36666667461395264, 0.3739583194255829, 0.4006510376930237, 0.3641926944255829, 0.35690104961395264, 0.3938802182674408, 0.3929687440395355, 0.3746093809604645, 0.3929687440395355, 0.40898436307907104, 0.4166666567325592, 0.3903645873069763, 0.4032551944255829, 0.4026041626930237, 0.4173177182674408, 0.2925781309604645, 0.4016927182674408, 0.4072916805744171, 0.22760416567325592, 0.4274739623069763]}