{"loss": [12.878284454345703, 8.187947273254395, 5.503063678741455, 3.9033496379852295, 3.0022594928741455, 2.476071357727051, 2.1411845684051514, 1.9184849262237549, 1.7633124589920044, 1.6372028589248657, 1.5424563884735107, 1.4694199562072754, 1.3914029598236084, 1.2795078754425049, 1.2362620830535889, 1.2186951637268066, 1.0831208229064941, 1.0694369077682495, 1.0059643983840942, 0.8564693927764893, 0.8435757160186768, 0.8174704313278198], "accuracy": [0.19999529421329498, 0.20785485208034515, 0.2122787982225418, 0.27557888627052307, 0.31995952129364014, 0.35240963101387024, 0.37838855385780334, 0.3963431715965271, 0.4104621708393097, 0.43573513627052307, 0.45816075801849365, 0.4739034175872803, 0.5025649666786194, 0.5541227459907532, 0.5659591555595398, 0.5657944083213806, 0.6324830651283264, 0.6363422274589539, 0.6575207114219666, 0.7341396808624268, 0.7368928790092468, 0.744140625], "val_loss": [10.082193374633789, 6.579789161682129, 4.597370147705078, 3.40464448928833, 2.736267566680908, 2.2901484966278076, 2.021294116973877, 1.856358289718628, 1.7563283443450928, 1.7193682193756104, 1.6500602960586548, 1.637216329574585, 1.6738603115081787, 1.7932500839233398, 1.806654691696167, 1.7391736507415771, 1.9512840509414673, 2.055300235748291, 2.1337850093841553, 2.2417232990264893, 2.4173855781555176, 2.622391700744629], "val_accuracy": [0.20781250298023224, 0.20781250298023224, 0.23349609971046448, 0.3094726502895355, 0.32275390625, 0.3677734434604645, 0.3799804747104645, 0.3916992247104645, 0.38847655057907104, 0.3905273377895355, 0.40058594942092896, 0.39501953125, 0.3916992247104645, 0.38330078125, 0.37617188692092896, 0.3662109375, 0.35595703125, 0.3642578125, 0.3622070252895355, 0.3505859375, 0.3226562440395355, 0.33154296875]}