{"loss": [8.849726676940918, 4.99070930480957, 3.0769855976104736, 2.2372257709503174, 1.8893063068389893, 1.7249003648757935, 1.637343406677246, 1.5885634422302246, 1.5423762798309326, 1.5147124528884888, 1.4821628332138062, 1.4584602117538452, 1.4322659969329834, 1.4045242071151733, 1.377060890197754, 1.3463298082351685, 1.3060810565948486, 1.2748349905014038, 1.2389271259307861, 1.1832884550094604, 1.1764427423477173, 1.1359329223632812], "accuracy": [0.20467808842658997, 0.21171404421329498, 0.26962536573410034, 0.31499436497688293, 0.33092525601387024, 0.3494681715965271, 0.36394014954566956, 0.37580007314682007, 0.3936370611190796, 0.4060852825641632, 0.4218985438346863, 0.43950018286705017, 0.45441922545433044, 0.470091313123703, 0.48701053857803345, 0.5036473870277405, 0.5282614827156067, 0.5470397472381592, 0.5645236968994141, 0.596644401550293, 0.6065041422843933, 0.6280356049537659], "val_loss": [6.469357490539551, 3.821768283843994, 2.626858711242676, 2.0806844234466553, 1.8333631753921509, 1.6987062692642212, 1.623608946800232, 1.5820143222808838, 1.552740216255188, 1.542966365814209, 1.5353723764419556, 1.5322717428207397, 1.5389808416366577, 1.5464357137680054, 1.5550744533538818, 1.5757533311843872, 1.644752860069275, 1.629603385925293, 1.663535714149475, 1.715325117111206, 1.7591323852539062, 1.7955005168914795], "val_accuracy": [0.20781250298023224, 0.21826171875, 0.25312501192092896, 0.3096679747104645, 0.33867186307907104, 0.35869139432907104, 0.3656249940395355, 0.37177735567092896, 0.3833984434604645, 0.39179688692092896, 0.39326173067092896, 0.39326173067092896, 0.39599609375, 0.3974609375, 0.39716798067092896, 0.3944335877895355, 0.3814453184604645, 0.38349610567092896, 0.38261717557907104, 0.3758789002895355, 0.3749023377895355, 0.3701171875]}