{"loss": [12.471460342407227, 6.8306660652160645, 4.6101226806640625, 3.5267505645751953, 2.900606632232666, 2.5131003856658936, 2.246431589126587, 2.057027816772461, 1.9233425855636597, 1.8282960653305054, 1.7582653760910034, 1.709370493888855, 1.6699450016021729, 1.6436337232589722, 1.6178392171859741, 1.5936943292617798, 1.5792763233184814, 1.567054033279419, 1.5573047399520874, 1.5480979681015015, 1.5360215902328491, 1.5289274454116821, 1.5236150026321411, 1.5146502256393433, 1.509207844734192, 1.5028953552246094, 1.4971904754638672, 1.4934295415878296, 1.4822618961334229, 1.481462001800537, 1.4715241193771362, 1.4646005630493164, 1.4588059186935425, 1.4551538228988647, 1.4453078508377075, 1.438516616821289], "accuracy": [0.19874237477779388, 0.20865091681480408, 0.21322408318519592, 0.2612185478210449, 0.2960889935493469, 0.3064500689506531, 0.31435784697532654, 0.3208841383457184, 0.32683879137039185, 0.33381763100624084, 0.34251144528388977, 0.34963318705558777, 0.35801732540130615, 0.36192357540130615, 0.3707602918148041, 0.3809308409690857, 0.389505535364151, 0.39567455649375916, 0.3986518681049347, 0.4027724862098694, 0.4077743887901306, 0.41310974955558777, 0.41870713233947754, 0.42282775044441223, 0.42551925778388977, 0.4300209581851959, 0.4335222840309143, 0.43838128447532654, 0.44407394528388977, 0.445455402135849, 0.45183879137039185, 0.45936548709869385, 0.4636766314506531, 0.4669874310493469, 0.4718940556049347, 0.4789205491542816], "val_loss": [8.771150588989258, 5.3890061378479, 3.9947845935821533, 3.20637583732605, 2.734926700592041, 2.39442777633667, 2.1554388999938965, 1.977818489074707, 1.8726756572723389, 1.7999187707901, 1.7373740673065186, 1.6966785192489624, 1.6688508987426758, 1.645047903060913, 1.614402413368225, 1.6082013845443726, 1.5928332805633545, 1.5825257301330566, 1.5785770416259766, 1.5753023624420166, 1.5766689777374268, 1.5642902851104736, 1.5707809925079346, 1.5710843801498413, 1.5672683715820312, 1.5635219812393188, 1.5661306381225586, 1.5714967250823975, 1.5794422626495361, 1.5755969285964966, 1.5842090845108032, 1.5824095010757446, 1.592360258102417, 1.598971962928772, 1.60555100440979, 1.6066213846206665], "val_accuracy": [0.20888671278953552, 0.21328124403953552, 0.21601562201976776, 0.26542967557907104, 0.2850585877895355, 0.3016601502895355, 0.3101562559604645, 0.32451170682907104, 0.32695311307907104, 0.32832032442092896, 0.3382812440395355, 0.3446289002895355, 0.3506835997104645, 0.3558593690395355, 0.3695312440395355, 0.37578123807907104, 0.3829101622104645, 0.3873046934604645, 0.3866210877895355, 0.3905273377895355, 0.39082032442092896, 0.39287108182907104, 0.39033204317092896, 0.3954101502895355, 0.3974609375, 0.39677733182907104, 0.3970703184604645, 0.39501953125, 0.39453125, 0.39697265625, 0.39501953125, 0.40068358182907104, 0.3995117247104645, 0.39794921875, 0.3968749940395355, 0.40234375]}