{"loss": [12.923280715942383, 8.962632179260254, 6.285590648651123, 4.604300498962402, 3.5379908084869385, 2.8596572875976562, 2.4287850856781006, 2.1495730876922607, 1.9702571630477905, 1.851212501525879, 1.7721143960952759, 1.718259334564209, 1.6814361810684204, 1.6548476219177246, 1.635275959968567, 1.6208574771881104, 1.6093354225158691, 1.5999473333358765, 1.5907233953475952, 1.5815008878707886, 1.5740067958831787, 1.5641615390777588, 1.5565104484558105, 1.5468310117721558, 1.5385515689849854, 1.528767466545105, 1.5183151960372925, 1.5036497116088867, 1.4893611669540405, 1.4754459857940674, 1.4604250192642212], "accuracy": [0.19618317484855652, 0.21766754984855652, 0.26164814829826355, 0.2800263464450836, 0.29202747344970703, 0.29605138301849365, 0.29708677530288696, 0.30221667885780334, 0.3075112998485565, 0.31228822469711304, 0.31932416558265686, 0.3230186402797699, 0.3273484706878662, 0.32998400926589966, 0.3335607945919037, 0.33706700801849365, 0.3432558476924896, 0.3449265956878662, 0.34986820816993713, 0.3539627194404602, 0.3587396442890167, 0.3637518882751465, 0.3671875, 0.37660014629364014, 0.380859375, 0.3880365192890167, 0.3946959674358368, 0.4026731848716736, 0.41189759969711304, 0.4209808111190796, 0.43425264954566956], "val_loss": [10.667043685913086, 7.452127933502197, 5.3334197998046875, 4.001982688903809, 3.148993968963623, 2.6033215522766113, 2.2610573768615723, 2.0414013862609863, 1.8995107412338257, 1.8069308996200562, 1.7425572872161865, 1.7002222537994385, 1.6721235513687134, 1.6525675058364868, 1.6388238668441772, 1.6294453144073486, 1.6247634887695312, 1.6181894540786743, 1.6115312576293945, 1.6088749170303345, 1.6074342727661133, 1.610304594039917, 1.6113742589950562, 1.6168944835662842, 1.6290321350097656, 1.6253360509872437, 1.6293472051620483, 1.6398000717163086, 1.6501331329345703, 1.6664098501205444, 1.6761057376861572], "val_accuracy": [0.21455077826976776, 0.22265625, 0.28691405057907104, 0.29570311307907104, 0.2994140684604645, 0.30000001192092896, 0.30537110567092896, 0.30615234375, 0.31025391817092896, 0.31464844942092896, 0.3221679627895355, 0.32763671875, 0.326171875, 0.33154296875, 0.3333984315395355, 0.3359375, 0.3348632752895355, 0.3358398377895355, 0.3414062559604645, 0.34394532442092896, 0.34501951932907104, 0.34453123807907104, 0.3458007872104645, 0.34375, 0.3414062559604645, 0.34501951932907104, 0.3438476622104645, 0.34062498807907104, 0.33955079317092896, 0.3363281190395355, 0.3350585997104645]}