{"loss": [40.70548629760742, 18.906770706176758, 11.708197593688965, 8.365073204040527, 6.2704973220825195, 4.82206916809082, 3.8006932735443115, 3.0834803581237793, 2.589480400085449, 2.2530741691589355, 2.0267252922058105, 1.8760056495666504, 1.776410698890686, 1.71245276927948, 1.6705780029296875, 1.6444764137268066, 1.6282390356063843, 1.6163337230682373, 1.6075025796890259, 1.6034302711486816, 1.5982024669647217, 1.5944396257400513, 1.5931419134140015, 1.5908629894256592, 1.5891913175582886, 1.5867198705673218, 1.5850284099578857, 1.5839487314224243, 1.583351969718933, 1.5821382999420166, 1.5801849365234375, 1.5796077251434326, 1.5783917903900146, 1.5774120092391968, 1.5760141611099243, 1.575297474861145, 1.5751312971115112, 1.5730793476104736, 1.5732882022857666, 1.5720722675323486, 1.570141315460205, 1.5697147846221924, 1.5687438249588013, 1.5688414573669434, 1.5666948556900024, 1.5668264627456665, 1.5659714937210083, 1.5659819841384888, 1.5654453039169312, 1.5631730556488037, 1.5623795986175537], "accuracy": [0.27849680185317993, 0.3197242021560669, 0.3311605751514435, 0.3328077793121338, 0.33676111698150635, 0.3386671543121338, 0.33840832114219666, 0.34200865030288696, 0.3431852459907532, 0.34262049198150635, 0.34393826127052307, 0.34469127655029297, 0.3450677692890167, 0.34485599398612976, 0.3476797938346863, 0.34739741683006287, 0.34789156913757324, 0.34847986698150635, 0.3480798304080963, 0.3489740192890167, 0.3503388464450836, 0.3520566523075104, 0.3530449867248535, 0.35299792885780334, 0.3534920811653137, 0.3539627194404602, 0.35586878657341003, 0.3554922938346863, 0.3555864095687866, 0.3550451695919037, 0.3572571575641632, 0.3565512001514435, 0.35768070816993713, 0.35761013627052307, 0.35852786898612976, 0.3585043251514435, 0.3592337965965271, 0.3596809208393097, 0.3593985438346863, 0.3610457479953766, 0.3612104654312134, 0.36292827129364014, 0.3623635172843933, 0.3629753291606903, 0.3639872074127197, 0.3636106848716736, 0.3637283444404602, 0.36617565155029297, 0.3659403324127197, 0.3653520345687866, 0.3664109706878662], "val_loss": [25.65999984741211, 14.269952774047852, 9.777194023132324, 7.20966100692749, 5.464423656463623, 4.242602348327637, 3.382737636566162, 2.7879815101623535, 2.3813819885253906, 2.105968952178955, 1.924361228942871, 1.8026014566421509, 1.724005103111267, 1.6730343103408813, 1.6405572891235352, 1.6182762384414673, 1.6046202182769775, 1.5950367450714111, 1.58889901638031, 1.5846067667007446, 1.5806896686553955, 1.5783509016036987, 1.5773532390594482, 1.5759328603744507, 1.5740892887115479, 1.5727534294128418, 1.572980523109436, 1.5718237161636353, 1.5720380544662476, 1.5709248781204224, 1.5696666240692139, 1.5705622434616089, 1.5678437948226929, 1.569068193435669, 1.5674402713775635, 1.5674898624420166, 1.5670757293701172, 1.5679582357406616, 1.5672175884246826, 1.5663665533065796, 1.5657027959823608, 1.5663344860076904, 1.5662472248077393, 1.5660645961761475, 1.566437005996704, 1.5657380819320679, 1.5656991004943848, 1.567926287651062, 1.5681347846984863, 1.5679516792297363, 1.5673189163208008], "val_accuracy": [0.24892577528953552, 0.2911132872104645, 0.31953126192092896, 0.3369140625, 0.3486328125, 0.34765625, 0.3511718809604645, 0.35576170682907104, 0.35302734375, 0.35595703125, 0.3563476502895355, 0.3563476502895355, 0.3597656190395355, 0.36054688692092896, 0.3592773377895355, 0.359375, 0.36181640625, 0.3622070252895355, 0.36015623807907104, 0.36103516817092896, 0.3619140684604645, 0.36083984375, 0.36250001192092896, 0.36279296875, 0.36298829317092896, 0.36298829317092896, 0.36279296875, 0.36259764432907104, 0.36406248807907104, 0.3619140684604645, 0.3626953065395355, 0.36455076932907104, 0.36455076932907104, 0.36328125, 0.36298829317092896, 0.36250001192092896, 0.36474609375, 0.3619140684604645, 0.36308592557907104, 0.36152344942092896, 0.3641601502895355, 0.36201173067092896, 0.3612304627895355, 0.36542969942092896, 0.3626953065395355, 0.36396485567092896, 0.36181640625, 0.36298829317092896, 0.36328125, 0.36210936307907104, 0.3622070252895355]}