{"loss": [12.514851570129395, 6.865116119384766, 4.572690963745117, 3.486279249191284, 2.8939971923828125, 2.508145570755005, 2.242685556411743, 2.0522775650024414, 1.9170453548431396, 1.8222477436065674, 1.7531660795211792, 1.7001525163650513, 1.6595810651779175, 1.6289470195770264, 1.6060130596160889, 1.5899078845977783, 1.5702908039093018, 1.558868169784546, 1.54701566696167, 1.5398554801940918, 1.5293786525726318, 1.5289751291275024, 1.517133355140686, 1.5097156763076782, 1.5023390054702759, 1.4950692653656006, 1.4896395206451416, 1.479974627494812, 1.4738373756408691, 1.4678233861923218], "accuracy": [0.19910109043121338, 0.20790192484855652, 0.2500235438346863, 0.28927427530288696, 0.3064759075641632, 0.31631213426589966, 0.3188535273075104, 0.3273955285549164, 0.3354433476924896, 0.3395613729953766, 0.34862104058265686, 0.3581278324127197, 0.3697053790092468, 0.3760353922843933, 0.3834478557109833, 0.39156627655029297, 0.3963667154312134, 0.4046263098716736, 0.4074736535549164, 0.41130930185317993, 0.41535672545433044, 0.41985127329826355, 0.42436936497688293, 0.4295698404312134, 0.4342997074127197, 0.43985316157341003, 0.44164156913757324, 0.4510542154312134, 0.4551957845687866, 0.4604668617248535], "val_loss": [8.813627243041992, 5.4059600830078125, 3.9630515575408936, 3.2042956352233887, 2.7140865325927734, 2.376676082611084, 2.1392645835876465, 1.9712488651275635, 1.8559086322784424, 1.7749277353286743, 1.7198209762573242, 1.6791099309921265, 1.6431328058242798, 1.6299827098846436, 1.6061744689941406, 1.6019970178604126, 1.5921036005020142, 1.586306095123291, 1.577413558959961, 1.5698918104171753, 1.5827664136886597, 1.5736178159713745, 1.5756434202194214, 1.5769795179367065, 1.5764009952545166, 1.5731618404388428, 1.5865014791488647, 1.5813424587249756, 1.5914157629013062, 1.5882623195648193], "val_accuracy": [0.21337890625, 0.21787109971046448, 0.2557617127895355, 0.2796874940395355, 0.302734375, 0.3184570372104645, 0.3316406309604645, 0.3394531309604645, 0.3486328125, 0.35429686307907104, 0.35722655057907104, 0.3666015565395355, 0.3746093809604645, 0.37031251192092896, 0.3814453184604645, 0.37958985567092896, 0.38408201932907104, 0.3857421875, 0.3929687440395355, 0.3980468809604645, 0.38740235567092896, 0.3924804627895355, 0.39521485567092896, 0.39277344942092896, 0.39453125, 0.40019530057907104, 0.38984376192092896, 0.39892578125, 0.3916015625, 0.40087890625]}