{"loss": [46.5830078125, 28.084754943847656, 17.252714157104492, 11.018115997314453, 7.399573802947998, 5.250675201416016, 3.9394516944885254, 3.113835334777832, 2.5798377990722656, 2.2304036617279053, 1.9994219541549683, 1.850821614265442, 1.7529568672180176, 1.6909607648849487, 1.6497106552124023, 1.6235849857330322, 1.6068780422210693, 1.5936095714569092, 1.5842692852020264, 1.5773041248321533, 1.5699392557144165, 1.5645843744277954, 1.5572900772094727, 1.5542640686035156, 1.548061728477478, 1.541886806488037, 1.5353502035140991, 1.528153657913208, 1.521824836730957, 1.5140305757522583, 1.5093564987182617, 1.5046257972717285, 1.4998186826705933, 1.4920551776885986, 1.4859765768051147, 1.4824215173721313, 1.4770610332489014, 1.4733952283859253, 1.4658112525939941, 1.4600294828414917, 1.4553964138031006], "accuracy": [0.20213666558265686, 0.27548474073410034, 0.318971186876297, 0.3336549401283264, 0.33763179183006287, 0.33958491683006287, 0.3443147540092468, 0.34546780586242676, 0.34532663226127625, 0.3458443284034729, 0.34942111372947693, 0.34953877329826355, 0.3528096675872803, 0.3527626097202301, 0.3569747805595398, 0.36038684844970703, 0.36151638627052307, 0.3643401861190796, 0.36892884969711304, 0.37109375, 0.3747176229953766, 0.3784826695919037, 0.38121235370635986, 0.38300076127052307, 0.3856362998485565, 0.39262518286705017, 0.39643731713294983, 0.3999670445919037, 0.40587350726127625, 0.40825018286705017, 0.41097986698150635, 0.41446253657341003, 0.4170510172843933, 0.42476940155029297, 0.4254753291606903, 0.4303934574127197, 0.43293485045433044, 0.43517038226127625, 0.4395707845687866, 0.44434770941734314, 0.4478303790092468], "val_loss": [35.68608856201172, 21.720874786376953, 13.62846565246582, 8.936078071594238, 6.171036243438721, 4.498291015625, 3.4589881896972656, 2.7989821434020996, 2.3677268028259277, 2.0885677337646484, 1.904057502746582, 1.785400152206421, 1.7091128826141357, 1.6616058349609375, 1.6295993328094482, 1.608848214149475, 1.5947942733764648, 1.5857571363449097, 1.5779476165771484, 1.5744211673736572, 1.5711140632629395, 1.567266821861267, 1.5648266077041626, 1.565111756324768, 1.5632144212722778, 1.5620542764663696, 1.5563586950302124, 1.553795337677002, 1.5508688688278198, 1.5500413179397583, 1.5479869842529297, 1.549608826637268, 1.5481226444244385, 1.5494248867034912, 1.5518181324005127, 1.5534217357635498, 1.5569519996643066, 1.5533899068832397, 1.559960126876831, 1.5604621171951294, 1.5601104497909546], "val_accuracy": [0.2109375, 0.23544922471046448, 0.2574218809604645, 0.30156248807907104, 0.33173829317092896, 0.34375, 0.3465820252895355, 0.3487304747104645, 0.3477539122104645, 0.34990233182907104, 0.35009765625, 0.3514648377895355, 0.35400390625, 0.3545898497104645, 0.35576170682907104, 0.35771483182907104, 0.3594726622104645, 0.36201173067092896, 0.3651367127895355, 0.3671875, 0.36884766817092896, 0.3714843690395355, 0.37285155057907104, 0.37187498807907104, 0.3746093809604645, 0.3770507872104645, 0.38212889432907104, 0.38398438692092896, 0.384765625, 0.3858398497104645, 0.38720703125, 0.3846679627895355, 0.3876953125, 0.38984376192092896, 0.38642579317092896, 0.384765625, 0.3856445252895355, 0.3895507752895355, 0.38359373807907104, 0.38847655057907104, 0.38837891817092896]}