{"loss": [12.687234878540039, 8.785351753234863, 6.220898151397705, 4.506577968597412, 3.4085021018981934, 2.7390689849853516, 2.310678005218506, 2.029984712600708, 1.8366721868515015, 1.7043172121047974, 1.607779860496521, 1.5224761962890625, 1.4545068740844727, 1.3929519653320312, 1.323106050491333, 1.2992222309112549, 1.2177635431289673, 1.0912574529647827, 0.9961804151535034, 1.087063193321228, 1.0769981145858765, 0.9716123938560486, 0.9429928660392761, 0.7923535108566284, 0.6758639812469482], "accuracy": [0.2002541422843933, 0.20759600400924683, 0.2107963114976883, 0.2473173886537552, 0.2991340458393097, 0.32805439829826355, 0.3519860804080963, 0.3705054521560669, 0.39116623997688293, 0.40780308842658997, 0.42147496342658997, 0.44507718086242676, 0.46536144614219666, 0.49223455786705017, 0.5170839428901672, 0.5250847339630127, 0.5612292885780334, 0.6252353191375732, 0.671663224697113, 0.6256824135780334, 0.6338478922843933, 0.6771696209907532, 0.6843938231468201, 0.7564476728439331, 0.8090408444404602], "val_loss": [10.449345588684082, 7.3048272132873535, 5.262241363525391, 3.8836491107940674, 3.050215482711792, 2.4975905418395996, 2.145702838897705, 1.9219812154769897, 1.781102180480957, 1.6945314407348633, 1.6384471654891968, 1.6219720840454102, 1.601710319519043, 1.6236833333969116, 1.5922101736068726, 1.7446035146713257, 1.7831542491912842, 1.93703293800354, 2.0710721015930176, 2.0832104682922363, 2.1093428134918213, 2.1611740589141846, 2.206317901611328, 2.4357662200927734, 2.619874954223633], "val_accuracy": [0.20781250298023224, 0.20781250298023224, 0.20849609375, 0.2833007872104645, 0.3104492127895355, 0.34541016817092896, 0.36396485567092896, 0.37958985567092896, 0.38544923067092896, 0.3892578184604645, 0.39619141817092896, 0.3916992247104645, 0.39433592557907104, 0.3868164122104645, 0.39228516817092896, 0.36328125, 0.36406248807907104, 0.35722655057907104, 0.3282226622104645, 0.33916014432907104, 0.3499999940395355, 0.3524414002895355, 0.3555664122104645, 0.35205078125, 0.3543945252895355]}