{"loss": [12.52464485168457, 6.896363735198975, 4.619819641113281, 3.5110361576080322, 2.917278289794922, 2.5276570320129395, 2.2576093673706055, 2.066735029220581, 1.9319443702697754, 1.8355225324630737, 1.7652573585510254, 1.7168054580688477, 1.6768220663070679, 1.6471978425979614, 1.6227202415466309, 1.6035109758377075, 1.5864496231079102, 1.572380781173706, 1.5620582103729248, 1.553084135055542, 1.5421993732452393, 1.5355231761932373, 1.5282078981399536, 1.519183874130249, 1.515352725982666, 1.5058069229125977, 1.4995689392089844, 1.4940787553787231, 1.488660454750061, 1.4850021600723267, 1.4781392812728882, 1.4717519283294678, 1.4635390043258667, 1.457041621208191], "accuracy": [0.19681307673454285, 0.20579268038272858, 0.23168349266052246, 0.28622809052467346, 0.2991615831851959, 0.3081650137901306, 0.31573933362960815, 0.32376620173454285, 0.33034011721611023, 0.33229324221611023, 0.33989137411117554, 0.34301161766052246, 0.3540158271789551, 0.36135193705558777, 0.36728277802467346, 0.37692931294441223, 0.38478943705558777, 0.3911252021789551, 0.3981040418148041, 0.40229612588882446, 0.40713128447532654, 0.4088462293148041, 0.4115377366542816, 0.4205411672592163, 0.4254477918148041, 0.42866331338882446, 0.434713214635849, 0.4374285340309143, 0.44138243794441223, 0.44309738278388977, 0.4490043818950653, 0.4565310478210449, 0.4606040418148041, 0.4650343060493469], "val_loss": [8.846962928771973, 5.4420294761657715, 3.995210647583008, 3.2345728874206543, 2.7608165740966797, 2.407081127166748, 2.1571691036224365, 1.9916188716888428, 1.8787176609039307, 1.8010427951812744, 1.745290756225586, 1.7052007913589478, 1.668897032737732, 1.6431576013565063, 1.6213527917861938, 1.6104787588119507, 1.5999730825424194, 1.5890796184539795, 1.5845497846603394, 1.5768970251083374, 1.5789886713027954, 1.5801079273223877, 1.57649564743042, 1.5704602003097534, 1.5710034370422363, 1.5723944902420044, 1.5722198486328125, 1.5729701519012451, 1.5818071365356445, 1.5953993797302246, 1.5827833414077759, 1.5994341373443604, 1.5949199199676514, 1.6120665073394775], "val_accuracy": [0.21044921875, 0.21347656846046448, 0.23417969048023224, 0.25800782442092896, 0.27617186307907104, 0.30195313692092896, 0.32158201932907104, 0.32792967557907104, 0.3291992247104645, 0.33320313692092896, 0.3350585997104645, 0.3399414122104645, 0.3495117127895355, 0.35917967557907104, 0.369140625, 0.3749023377895355, 0.3792968690395355, 0.38134765625, 0.3832031190395355, 0.38740235567092896, 0.3856445252895355, 0.38544923067092896, 0.3880859315395355, 0.392578125, 0.3912109434604645, 0.39033204317092896, 0.3912109434604645, 0.3936523497104645, 0.39384764432907104, 0.3880859315395355, 0.39384764432907104, 0.38740235567092896, 0.39453125, 0.3907226622104645]}