{"loss": [12.415899276733398, 6.741643905639648, 4.579939365386963, 3.571488380432129, 2.975269079208374, 2.577178478240967, 2.2972095012664795, 2.1009578704833984, 1.9584766626358032, 1.857314109802246, 1.7864840030670166, 1.735068440437317, 1.6965675354003906, 1.6684373617172241, 1.6473246812820435, 1.6339796781539917, 1.6209654808044434, 1.6108038425445557, 1.602210521697998, 1.5952054262161255, 1.5883870124816895, 1.5860822200775146, 1.5810083150863647, 1.575229287147522, 1.5723347663879395, 1.5664716958999634, 1.5633978843688965, 1.5580776929855347, 1.5537784099578857, 1.5480953454971313], "accuracy": [0.21096102893352509, 0.27364927530288696, 0.293580561876297, 0.30073419213294983, 0.30941736698150635, 0.3192300498485565, 0.3247129023075104, 0.3251364827156067, 0.3284544348716736, 0.33433735370635986, 0.33899661898612976, 0.3410438597202301, 0.3471620976924896, 0.3520331382751465, 0.35419803857803345, 0.35897496342658997, 0.3618928790092468, 0.36530497670173645, 0.36979952454566956, 0.3723409175872803, 0.3760353922843933, 0.3810005784034729, 0.3854009807109833, 0.3883894979953766, 0.39038968086242676, 0.3978492021560669, 0.39984938502311707, 0.40495577454566956, 0.41109752655029297, 0.41582736372947693], "val_loss": [8.705911636352539, 5.409903526306152, 4.01555061340332, 3.2413573265075684, 2.7513587474823, 2.417924642562866, 2.1806588172912598, 2.013887405395508, 1.898363471031189, 1.812443733215332, 1.7579504251480103, 1.7190866470336914, 1.6911957263946533, 1.6700832843780518, 1.6570885181427002, 1.6413354873657227, 1.635789155960083, 1.6296014785766602, 1.627532720565796, 1.623622179031372, 1.6262871026992798, 1.627163290977478, 1.629762053489685, 1.6324574947357178, 1.6358588933944702, 1.6405712366104126, 1.652748465538025, 1.6617748737335205, 1.6709398031234741, 1.6834897994995117], "val_accuracy": [0.20341797173023224, 0.2552734315395355, 0.2884765565395355, 0.3179687559604645, 0.3203125, 0.3248046934604645, 0.32841795682907104, 0.3338867127895355, 0.33837890625, 0.3436523377895355, 0.3427734375, 0.3389648497104645, 0.3443359434604645, 0.34394532442092896, 0.3465820252895355, 0.35029298067092896, 0.3514648377895355, 0.35283201932907104, 0.3539062440395355, 0.35498046875, 0.3553710877895355, 0.3544921875, 0.35595703125, 0.35810548067092896, 0.35624998807907104, 0.35595703125, 0.3511718809604645, 0.34980469942092896, 0.3492187559604645, 0.34599608182907104]}