{"loss": [12.453469276428223, 6.807555198669434, 4.556718826293945, 3.4777159690856934, 2.890791177749634, 2.510315418243408, 2.243732213973999, 2.052722692489624, 1.922729730606079, 1.8264539241790771, 1.7570942640304565, 1.7081166505813599, 1.670434832572937, 1.6391923427581787, 1.6128238439559937, 1.5939964056015015, 1.5793168544769287, 1.5655328035354614, 1.553472876548767, 1.543290138244629, 1.5347135066986084, 1.5228601694107056, 1.5175087451934814, 1.509846568107605, 1.5040239095687866, 1.4923677444458008, 1.4843549728393555, 1.477814793586731, 1.4709196090698242, 1.4591686725616455, 1.4526642560958862, 1.4390662908554077], "accuracy": [0.2010071575641632, 0.20681945979595184, 0.24058735370635986, 0.2896507978439331, 0.30087536573410034, 0.3069700598716736, 0.3180534541606903, 0.3234892785549164, 0.3301957845687866, 0.33885541558265686, 0.3449501097202301, 0.35135072469711304, 0.3592102825641632, 0.3697289228439331, 0.37791791558265686, 0.38723644614219666, 0.3926016688346863, 0.4008142054080963, 0.40528520941734314, 0.40921497344970703, 0.41592150926589966, 0.4218514561653137, 0.427734375, 0.4313111901283264, 0.4348409175872803, 0.44390061497688293, 0.4462302327156067, 0.45317205786705017, 0.4603727459907532, 0.46597325801849365, 0.4755035638809204, 0.48324549198150635], "val_loss": [8.736994743347168, 5.369058132171631, 3.9484076499938965, 3.1987147331237793, 2.7124829292297363, 2.37245512008667, 2.1367886066436768, 1.9761524200439453, 1.8611412048339844, 1.7807519435882568, 1.7248846292495728, 1.681929588317871, 1.6557811498641968, 1.6283012628555298, 1.6062160730361938, 1.6040270328521729, 1.5947024822235107, 1.587997555732727, 1.5931681394577026, 1.5817545652389526, 1.5842564105987549, 1.575447678565979, 1.5790903568267822, 1.5849696397781372, 1.5831682682037354, 1.5818054676055908, 1.5888149738311768, 1.591151475906372, 1.6005674600601196, 1.613305687904358, 1.628867506980896, 1.6332557201385498], "val_accuracy": [0.21640625596046448, 0.2158203125, 0.25439453125, 0.27421873807907104, 0.3046875, 0.32499998807907104, 0.3310546875, 0.33857423067092896, 0.3446289002895355, 0.35136717557907104, 0.35517579317092896, 0.3602539002895355, 0.3642578125, 0.3783203065395355, 0.38115233182907104, 0.3804687559604645, 0.3822265565395355, 0.3832031190395355, 0.3792968690395355, 0.3868164122104645, 0.38457030057907104, 0.3915039002895355, 0.3880859315395355, 0.38896483182907104, 0.3919921815395355, 0.3985351622104645, 0.3929687440395355, 0.3975585997104645, 0.39306640625, 0.39042967557907104, 0.3868164122104645, 0.3912109434604645]}