{"loss": [12.880356788635254, 8.918638229370117, 6.250548362731934, 4.563559055328369, 3.5086092948913574, 2.8403854370117188, 2.4150264263153076, 2.14375901222229, 1.966775894165039, 1.8510254621505737, 1.773339867591858, 1.717992901802063, 1.6819263696670532, 1.6550676822662354, 1.635485053062439, 1.6206648349761963, 1.6096326112747192, 1.5985784530639648, 1.589128017425537, 1.5803653001785278, 1.5734866857528687, 1.565161108970642, 1.5573493242263794, 1.5481541156768799, 1.5406808853149414, 1.5305354595184326, 1.5201334953308105, 1.5106014013290405, 1.501338243484497, 1.485704779624939, 1.4733428955078125, 1.4622344970703125, 1.44411301612854, 1.427093505859375], "accuracy": [0.19783037900924683, 0.20813722908496857, 0.259153813123703, 0.28282663226127625, 0.2893919348716736, 0.2928510904312134, 0.2991340458393097, 0.30172252655029297, 0.309205561876297, 0.3146178424358368, 0.3165474534034729, 0.32447758316993713, 0.3268778324127197, 0.3328077793121338, 0.3368081748485565, 0.3399614095687866, 0.3437735438346863, 0.3480798304080963, 0.3533509075641632, 0.35808077454566956, 0.36292827129364014, 0.36530497670173645, 0.3715173304080963, 0.37930628657341003, 0.38245952129364014, 0.38709524273872375, 0.39622554183006287, 0.40215548872947693, 0.4070030152797699, 0.4175451695919037, 0.42688724398612976, 0.432981938123703, 0.44613611698150635, 0.45618411898612976], "val_loss": [10.616108894348145, 7.413094520568848, 5.290831089019775, 3.9656901359558105, 3.12288236618042, 2.5886833667755127, 2.251735210418701, 2.0356059074401855, 1.8951257467269897, 1.7999963760375977, 1.7373361587524414, 1.6949927806854248, 1.6678123474121094, 1.6488635540008545, 1.634596586227417, 1.6273826360702515, 1.6192567348480225, 1.614227056503296, 1.6127607822418213, 1.61003839969635, 1.6076319217681885, 1.6037311553955078, 1.6025642156600952, 1.602362871170044, 1.6054658889770508, 1.6098949909210205, 1.6197090148925781, 1.6308116912841797, 1.643049955368042, 1.6363248825073242, 1.6509958505630493, 1.6598173379898071, 1.677628755569458, 1.6978868246078491], "val_accuracy": [0.21494141221046448, 0.21816405653953552, 0.28564453125, 0.2964843809604645, 0.3060546815395355, 0.30390626192092896, 0.30742186307907104, 0.30986326932907104, 0.31660157442092896, 0.3262695372104645, 0.3271484375, 0.33183592557907104, 0.3355468809604645, 0.3368164002895355, 0.3384765684604645, 0.3394531309604645, 0.3408203125, 0.34208983182907104, 0.34199219942092896, 0.3431640565395355, 0.3446289002895355, 0.34892576932907104, 0.3509765565395355, 0.35283201932907104, 0.3516601622104645, 0.3501953184604645, 0.34599608182907104, 0.34355467557907104, 0.3382812440395355, 0.3451171815395355, 0.3467773497104645, 0.3433593809604645, 0.33759766817092896, 0.33916014432907104]}