{"loss": [12.26815414428711, 6.63836145401001, 4.542751312255859, 3.5562939643859863, 2.972365379333496, 2.578538656234741, 2.301440954208374, 2.10420823097229, 1.963586449623108, 1.8626817464828491, 1.790619134902954, 1.7373026609420776, 1.7016812562942505, 1.6744112968444824, 1.6524763107299805, 1.636277198791504, 1.6250680685043335, 1.615319848060608, 1.6064515113830566, 1.5995314121246338, 1.5934356451034546, 1.589611530303955, 1.5838990211486816, 1.5786572694778442, 1.5772175788879395, 1.5712852478027344, 1.5689992904663086, 1.564297080039978, 1.5595377683639526, 1.5576543807983398, 1.5536569356918335, 1.5456359386444092, 1.5433167219161987], "accuracy": [0.21493788063526154, 0.2749435305595398, 0.29141566157341003, 0.30449923872947693, 0.3114646077156067, 0.3153237998485565, 0.3221009075641632, 0.32626599073410034, 0.3282426595687866, 0.33344313502311707, 0.3355139195919037, 0.3425263464450836, 0.34337350726127625, 0.34652674198150635, 0.3519860804080963, 0.3545745611190796, 0.36137518286705017, 0.36309298872947693, 0.3623870611190796, 0.3681052327156067, 0.3729056715965271, 0.37448230385780334, 0.37838855385780334, 0.38137707114219666, 0.38645991683006287, 0.39069560170173645, 0.39144861698150635, 0.39761388301849365, 0.40302616357803345, 0.4053558111190796, 0.4121329188346863, 0.41985127329826355, 0.4244634807109833], "val_loss": [8.536378860473633, 5.340865135192871, 3.9813358783721924, 3.2345263957977295, 2.7534618377685547, 2.4146273136138916, 2.178701877593994, 2.0207300186157227, 1.9017620086669922, 1.8212066888809204, 1.7612218856811523, 1.7189747095108032, 1.6919643878936768, 1.6728155612945557, 1.658199667930603, 1.645580530166626, 1.6328723430633545, 1.635849952697754, 1.6305468082427979, 1.6260826587677002, 1.622658133506775, 1.6261560916900635, 1.6224082708358765, 1.6300910711288452, 1.6280750036239624, 1.6352360248565674, 1.6360862255096436, 1.6414779424667358, 1.6500552892684937, 1.6565738916397095, 1.6659469604492188, 1.6776511669158936, 1.6835777759552002], "val_accuracy": [0.22236327826976776, 0.2704101502895355, 0.2997070252895355, 0.3138671815395355, 0.3189453184604645, 0.32636719942092896, 0.3304687440395355, 0.3280273377895355, 0.3321289122104645, 0.33349609375, 0.34208983182907104, 0.34443360567092896, 0.34638673067092896, 0.3384765684604645, 0.34257811307907104, 0.3475585877895355, 0.3536132872104645, 0.34785157442092896, 0.35185545682907104, 0.35693359375, 0.35478514432907104, 0.3521484434604645, 0.3553710877895355, 0.35322266817092896, 0.35820311307907104, 0.35566407442092896, 0.3560546934604645, 0.3583007752895355, 0.35869139432907104, 0.35693359375, 0.34912109375, 0.3521484434604645, 0.3543945252895355]}