{"loss": [40.77429962158203, 18.956193923950195, 11.730536460876465, 8.374570846557617, 6.275537490844727, 4.822254657745361, 3.797715425491333, 3.084510087966919, 2.5900626182556152, 2.2526867389678955, 2.0266945362091064, 1.875365138053894, 1.776534080505371, 1.7131072282791138, 1.6703755855560303, 1.6431480646133423, 1.625921368598938, 1.6149688959121704, 1.6055104732513428, 1.6011887788772583, 1.5973131656646729, 1.5937851667404175, 1.5907695293426514, 1.5898548364639282, 1.585898756980896, 1.5847184658050537, 1.5833795070648193, 1.5822503566741943, 1.5807878971099854, 1.5788140296936035, 1.5781813859939575, 1.576604962348938, 1.5763882398605347, 1.5749396085739136, 1.5734513998031616, 1.5725514888763428, 1.5710846185684204, 1.5707279443740845, 1.5697201490402222, 1.5690785646438599, 1.56727933883667, 1.5671275854110718, 1.566582202911377, 1.5651274919509888, 1.5640696287155151, 1.5629035234451294, 1.5626128911972046, 1.5614891052246094, 1.5607095956802368, 1.5596727132797241, 1.5592206716537476, 1.5584911108016968, 1.5574758052825928, 1.5566117763519287], "accuracy": [0.28056758642196655, 0.3230186402797699, 0.32941922545433044, 0.3361022174358368, 0.3366905152797699, 0.3360551595687866, 0.3404791057109833, 0.34078502655029297, 0.3420792520046234, 0.34410297870635986, 0.34476184844970703, 0.34650319814682007, 0.3436087965965271, 0.3464561402797699, 0.34650319814682007, 0.348268061876297, 0.34770330786705017, 0.3508565425872803, 0.3494681715965271, 0.3518684208393097, 0.350950688123703, 0.3501035273075104, 0.35433924198150635, 0.35325679183006287, 0.3555864095687866, 0.35528048872947693, 0.35565701127052307, 0.356810063123703, 0.3568335771560669, 0.357421875, 0.35676297545433044, 0.3579866290092468, 0.3561041057109833, 0.3565512001514435, 0.35989269614219666, 0.3599397540092468, 0.36097514629364014, 0.3602456748485565, 0.36048099398612976, 0.3616575598716736, 0.36139872670173645, 0.3622458577156067, 0.36226940155029297, 0.36290475726127625, 0.3638460040092468, 0.36323419213294983, 0.36546969413757324, 0.36426958441734314, 0.3661285638809204, 0.3667639195919037, 0.3672110438346863, 0.36695218086242676, 0.36798757314682007, 0.36892884969711304], "val_loss": [25.71652603149414, 14.303309440612793, 9.787341117858887, 7.214597225189209, 5.468262672424316, 4.2395124435424805, 3.3818249702453613, 2.7891499996185303, 2.3794782161712646, 2.1050758361816406, 1.9236927032470703, 1.8016321659088135, 1.7218459844589233, 1.6703784465789795, 1.6379902362823486, 1.617290735244751, 1.605222463607788, 1.5944342613220215, 1.5894443988800049, 1.5842279195785522, 1.5820872783660889, 1.5785658359527588, 1.576460361480713, 1.575535535812378, 1.5750768184661865, 1.5728060007095337, 1.5730419158935547, 1.5709729194641113, 1.5690276622772217, 1.5698328018188477, 1.5685038566589355, 1.5682778358459473, 1.569104552268982, 1.5672575235366821, 1.5657570362091064, 1.5666100978851318, 1.565273642539978, 1.5660195350646973, 1.5665513277053833, 1.5660016536712646, 1.564940094947815, 1.5657848119735718, 1.564028263092041, 1.5631797313690186, 1.5634841918945312, 1.5643932819366455, 1.5645781755447388, 1.5632789134979248, 1.5652010440826416, 1.5652992725372314, 1.5634206533432007, 1.5649757385253906, 1.5640734434127808, 1.5660216808319092], "val_accuracy": [0.2582031190395355, 0.28925782442092896, 0.3241210877895355, 0.33808594942092896, 0.345703125, 0.3525390625, 0.35283201932907104, 0.3536132872104645, 0.35566407442092896, 0.35595703125, 0.35869139432907104, 0.3583007752895355, 0.3604492247104645, 0.35859376192092896, 0.35957032442092896, 0.3609375059604645, 0.3623046875, 0.3612304627895355, 0.36162108182907104, 0.3609375059604645, 0.36279296875, 0.361328125, 0.3612304627895355, 0.36210936307907104, 0.3633789122104645, 0.3643554747104645, 0.36376953125, 0.36308592557907104, 0.3651367127895355, 0.36210936307907104, 0.36474609375, 0.3643554747104645, 0.36328125, 0.3667968809604645, 0.36494141817092896, 0.36503905057907104, 0.3670898377895355, 0.36640626192092896, 0.36445313692092896, 0.3666015565395355, 0.36552733182907104, 0.36669921875, 0.36640626192092896, 0.36669921875, 0.36767578125, 0.36503905057907104, 0.36396485567092896, 0.3643554747104645, 0.36406248807907104, 0.3641601502895355, 0.36445313692092896, 0.3646484315395355, 0.3643554747104645, 0.36201173067092896]}