{"loss": [12.944533348083496, 7.7087202072143555, 5.068038463592529, 3.7290878295898438, 2.914374589920044, 2.4679460525512695, 2.185911178588867, 1.9880468845367432, 1.8467397689819336, 1.739471197128296, 1.6580796241760254, 1.6007179021835327, 1.5542986392974854, 1.5175321102142334, 1.4955575466156006, 1.4592736959457397, 1.4307235479354858, 1.4063825607299805, 1.3882862329483032, 1.370713710784912, 1.3471553325653076, 1.331767201423645, 1.2826154232025146, 1.227729082107544, 1.1742130517959595, 1.1225178241729736], "accuracy": [0.19898343086242676, 0.20698419213294983, 0.20900790393352509, 0.2243034690618515, 0.2848503291606903, 0.3136765956878662, 0.3313958942890167, 0.3485504388809204, 0.36038684844970703, 0.3784120976924896, 0.39373117685317993, 0.40643826127052307, 0.41561558842658997, 0.42867565155029297, 0.4352409541606903, 0.449830561876297, 0.4623964726924896, 0.4768684208393097, 0.48176297545433044, 0.49409356713294983, 0.5027296543121338, 0.5139071941375732, 0.5453689694404602, 0.5735127925872803, 0.6032567620277405, 0.6329301595687866], "val_loss": [9.730838775634766, 6.06705904006958, 4.253678321838379, 3.265791416168213, 2.682055950164795, 2.3185534477233887, 2.070554256439209, 1.9022356271743774, 1.779139518737793, 1.6941251754760742, 1.6407511234283447, 1.6011390686035156, 1.5815985202789307, 1.5591386556625366, 1.5521498918533325, 1.5457549095153809, 1.5529491901397705, 1.557660698890686, 1.5844943523406982, 1.574479341506958, 1.5857207775115967, 1.6009790897369385, 1.6500604152679443, 1.686082124710083, 1.76849365234375, 1.8425887823104858], "val_accuracy": [0.20781250298023224, 0.20830078423023224, 0.20791015028953552, 0.25244140625, 0.30029296875, 0.32939451932907104, 0.34638673067092896, 0.35917967557907104, 0.3707031309604645, 0.38447266817092896, 0.38701170682907104, 0.39179688692092896, 0.39404296875, 0.39501953125, 0.3990234434604645, 0.40156251192092896, 0.40234375, 0.40283203125, 0.3851562440395355, 0.40087890625, 0.390625, 0.3975585997104645, 0.39277344942092896, 0.3912109434604645, 0.38408201932907104, 0.3797851502895355]}