{"loss": [11.87108039855957, 6.455085277557373, 4.485020637512207, 3.5578958988189697, 2.9902663230895996, 2.5999903678894043, 2.3234329223632812, 2.1269209384918213, 1.9878654479980469, 1.8868941068649292, 1.8157545328140259, 1.7668026685714722, 1.7321746349334717, 1.7062534093856812, 1.6893411874771118, 1.6773749589920044, 1.6690815687179565, 1.6616017818450928, 1.6568636894226074, 1.6533085107803345, 1.6493768692016602, 1.6473675966262817, 1.6446542739868164, 1.643599033355713, 1.641633152961731, 1.6399542093276978, 1.6404168605804443, 1.639357566833496, 1.637969970703125, 1.636862874031067, 1.636709213256836, 1.6356480121612549, 1.63522207736969, 1.6339551210403442, 1.6320648193359375, 1.6326183080673218, 1.6330831050872803, 1.6313358545303345, 1.6316989660263062, 1.6299846172332764, 1.6304210424423218, 1.6310077905654907, 1.6298054456710815, 1.6287347078323364, 1.629791021347046, 1.6287856101989746, 1.6280080080032349, 1.6282155513763428], "accuracy": [0.2525178790092468, 0.27459055185317993, 0.28315606713294983, 0.2877447307109833, 0.28880366683006287, 0.29454538226127625, 0.29692205786705017, 0.2971573770046234, 0.2996046543121338, 0.29786333441734314, 0.30101656913757324, 0.30056947469711304, 0.301393061876297, 0.306028813123703, 0.3034403324127197, 0.30219313502311707, 0.3024284541606903, 0.3037933111190796, 0.3043580651283264, 0.30461689829826355, 0.30628764629364014, 0.30449923872947693, 0.30428746342658997, 0.30687594413757324, 0.30671122670173645, 0.3064994215965271, 0.30729952454566956, 0.30416980385780334, 0.3069465458393097, 0.30894672870635986, 0.30685240030288696, 0.30880552530288696, 0.3091820478439331, 0.30704066157341003, 0.3099821209907532, 0.310546875, 0.3117469847202301, 0.3108763098716736, 0.30598172545433044, 0.3098409175872803, 0.3128059208393097, 0.31242939829826355, 0.3118646442890167, 0.3099821209907532, 0.3111351728439331, 0.31273531913757324, 0.3150178790092468, 0.31224116683006287], "val_loss": [8.1884183883667, 5.164953231811523, 3.909639835357666, 3.212864398956299, 2.7520291805267334, 2.426276445388794, 2.1948273181915283, 2.031369686126709, 1.9144786596298218, 1.832092523574829, 1.773841142654419, 1.7343635559082031, 1.7040679454803467, 1.6849515438079834, 1.6703789234161377, 1.6599127054214478, 1.6518852710723877, 1.647100806236267, 1.6432569026947021, 1.6396392583847046, 1.6366205215454102, 1.6346473693847656, 1.6346830129623413, 1.6324717998504639, 1.631255865097046, 1.6300621032714844, 1.629886269569397, 1.6292736530303955, 1.6285123825073242, 1.6276775598526, 1.6273820400238037, 1.6275451183319092, 1.6277542114257812, 1.6275975704193115, 1.6272770166397095, 1.628011703491211, 1.6268144845962524, 1.6264041662216187, 1.6274683475494385, 1.628196120262146, 1.6274230480194092, 1.627863883972168, 1.6284557580947876, 1.6289823055267334, 1.6293513774871826, 1.6293777227401733, 1.6302709579467773, 1.6296218633651733], "val_accuracy": [0.29345703125, 0.2987304627895355, 0.3031249940395355, 0.30546873807907104, 0.30732423067092896, 0.30517578125, 0.30810546875, 0.3099609315395355, 0.30937498807907104, 0.310546875, 0.3125976622104645, 0.3124023377895355, 0.3187499940395355, 0.31962889432907104, 0.31982421875, 0.31757813692092896, 0.3172851502895355, 0.31816405057907104, 0.3192382752895355, 0.32001954317092896, 0.31962889432907104, 0.31855469942092896, 0.3155273497104645, 0.3184570372104645, 0.31855469942092896, 0.31914061307907104, 0.31806641817092896, 0.3179687559604645, 0.31718748807907104, 0.31953126192092896, 0.31904298067092896, 0.31806641817092896, 0.31787109375, 0.318359375, 0.3173828125, 0.31669920682907104, 0.31689453125, 0.3204101622104645, 0.31757813692092896, 0.3174804747104645, 0.3173828125, 0.31962889432907104, 0.31953126192092896, 0.31787109375, 0.31904298067092896, 0.3193359375, 0.3199218809604645, 0.31621092557907104]}