{"loss": [3.2067017555236816, 0.912764847278595, 0.8638404607772827, 0.8524821400642395, 0.8449316620826721, 0.8390486836433411, 0.8341869115829468, 0.8296835422515869, 0.8249509334564209, 0.8214038014411926, 0.8181999325752258, 0.8157938122749329, 0.8127142786979675, 0.8103417158126831, 0.8084192276000977, 0.806632399559021, 0.8051259517669678, 0.8035150766372681, 0.8017008304595947, 0.7999828457832336, 0.7997735738754272, 0.797502875328064, 0.7969931364059448, 0.795835018157959, 0.7945351600646973, 0.793712854385376, 0.7925490736961365, 0.7915584444999695, 0.7903552651405334, 0.7897957563400269, 0.788702666759491, 0.7875756621360779, 0.7869517207145691, 0.7858154773712158, 0.7851575016975403, 0.784055769443512, 0.7837496399879456, 0.7825071811676025, 0.7814410328865051, 0.7810192108154297, 0.7792724967002869, 0.7791407108306885, 0.7777681946754456, 0.7773998975753784, 0.7763263583183289, 0.7757591605186462, 0.7748206853866577, 0.773597002029419, 0.772433876991272, 0.7720624804496765, 0.7708964347839355, 0.7700483202934265], "accuracy": [0.5824189782142639, 0.6403269171714783, 0.6456672549247742, 0.6501801013946533, 0.6526814103126526, 0.6555850505828857, 0.6573359966278076, 0.6599999070167542, 0.6626888513565063, 0.6643605828285217, 0.6661385893821716, 0.6672391891479492, 0.6681042313575745, 0.6694174408912659, 0.6710495352745056, 0.6716144680976868, 0.6724628210067749, 0.6738114356994629, 0.6746556758880615, 0.6755331754684448, 0.674976646900177, 0.676571249961853, 0.677288293838501, 0.6778469085693359, 0.6784660220146179, 0.6790308952331543, 0.6792497634887695, 0.6805233359336853, 0.681050717830658, 0.6815363764762878, 0.682430624961853, 0.6826057434082031, 0.6828954815864563, 0.684066891670227, 0.6835312247276306, 0.6852633953094482, 0.6854426264762878, 0.6856156587600708, 0.6864744424819946, 0.6872894763946533, 0.6878189444541931, 0.6880690455436707, 0.6891341805458069, 0.6896928548812866, 0.6905704140663147, 0.6908246874809265, 0.6917480826377869, 0.6924922466278076, 0.6926172971725464, 0.6935615539550781, 0.6939930319786072, 0.6947288513183594], "val_loss": [1.0015872716903687, 0.8603246212005615, 0.8556911945343018, 0.8466388583183289, 0.8341786861419678, 0.8389840126037598, 0.8340470194816589, 0.8292075395584106, 0.8316300511360168, 0.8293856978416443, 0.8247608542442322, 0.8220417499542236, 0.8253743648529053, 0.8206347227096558, 0.8203495740890503, 0.8194750547409058, 0.8183185458183289, 0.8195683360099792, 0.8100932240486145, 0.8170598745346069, 0.8140429854393005, 0.8093897104263306, 0.8116320967674255, 0.8040714859962463, 0.8132593035697937, 0.8047784566879272, 0.8005239963531494, 0.8034773468971252, 0.8030602335929871, 0.8016009330749512, 0.7978426218032837, 0.8015219569206238, 0.8003305196762085, 0.7986918687820435, 0.7985395193099976, 0.7991834878921509, 0.8018782734870911, 0.8049127459526062, 0.7964047193527222, 0.7991254925727844, 0.7999842762947083, 0.793400764465332, 0.7941015958786011, 0.7970003485679626, 0.8043594360351562, 0.795824408531189, 0.8052900433540344, 0.7978242635726929, 0.797468900680542, 0.7985724210739136, 0.7942674160003662, 0.7956566214561462], "val_accuracy": [0.6465344429016113, 0.6509414911270142, 0.6485459804534912, 0.6520182490348816, 0.6582531929016113, 0.6549312472343445, 0.6543135643005371, 0.6584201455116272, 0.6565671563148499, 0.6581530570983887, 0.6600143313407898, 0.6607739329338074, 0.6588959097862244, 0.6620426177978516, 0.6614165902137756, 0.6618339419364929, 0.6629106402397156, 0.6615084409713745, 0.6671674847602844, 0.66334468126297, 0.6648387312889099, 0.6687366366386414, 0.6663661599159241, 0.6702807545661926, 0.6645799875259399, 0.6701222062110901, 0.6729683876037598, 0.6700387001037598, 0.6708817481994629, 0.6723006963729858, 0.6743956804275513, 0.6719584465026855, 0.6728599071502686, 0.6737864017486572, 0.6744458079338074, 0.6735526919364929, 0.6712406277656555, 0.6695128679275513, 0.6758062839508057, 0.6733440160751343, 0.6730185151100159, 0.6779347062110901, 0.6773504018783569, 0.6753805875778198, 0.6713575124740601, 0.675706148147583, 0.6704143285751343, 0.6746794581413269, 0.6751134991645813, 0.6746878623962402, 0.6779847741127014, 0.6771584749221802]}