{"loss": [9.193174362182617, 7.1932525634765625, 5.664534091949463, 4.566275119781494, 3.756049394607544, 3.159851551055908, 2.7219502925872803, 2.4045543670654297, 2.1745524406433105, 2.0112273693084717, 1.8960981369018555, 1.8144211769104004, 1.7562618255615234, 1.7157257795333862, 1.6879374980926514, 1.66876220703125, 1.6556992530822754, 1.6459429264068604, 1.6375670433044434, 1.6300331354141235, 1.6251440048217773, 1.6219468116760254, 1.6179728507995605, 1.6132489442825317, 1.610399603843689, 1.6075313091278076, 1.6032497882843018, 1.599015235900879, 1.5939239263534546, 1.5897058248519897, 1.5837873220443726, 1.579222559928894, 1.5725886821746826, 1.5671104192733765, 1.560733437538147, 1.5550605058670044, 1.5493218898773193], "accuracy": [0.19844220578670502, 0.22766847908496857, 0.26508376002311707, 0.2777673304080963, 0.28541508316993713, 0.2914392054080963, 0.29047438502311707, 0.2932746708393097, 0.29873400926589966, 0.29692205786705017, 0.29998117685317993, 0.30099302530288696, 0.3033226728439331, 0.3049698770046234, 0.30682888627052307, 0.30638179183006287, 0.3063111901283264, 0.30758190155029297, 0.30821725726127625, 0.31139400601387024, 0.3149237632751465, 0.3126647174358368, 0.3139824867248535, 0.31645330786705017, 0.31887707114219666, 0.3193947672843933, 0.3235127925872803, 0.3276779055595398, 0.3313252925872803, 0.33558452129364014, 0.3389495611190796, 0.34052616357803345, 0.3446441888809204, 0.34970349073410034, 0.3511154055595398, 0.3563394248485565, 0.3605986535549164], "val_loss": [8.100713729858398, 6.353627681732178, 5.060168743133545, 4.111781120300293, 3.4127132892608643, 2.902108669281006, 2.5308010578155518, 2.2633180618286133, 2.0718016624450684, 1.9362760782241821, 1.841204047203064, 1.775177001953125, 1.7291224002838135, 1.6973661184310913, 1.6756312847137451, 1.6611740589141846, 1.6505829095840454, 1.6432491540908813, 1.6376796960830688, 1.6344077587127686, 1.631390929222107, 1.6307380199432373, 1.628455400466919, 1.6272754669189453, 1.6267797946929932, 1.626182198524475, 1.6259000301361084, 1.626239538192749, 1.6286792755126953, 1.631955862045288, 1.6341791152954102, 1.633803367614746, 1.6344871520996094, 1.63983154296875, 1.649090051651001, 1.657006859779358, 1.6664180755615234], "val_accuracy": [0.2177734375, 0.25507813692092896, 0.29130858182907104, 0.30009764432907104, 0.30253905057907104, 0.3018554747104645, 0.30488282442092896, 0.3067382872104645, 0.30644530057907104, 0.30791014432907104, 0.3046875, 0.3067382872104645, 0.30839842557907104, 0.30830079317092896, 0.30791014432907104, 0.3072265684604645, 0.3091796934604645, 0.3095703125, 0.30791014432907104, 0.3067382872104645, 0.3077148497104645, 0.3062500059604645, 0.30712890625, 0.30839842557907104, 0.30888670682907104, 0.3086914122104645, 0.31123048067092896, 0.3089843690395355, 0.3070312440395355, 0.30712890625, 0.3072265684604645, 0.3077148497104645, 0.31201171875, 0.30976563692092896, 0.3062500059604645, 0.3031249940395355, 0.29960936307907104]}