{"loss": [12.572590827941895, 6.924567222595215, 4.66149377822876, 3.6091747283935547, 2.923001527786255, 2.5154690742492676, 2.2461516857147217, 2.0570409297943115, 1.9265092611312866, 1.8332797288894653, 1.7700018882751465, 1.7223365306854248, 1.6882799863815308, 1.6644819974899292, 1.6441572904586792, 1.6257550716400146, 1.6090490818023682, 1.5989153385162354, 1.5879020690917969, 1.5776472091674805, 1.5662691593170166, 1.5635195970535278, 1.551727056503296, 1.542362093925476, 1.5385992527008057, 1.5308864116668701, 1.525322437286377, 1.519853949546814, 1.5102440118789673, 1.5024856328964233, 1.4943469762802124, 1.4877749681472778, 1.4779127836227417, 1.4675301313400269, 1.460829734802246, 1.4480772018432617, 1.4391846656799316], "accuracy": [0.1978539228439331, 0.20453689992427826, 0.20752541720867157, 0.21884413063526154, 0.27769672870635986, 0.29242751002311707, 0.2971573770046234, 0.3039109706878662, 0.30765247344970703, 0.3179122805595398, 0.323606938123703, 0.33104291558265686, 0.3364081382751465, 0.3401496708393097, 0.3471620976924896, 0.35946911573410034, 0.3662697672843933, 0.3711172938346863, 0.3797769248485565, 0.3823889195919037, 0.3876129388809204, 0.3944135904312134, 0.39999058842658997, 0.4064147174358368, 0.40721479058265686, 0.4155920445919037, 0.41876882314682007, 0.421263188123703, 0.42792263627052307, 0.43427616357803345, 0.44208866357803345, 0.44477126002311707, 0.4537132978439331, 0.4643966555595398, 0.4640907347202301, 0.4725385904312134, 0.4819277226924896], "val_loss": [8.87576961517334, 5.458188533782959, 4.022613525390625, 3.238086700439453, 2.69441556930542, 2.3590760231018066, 2.130526065826416, 1.974161148071289, 1.8657596111297607, 1.7906326055526733, 1.7384666204452515, 1.7028894424438477, 1.6745414733886719, 1.6529556512832642, 1.6379292011260986, 1.6207201480865479, 1.6170313358306885, 1.6123230457305908, 1.6017587184906006, 1.5915430784225464, 1.5928435325622559, 1.5862014293670654, 1.5904232263565063, 1.5904972553253174, 1.5908987522125244, 1.5881736278533936, 1.5855309963226318, 1.5881845951080322, 1.5958806276321411, 1.6103368997573853, 1.6096817255020142, 1.613450050354004, 1.6202749013900757, 1.624711036682129, 1.6356433629989624, 1.647528052330017, 1.6522505283355713], "val_accuracy": [0.21123047173023224, 0.21416015923023224, 0.21542969346046448, 0.24755859375, 0.29277342557907104, 0.2978515625, 0.30615234375, 0.31220704317092896, 0.3169921934604645, 0.3231445252895355, 0.3272460997104645, 0.3294921815395355, 0.33710938692092896, 0.3427734375, 0.35175782442092896, 0.35869139432907104, 0.3624023497104645, 0.3666015565395355, 0.36992186307907104, 0.37226563692092896, 0.37451171875, 0.37529295682907104, 0.38017576932907104, 0.3799804747104645, 0.37919920682907104, 0.3809570372104645, 0.38652342557907104, 0.3866210877895355, 0.38232421875, 0.3841796815395355, 0.3828125, 0.3848632872104645, 0.38496094942092896, 0.3837890625, 0.3833984434604645, 0.38398438692092896, 0.3812499940395355]}