{"loss": [46.62895584106445, 28.177490234375, 17.332130432128906, 11.07408618927002, 7.433376312255859, 5.274187088012695, 3.9560160636901855, 3.1242337226867676, 2.587592124938965, 2.235741138458252, 2.005059003829956, 1.8537533283233643, 1.7563952207565308, 1.6918742656707764, 1.6493933200836182, 1.6221778392791748, 1.6021802425384521, 1.5878543853759766, 1.5772953033447266, 1.5671846866607666, 1.5605744123458862, 1.5547943115234375, 1.5434845685958862, 1.5360177755355835, 1.5286474227905273, 1.5218616724014282, 1.5155589580535889, 1.5082861185073853, 1.5022802352905273, 1.499534249305725, 1.4927570819854736, 1.4881161451339722, 1.4817782640457153, 1.4774160385131836, 1.4739811420440674, 1.4682707786560059, 1.4640971422195435, 1.4564156532287598, 1.4507352113723755, 1.4459773302078247, 1.4388967752456665], "accuracy": [0.20618410408496857, 0.2734610438346863, 0.31817111372947693, 0.33193713426589966, 0.3403143882751465, 0.34231457114219666, 0.34292638301849365, 0.34292638301849365, 0.3464325964450836, 0.34791508316993713, 0.34953877329826355, 0.35193899273872375, 0.3534920811653137, 0.35509225726127625, 0.3598220944404602, 0.36156344413757324, 0.36455196142196655, 0.3682464361190796, 0.3742940425872803, 0.3745764195919037, 0.37925922870635986, 0.38483622670173645, 0.3892601728439331, 0.39471951127052307, 0.40123775601387024, 0.4051675498485565, 0.4101797938346863, 0.41443899273872375, 0.41891002655029297, 0.41996893286705017, 0.423828125, 0.4275696575641632, 0.43199360370635986, 0.4342291057109833, 0.43519389629364014, 0.4385589361190796, 0.4408179521560669, 0.44526544213294983, 0.4510542154312134, 0.4520896077156067, 0.45623117685317993], "val_loss": [35.77733612060547, 21.81346321105957, 13.700796127319336, 8.982892990112305, 6.202125549316406, 4.520382404327393, 3.4730160236358643, 2.807880163192749, 2.376192092895508, 2.0939228534698486, 1.9088268280029297, 1.790960669517517, 1.7122013568878174, 1.6635164022445679, 1.6355621814727783, 1.6082830429077148, 1.5957891941070557, 1.5873152017593384, 1.579271912574768, 1.57294762134552, 1.5681712627410889, 1.5636564493179321, 1.5623379945755005, 1.5578763484954834, 1.5554243326187134, 1.5524531602859497, 1.5510404109954834, 1.550773024559021, 1.5498921871185303, 1.5498003959655762, 1.5491044521331787, 1.5505201816558838, 1.5502516031265259, 1.5521745681762695, 1.5514981746673584, 1.5530569553375244, 1.5554372072219849, 1.5570600032806396, 1.5630909204483032, 1.5654665231704712, 1.5788600444793701], "val_accuracy": [0.20937499403953552, 0.23300781846046448, 0.2588867247104645, 0.29736328125, 0.3246093690395355, 0.33837890625, 0.34423828125, 0.3482421934604645, 0.35107421875, 0.35185545682907104, 0.3521484434604645, 0.3525390625, 0.35517579317092896, 0.3560546934604645, 0.357421875, 0.36503905057907104, 0.3628906309604645, 0.3653320372104645, 0.3680664002895355, 0.36835938692092896, 0.3711914122104645, 0.3736328184604645, 0.3790039122104645, 0.38115233182907104, 0.3832031190395355, 0.38603514432907104, 0.3861328065395355, 0.3871093690395355, 0.3871093690395355, 0.38837891817092896, 0.38945311307907104, 0.388671875, 0.38837891817092896, 0.38818359375, 0.3887695372104645, 0.3885742127895355, 0.38623046875, 0.3875976502895355, 0.3863281309604645, 0.38837891817092896, 0.3798828125]}