{"loss": [40.89016342163086, 18.884923934936523, 11.615635871887207, 8.250618934631348, 6.136074066162109, 4.683419704437256, 3.663421154022217, 2.955091953277588, 2.461211681365967, 2.1256206035614014, 1.8952467441558838, 1.7441558837890625, 1.6410181522369385, 1.5757050514221191, 1.529451847076416, 1.4989256858825684, 1.4794858694076538, 1.4621472358703613, 1.4509937763214111, 1.4415998458862305, 1.4346461296081543, 1.424514889717102, 1.4175230264663696, 1.4174504280090332, 1.4097709655761719, 1.4072022438049316, 1.3979852199554443, 1.3936201333999634, 1.3890113830566406, 1.3864585161209106, 1.383573293685913, 1.3758010864257812, 1.3740570545196533, 1.3715450763702393, 1.3657563924789429, 1.3650963306427002, 1.3585243225097656, 1.3540986776351929], "accuracy": [0.2387927770614624, 0.2809244692325592, 0.350771963596344, 0.3837890625, 0.4128534197807312, 0.425688236951828, 0.43115234375, 0.436221182346344, 0.437895268201828, 0.4429175853729248, 0.4449869692325592, 0.4480794370174408, 0.45068359375, 0.4532412588596344, 0.4570080041885376, 0.4577752947807312, 0.4615420401096344, 0.4651227593421936, 0.4646112322807312, 0.4692615270614624, 0.4698428213596344, 0.4753301739692688, 0.4809337854385376, 0.4767717719078064, 0.4822823703289032, 0.4855608344078064, 0.49072265625, 0.4906063973903656, 0.4915597140789032, 0.4941173791885376, 0.4962100088596344, 0.5014183521270752, 0.501836895942688, 0.5033249855041504, 0.5069056749343872, 0.5091843605041504, 0.5127185583114624, 0.5132300853729248], "val_loss": [25.5571231842041, 14.158411979675293, 9.702154159545898, 7.150078773498535, 5.400477409362793, 4.155643939971924, 3.278602123260498, 2.6742985248565674, 2.2642910480499268, 1.9862948656082153, 1.8030790090560913, 1.685333490371704, 1.6067155599594116, 1.5535993576049805, 1.517871379852295, 1.4943219423294067, 1.4769386053085327, 1.463119387626648, 1.45450758934021, 1.444949746131897, 1.4410133361816406, 1.4357454776763916, 1.4339109659194946, 1.4270687103271484, 1.4263677597045898, 1.422825813293457, 1.4301484823226929, 1.418405294418335, 1.4210313558578491, 1.4222476482391357, 1.421759843826294, 1.4201700687408447, 1.418411374092102, 1.4221673011779785, 1.4185224771499634, 1.4205400943756104, 1.4252846240997314, 1.4251760244369507], "val_accuracy": [0.2648809552192688, 0.2802269458770752, 0.3244977593421936, 0.3742559552192688, 0.406343013048172, 0.4263392984867096, 0.437593013048172, 0.4401971697807312, 0.4420572817325592, 0.4450334906578064, 0.4448474645614624, 0.4477306604385376, 0.4475446343421936, 0.4503348171710968, 0.4523809552192688, 0.4523809552192688, 0.4573102593421936, 0.4604724645614624, 0.4605654776096344, 0.4635416567325592, 0.466703861951828, 0.4683779776096344, 0.4694010317325592, 0.474795401096344, 0.4768415093421936, 0.474609375, 0.4702380895614624, 0.4821428656578064, 0.4765625, 0.474795401096344, 0.4779575765132904, 0.4778645932674408, 0.4781436026096344, 0.4741443395614624, 0.4773065447807312, 0.474516361951828, 0.4734002947807312, 0.47265625]}