{"loss": [12.403068542480469, 6.758242607116699, 4.564675807952881, 3.4826831817626953, 2.884431838989258, 2.5015013217926025, 2.2383601665496826, 2.052426338195801, 1.9181288480758667, 1.8257416486740112, 1.7579660415649414, 1.711646556854248, 1.6733589172363281, 1.6440067291259766, 1.6212137937545776, 1.6031663417816162, 1.5872001647949219, 1.5737158060073853, 1.5621669292449951, 1.5522851943969727, 1.548078179359436, 1.5371819734573364, 1.526564598083496, 1.5200477838516235, 1.5130341053009033, 1.5049799680709839, 1.496865153312683, 1.4899169206619263, 1.4787315130233765, 1.4711518287658691, 1.4597622156143188, 1.4527339935302734, 1.4403138160705566], "accuracy": [0.20006589591503143, 0.20783132314682007, 0.21726751327514648, 0.27303746342658997, 0.2934629023075104, 0.3043815791606903, 0.31318241357803345, 0.31918299198150635, 0.3282426595687866, 0.33407849073410034, 0.3393495976924896, 0.3479856848716736, 0.35480985045433044, 0.3631400465965271, 0.37252917885780334, 0.38017696142196655, 0.38754236698150635, 0.3930722773075104, 0.39848455786705017, 0.40420275926589966, 0.4080619215965271, 0.4106268882751465, 0.4196394979953766, 0.4244164228439331, 0.4278990924358368, 0.4346291422843933, 0.44178274273872375, 0.44615963101387024, 0.4532897174358368, 0.46176111698150635, 0.4671027958393097, 0.47016188502311707, 0.481810063123703], "val_loss": [8.66999626159668, 5.334521770477295, 3.9445629119873047, 3.1614017486572266, 2.6842784881591797, 2.350851535797119, 2.123868227005005, 1.9648711681365967, 1.855979323387146, 1.781130075454712, 1.7267789840698242, 1.6857078075408936, 1.6640865802764893, 1.6344343423843384, 1.6164321899414062, 1.6037685871124268, 1.594132661819458, 1.610311508178711, 1.597888469696045, 1.587268590927124, 1.60854971408844, 1.6003345251083374, 1.5853726863861084, 1.5954854488372803, 1.6081804037094116, 1.6176745891571045, 1.6108925342559814, 1.6025102138519287, 1.6135438680648804, 1.6124064922332764, 1.6216633319854736, 1.655167579650879, 1.6580747365951538], "val_accuracy": [0.21591797471046448, 0.22001953423023224, 0.2510742247104645, 0.29951173067092896, 0.3062500059604645, 0.3124023377895355, 0.3250976502895355, 0.3321289122104645, 0.33857423067092896, 0.3428710997104645, 0.34716796875, 0.35478514432907104, 0.35869139432907104, 0.3719726502895355, 0.3773437440395355, 0.3802734315395355, 0.38251954317092896, 0.37529295682907104, 0.3828125, 0.38652342557907104, 0.3768554627895355, 0.38232421875, 0.3910156190395355, 0.38603514432907104, 0.3817382752895355, 0.38164061307907104, 0.38427734375, 0.3921875059604645, 0.3873046934604645, 0.38994139432907104, 0.38740235567092896, 0.38457030057907104, 0.3838867247104645]}