{"loss": [12.382920265197754, 6.724981307983398, 4.520264625549316, 3.454669237136841, 2.8773999214172363, 2.4987010955810547, 2.2348878383636475, 2.04880690574646, 1.9162225723266602, 1.82163667678833, 1.7534891366958618, 1.7024041414260864, 1.6648051738739014, 1.6324564218521118, 1.608560562133789, 1.5932366847991943, 1.5762624740600586, 1.5622748136520386, 1.5540398359298706, 1.5430610179901123, 1.532875657081604, 1.527625560760498, 1.5195671319961548, 1.5140175819396973, 1.5089097023010254, 1.5033068656921387, 1.493767499923706, 1.4959321022033691, 1.493192195892334, 1.4737554788589478, 1.4676848649978638, 1.4612867832183838], "accuracy": [0.20119540393352509, 0.20841962099075317, 0.23305723071098328, 0.2899802327156067, 0.3015342652797699, 0.3088761270046234, 0.31861820816993713, 0.32353633642196655, 0.3312782347202301, 0.3390907347202301, 0.34560900926589966, 0.3539862632751465, 0.36125752329826355, 0.3697759807109833, 0.37925922870635986, 0.3838478922843933, 0.3917074501514435, 0.3996140956878662, 0.4032379388809204, 0.40935617685317993, 0.4133330285549164, 0.41759225726127625, 0.4230986535549164, 0.42632248997688293, 0.42964044213294983, 0.43340548872947693, 0.4403237998485565, 0.4401590824127197, 0.44060617685317993, 0.4523955285549164, 0.46039626002311707, 0.4678558111190796], "val_loss": [8.638859748840332, 5.30566930770874, 3.9170517921447754, 3.183307647705078, 2.7002675533294678, 2.364539861679077, 2.131448984146118, 1.9688001871109009, 1.855717658996582, 1.7789113521575928, 1.7202268838882446, 1.6815866231918335, 1.647874116897583, 1.6281121969223022, 1.6189908981323242, 1.6044334173202515, 1.5946297645568848, 1.5918447971343994, 1.584674596786499, 1.5819783210754395, 1.5756361484527588, 1.5741159915924072, 1.5879803895950317, 1.5926332473754883, 1.593000054359436, 1.6013038158416748, 1.6191399097442627, 1.595092535018921, 1.5793750286102295, 1.5990153551101685, 1.6235313415527344, 1.6276395320892334], "val_accuracy": [0.21406249701976776, 0.21406249701976776, 0.25947266817092896, 0.27714842557907104, 0.30615234375, 0.32275390625, 0.3338867127895355, 0.33271485567092896, 0.34062498807907104, 0.35039061307907104, 0.3594726622104645, 0.36279296875, 0.3662109375, 0.36894530057907104, 0.3701171875, 0.37421876192092896, 0.38037109375, 0.38056641817092896, 0.3856445252895355, 0.3866210877895355, 0.3946289122104645, 0.39326173067092896, 0.3857421875, 0.3841796815395355, 0.38505858182907104, 0.38261717557907104, 0.37285155057907104, 0.3895507752895355, 0.4014648497104645, 0.3915039002895355, 0.37890625, 0.3822265565395355]}