{"loss": [17.25296974182129, 10.773844718933105, 7.263006210327148, 5.298505783081055, 4.1130170822143555, 3.343196153640747, 2.8217954635620117, 2.4403276443481445, 2.11305832862854, 1.9250221252441406, 1.8052901029586792, 1.71971595287323, 1.665027141571045, 1.6137043237686157, 1.5780489444732666, 1.5501253604888916, 1.5318310260772705, 1.512835144996643, 1.4976149797439575, 1.4839130640029907, 1.472087025642395, 1.4655004739761353, 1.464023232460022, 1.44141685962677, 1.4247709512710571, 1.4125356674194336, 1.3917347192764282, 1.379034161567688, 1.3563637733459473, 1.3351274728775024], "accuracy": [0.19463008642196655, 0.2067488729953766, 0.20950207114219666, 0.20983152091503143, 0.20966678857803345, 0.2106551229953766, 0.21340832114219666, 0.22962160408496857, 0.28435617685317993, 0.31155872344970703, 0.32850149273872375, 0.34471479058265686, 0.3584572672843933, 0.37177616357803345, 0.3856362998485565, 0.39895519614219666, 0.40328502655029297, 0.4121329188346863, 0.4217337965965271, 0.4280638098716736, 0.43397024273872375, 0.43860599398612976, 0.4366293251514435, 0.45126599073410034, 0.4649849534034729, 0.4702324867248535, 0.4854339361190796, 0.49359938502311707, 0.5059299468994141, 0.5211078524589539], "val_loss": [13.328076362609863, 8.645529747009277, 6.094168186187744, 4.608206748962402, 3.6716644763946533, 3.046370267868042, 2.6163523197174072, 2.233943462371826, 1.9831548929214478, 1.839564323425293, 1.7394672632217407, 1.6728976964950562, 1.6303808689117432, 1.5862581729888916, 1.558440923690796, 1.5438997745513916, 1.5277385711669922, 1.5214385986328125, 1.516480565071106, 1.5140938758850098, 1.5153144598007202, 1.5431300401687622, 1.521504282951355, 1.520293951034546, 1.5248990058898926, 1.5313246250152588, 1.5475751161575317, 1.5588388442993164, 1.5858157873153687, 1.6084064245224], "val_accuracy": [0.20781250298023224, 0.20781250298023224, 0.20781250298023224, 0.20781250298023224, 0.20781250298023224, 0.20791015028953552, 0.21367187798023224, 0.25761717557907104, 0.3052734434604645, 0.32490235567092896, 0.34130859375, 0.35205078125, 0.359375, 0.3768554627895355, 0.38916015625, 0.3934570252895355, 0.39873045682907104, 0.4000000059604645, 0.40283203125, 0.40351563692092896, 0.40478515625, 0.3880859315395355, 0.3995117247104645, 0.40351563692092896, 0.40498048067092896, 0.40605467557907104, 0.4063476622104645, 0.404296875, 0.3990234434604645, 0.39667969942092896]}