{"loss": [46.62919616699219, 28.14347267150879, 17.278329849243164, 11.02640151977539, 7.401060581207275, 5.253518581390381, 3.940974235534668, 3.116694688796997, 2.5808305740356445, 2.2323849201202393, 2.002974510192871, 1.8527977466583252, 1.754617691040039, 1.6915323734283447, 1.6492336988449097, 1.6218469142913818, 1.6038095951080322, 1.5885456800460815, 1.5796387195587158, 1.5720120668411255, 1.5626509189605713, 1.5604891777038574, 1.556219458580017, 1.549895167350769, 1.545504093170166, 1.5408353805541992, 1.536297082901001, 1.5300475358963013, 1.5270907878875732, 1.522782325744629, 1.5195086002349854, 1.5141156911849976, 1.5099796056747437, 1.5055290460586548, 1.5016533136367798, 1.4982556104660034, 1.495012640953064, 1.4881359338760376, 1.4819984436035156, 1.4756118059158325], "accuracy": [0.20227785408496857, 0.26522496342658997, 0.3177710771560669, 0.33212536573410034, 0.33598455786705017, 0.33782002329826355, 0.3421027958393097, 0.3435852825641632, 0.34607961773872375, 0.34622082114219666, 0.3467385172843933, 0.3503859043121338, 0.35313913226127625, 0.3535391688346863, 0.35598644614219666, 0.3588808476924896, 0.3632577061653137, 0.36528143286705017, 0.3683876097202301, 0.37128201127052307, 0.3757530152797699, 0.3772825598716736, 0.3791886270046234, 0.38062405586242676, 0.38321253657341003, 0.3871423304080963, 0.3900367021560669, 0.39267224073410034, 0.3927193284034729, 0.3968138098716736, 0.39970821142196655, 0.40450865030288696, 0.4059205651283264, 0.40752071142196655, 0.41008564829826355, 0.4106033444404602, 0.41653332114219666, 0.42027485370635986, 0.42086315155029297, 0.4263695478439331], "val_loss": [35.74785232543945, 21.754653930664062, 13.644131660461426, 8.939529418945312, 6.172200679779053, 4.504043102264404, 3.4630374908447266, 2.800889730453491, 2.3697426319122314, 2.089752435684204, 1.905761957168579, 1.787123680114746, 1.712114691734314, 1.6608245372772217, 1.6316477060317993, 1.6098750829696655, 1.5940340757369995, 1.584281325340271, 1.579176425933838, 1.5751996040344238, 1.5696368217468262, 1.5690547227859497, 1.568801999092102, 1.5661470890045166, 1.5635836124420166, 1.5636793375015259, 1.5648987293243408, 1.5630145072937012, 1.5636719465255737, 1.562013864517212, 1.5628955364227295, 1.5652494430541992, 1.56793212890625, 1.5693612098693848, 1.5731842517852783, 1.573276162147522, 1.574280858039856, 1.5787056684494019, 1.5807132720947266, 1.588109016418457], "val_accuracy": [0.20830078423023224, 0.23515625298023224, 0.25849610567092896, 0.30048829317092896, 0.32685548067092896, 0.3392578065395355, 0.34638673067092896, 0.34941405057907104, 0.35175782442092896, 0.3499999940395355, 0.3505859375, 0.35087889432907104, 0.35273438692092896, 0.3548828065395355, 0.3555664122104645, 0.3558593690395355, 0.36347657442092896, 0.3672851622104645, 0.36474609375, 0.37089842557907104, 0.36992186307907104, 0.36894530057907104, 0.36992186307907104, 0.3724609315395355, 0.37285155057907104, 0.37187498807907104, 0.37158203125, 0.37353515625, 0.37226563692092896, 0.3753906190395355, 0.3753906190395355, 0.37226563692092896, 0.3705078065395355, 0.37041014432907104, 0.36669921875, 0.36845701932907104, 0.3707031309604645, 0.3685546815395355, 0.37275391817092896, 0.37060546875]}