{"loss": [12.537169456481934, 6.887063503265381, 4.634184837341309, 3.536348342895508, 2.9092471599578857, 2.5224549770355225, 2.2527482509613037, 2.0648767948150635, 1.9340320825576782, 1.8413116931915283, 1.7752740383148193, 1.7292920351028442, 1.6962274312973022, 1.6714504957199097, 1.6529426574707031, 1.6389505863189697, 1.6247003078460693, 1.6116732358932495, 1.6012197732925415, 1.5902831554412842, 1.5822398662567139, 1.56912362575531, 1.565010666847229, 1.5563998222351074, 1.5460699796676636, 1.535895586013794, 1.5263205766677856, 1.5169461965560913, 1.5068475008010864, 1.5013796091079712, 1.490389347076416, 1.4785921573638916, 1.4686604738235474, 1.456512212753296], "accuracy": [0.19688911736011505, 0.2052428424358368, 0.2121376097202301, 0.2605421543121338, 0.2873917520046234, 0.29275697469711304, 0.30132248997688293, 0.3078172206878662, 0.31499436497688293, 0.3167121708393097, 0.3229950964450836, 0.3253953456878662, 0.32913684844970703, 0.3361022174358368, 0.34375, 0.3469032347202301, 0.35556286573410034, 0.3620340824127197, 0.3687170445919037, 0.37582361698150635, 0.3808829188346863, 0.3893778324127197, 0.39130741357803345, 0.3983198404312134, 0.4076383709907532, 0.41500377655029297, 0.42060428857803345, 0.4284638464450836, 0.4350762367248535, 0.44206514954566956, 0.45065417885780334, 0.4570547938346863, 0.46519672870635986, 0.4749152958393097], "val_loss": [8.835648536682129, 5.42740535736084, 4.0031890869140625, 3.1850407123565674, 2.70186448097229, 2.367860794067383, 2.1416428089141846, 1.9829877614974976, 1.874751329421997, 1.799033522605896, 1.7493995428085327, 1.7094942331314087, 1.683599829673767, 1.6648095846176147, 1.6512243747711182, 1.6363388299942017, 1.6291996240615845, 1.6178064346313477, 1.6085926294326782, 1.603865385055542, 1.601738691329956, 1.6009576320648193, 1.5955560207366943, 1.5937387943267822, 1.5981329679489136, 1.6014299392700195, 1.6070277690887451, 1.6091588735580444, 1.6156435012817383, 1.6210771799087524, 1.6386137008666992, 1.64070725440979, 1.6553905010223389, 1.6714338064193726], "val_accuracy": [0.20986327528953552, 0.21240234375, 0.22031250596046448, 0.2791992127895355, 0.2900390625, 0.3017578125, 0.3077148497104645, 0.31572264432907104, 0.31806641817092896, 0.32275390625, 0.3233398497104645, 0.3291015625, 0.33134764432907104, 0.33134764432907104, 0.33740234375, 0.3466796875, 0.3504882752895355, 0.35986328125, 0.3663085997104645, 0.36845701932907104, 0.37060546875, 0.3780273497104645, 0.37529295682907104, 0.3804687559604645, 0.38134765625, 0.37822264432907104, 0.37822264432907104, 0.38203126192092896, 0.38310545682907104, 0.38007813692092896, 0.37861329317092896, 0.37841796875, 0.37724608182907104, 0.37773436307907104]}