{"loss": [12.710508346557617, 8.80495834350586, 6.236171722412109, 4.517373561859131, 3.4112019538879395, 2.738152265548706, 2.304669141769409, 2.0198240280151367, 1.820435881614685, 1.6851547956466675, 1.5834771394729614, 1.5043573379516602, 1.4303932189941406, 1.397562861442566, 1.3291970491409302, 1.2752025127410889, 1.1440194845199585, 1.0569905042648315, 1.146939754486084, 1.006553292274475, 0.866645097732544, 0.8531776070594788], "accuracy": [0.20263083279132843, 0.2073136270046234, 0.20997270941734314, 0.2520943284034729, 0.3051581382751465, 0.33452561497688293, 0.3620340824127197, 0.37928274273872375, 0.3990728557109833, 0.41879236698150635, 0.4405120611190796, 0.459596186876297, 0.4831748902797699, 0.4903990924358368, 0.5135542154312134, 0.5379800200462341, 0.6037509441375732, 0.6469550132751465, 0.6011389493942261, 0.6498023271560669, 0.7211502194404602, 0.7259271740913391], "val_loss": [10.472188949584961, 7.3216352462768555, 5.274842739105225, 3.8998875617980957, 3.050175189971924, 2.501729726791382, 2.1433892250061035, 1.9233850240707397, 1.7778866291046143, 1.7103239297866821, 1.665456771850586, 1.6245495080947876, 1.6421496868133545, 1.6311709880828857, 1.6428985595703125, 1.7288310527801514, 1.8423408269882202, 2.0385990142822266, 1.8941221237182617, 1.955246925354004, 2.1806399822235107, 2.0709879398345947], "val_accuracy": [0.20781250298023224, 0.20781250298023224, 0.2119140625, 0.27812498807907104, 0.3207031190395355, 0.33759766817092896, 0.36542969942092896, 0.3705078065395355, 0.38935548067092896, 0.3848632872104645, 0.38525390625, 0.39130860567092896, 0.38847655057907104, 0.38837891817092896, 0.3877929747104645, 0.38037109375, 0.37480467557907104, 0.3604492247104645, 0.3470703065395355, 0.3548828065395355, 0.35205078125, 0.35624998807907104]}