{"loss": [12.90539264678955, 8.938826560974121, 6.2924652099609375, 4.624294281005859, 3.5601112842559814, 2.8799333572387695, 2.445129156112671, 2.1651322841644287, 1.9839385747909546, 1.8640408515930176, 1.784335732460022, 1.7297760248184204, 1.6905752420425415, 1.6639225482940674, 1.6439409255981445, 1.6292140483856201, 1.6161139011383057, 1.60642671585083, 1.5961024761199951, 1.5874640941619873, 1.5779588222503662, 1.5681378841400146, 1.5583139657974243, 1.547603964805603, 1.5324749946594238, 1.5206440687179565, 1.5091875791549683, 1.4927871227264404, 1.4727859497070312, 1.4567487239837646], "accuracy": [0.20185428857803345, 0.22743317484855652, 0.26931947469711304, 0.28120294213294983, 0.28776827454566956, 0.29016849398612976, 0.29586315155029297, 0.2977691888809204, 0.3019813597202301, 0.3052757978439331, 0.3119352459907532, 0.31650036573410034, 0.3245011270046234, 0.32506588101387024, 0.3324548304080963, 0.3332549035549164, 0.33767884969711304, 0.3415144979953766, 0.35076242685317993, 0.3517272174358368, 0.35902202129364014, 0.3684346675872803, 0.3727409541606903, 0.3829301595687866, 0.38977786898612976, 0.397825688123703, 0.40450865030288696, 0.41606268286705017, 0.42973455786705017, 0.43724116683006287], "val_loss": [10.655803680419922, 7.434391975402832, 5.359436988830566, 4.020454406738281, 3.169074058532715, 2.6247432231903076, 2.2794063091278076, 2.0600337982177734, 1.916460394859314, 1.8219753503799438, 1.757859468460083, 1.713187575340271, 1.6843748092651367, 1.666481614112854, 1.6492074728012085, 1.6382598876953125, 1.6311393976211548, 1.6262811422348022, 1.626529335975647, 1.6248401403427124, 1.625181794166565, 1.625140905380249, 1.6280205249786377, 1.6290483474731445, 1.6341930627822876, 1.644672155380249, 1.6559921503067017, 1.6696357727050781, 1.6802656650543213, 1.6953504085540771], "val_accuracy": [0.21396484971046448, 0.24013671278953552, 0.27392578125, 0.28544920682907104, 0.2950195372104645, 0.3003906309604645, 0.30449217557907104, 0.30419921875, 0.3075195252895355, 0.30878907442092896, 0.3138671815395355, 0.32080078125, 0.32050782442092896, 0.3233398497104645, 0.32929688692092896, 0.33222657442092896, 0.33808594942092896, 0.33642578125, 0.3358398377895355, 0.33623045682907104, 0.3370117247104645, 0.33544921875, 0.33515626192092896, 0.34111326932907104, 0.3392578065395355, 0.3369140625, 0.3373046815395355, 0.33173829317092896, 0.3340820372104645, 0.32861328125]}