{"loss": [12.521218299865723, 6.885538578033447, 4.626093864440918, 3.5036351680755615, 2.901700019836426, 2.510420560836792, 2.2442467212677, 2.0536928176879883, 1.9169707298278809, 1.822318196296692, 1.7534383535385132, 1.7017500400543213, 1.6657782793045044, 1.6336548328399658, 1.6100434064865112, 1.5920007228851318, 1.577953815460205, 1.565026879310608, 1.5579392910003662, 1.5450108051300049, 1.537186622619629, 1.5334781408309937, 1.5247251987457275, 1.518165946006775, 1.5131230354309082, 1.5049147605895996, 1.4942113161087036, 1.489729881286621, 1.4822660684585571, 1.4725098609924316, 1.4634230136871338, 1.4584990739822388], "accuracy": [0.2017837017774582, 0.20985504984855652, 0.22710372507572174, 0.2863799035549164, 0.3016519248485565, 0.3135353922843933, 0.32191264629364014, 0.32598361372947693, 0.33673757314682007, 0.34292638301849365, 0.3507859706878662, 0.35902202129364014, 0.3617987632751465, 0.37088197469711304, 0.3783414959907532, 0.3862951695919037, 0.3948136270046234, 0.39533132314682007, 0.40029650926589966, 0.40813252329826355, 0.41246235370635986, 0.41521555185317993, 0.4185570478439331, 0.4243222773075104, 0.42841678857803345, 0.4344879388809204, 0.43910014629364014, 0.4433358311653137, 0.4477127194404602, 0.45707830786705017, 0.46086689829826355, 0.466796875], "val_loss": [8.826467514038086, 5.432237148284912, 3.989572048187256, 3.219270706176758, 2.7273106575012207, 2.3788342475891113, 2.1391994953155518, 1.9729045629501343, 1.8553431034088135, 1.7735618352890015, 1.7154877185821533, 1.6766268014907837, 1.643061637878418, 1.6202061176300049, 1.604081392288208, 1.592809796333313, 1.5822581052780151, 1.5788705348968506, 1.5730419158935547, 1.5700632333755493, 1.5683454275131226, 1.5679590702056885, 1.5681506395339966, 1.5694886445999146, 1.5682976245880127, 1.5722270011901855, 1.5765368938446045, 1.5771726369857788, 1.5802743434906006, 1.5858863592147827, 1.597579836845398, 1.5985684394836426], "val_accuracy": [0.21455077826976776, 0.21591797471046448, 0.2523437440395355, 0.27265626192092896, 0.2945312559604645, 0.32636719942092896, 0.3375000059604645, 0.34599608182907104, 0.34619140625, 0.35087889432907104, 0.35888671875, 0.36601561307907104, 0.37236326932907104, 0.37675780057907104, 0.38300782442092896, 0.3875976502895355, 0.38916015625, 0.3892578184604645, 0.39140623807907104, 0.39384764432907104, 0.396484375, 0.3988281190395355, 0.3995117247104645, 0.39697265625, 0.400390625, 0.39892578125, 0.4013671875, 0.39970701932907104, 0.40019530057907104, 0.40087890625, 0.39892578125, 0.40009766817092896]}