{"loss": [31.367338180541992, 23.32209587097168, 17.374662399291992, 12.964569091796875, 9.703237533569336, 7.312727928161621, 5.577317714691162, 4.332094669342041, 3.452566385269165, 2.8401708602905273, 2.4174959659576416, 2.1316606998443604, 1.9395734071731567, 1.8140740394592285, 1.7330970764160156, 1.6805362701416016, 1.6469149589538574, 1.6255346536636353, 1.6123859882354736, 1.6004254817962646, 1.5960988998413086, 1.5905691385269165, 1.5878509283065796, 1.5851514339447021, 1.5823103189468384, 1.5801184177398682, 1.5781131982803345, 1.5766031742095947, 1.574157953262329, 1.5735063552856445, 1.5714701414108276, 1.569162368774414, 1.5677717924118042, 1.5650616884231567, 1.564356803894043, 1.5612469911575317, 1.5605037212371826, 1.558142066001892, 1.558266282081604, 1.5563066005706787, 1.553380012512207, 1.5539594888687134, 1.5508652925491333, 1.5497992038726807, 1.5492737293243408, 1.5480895042419434, 1.5463420152664185, 1.545203685760498, 1.5427453517913818, 1.5424031019210815, 1.5412119626998901, 1.5394235849380493, 1.5365245342254639, 1.535543441772461, 1.53516685962677, 1.5328558683395386, 1.532262921333313], "accuracy": [0.2351280152797699, 0.3057464361190796, 0.32520708441734314, 0.3311370611190796, 0.3344550132751465, 0.33843186497688293, 0.3386671543121338, 0.33989080786705017, 0.33902013301849365, 0.3414674401283264, 0.3404085040092468, 0.3416792154312134, 0.3426910638809204, 0.34400883316993713, 0.3445265293121338, 0.3428558111190796, 0.34367939829826355, 0.34636202454566956, 0.34876224398612976, 0.3493034541606903, 0.35000941157341003, 0.35088008642196655, 0.3530685305595398, 0.3518684208393097, 0.3520566523075104, 0.356080561876297, 0.3553510904312134, 0.35688063502311707, 0.35737481713294983, 0.3584572672843933, 0.3601044714450836, 0.35946911573410034, 0.36137518286705017, 0.3620811402797699, 0.3635871708393097, 0.36518731713294983, 0.36514025926589966, 0.36758753657341003, 0.36758753657341003, 0.367799311876297, 0.36798757314682007, 0.36968186497688293, 0.37130552530288696, 0.3698465824127197, 0.37219974398612976, 0.37283509969711304, 0.37267038226127625, 0.37568241357803345, 0.37537649273872375, 0.37434110045433044, 0.37582361698150635, 0.37747082114219666, 0.38165944814682007, 0.38031813502311707, 0.3806946575641632, 0.38245952129364014, 0.38304781913757324], "val_loss": [26.9694766998291, 20.086891174316406, 14.967595100402832, 11.166747093200684, 8.367474555969238, 6.329647541046143, 4.863198757171631, 3.8215041160583496, 3.0903725624084473, 2.584907293319702, 2.2405526638031006, 2.0091798305511475, 1.8566023111343384, 1.7569347620010376, 1.6932815313339233, 1.651944875717163, 1.6260013580322266, 1.609021782875061, 1.5981286764144897, 1.5897330045700073, 1.585211992263794, 1.581498622894287, 1.5792033672332764, 1.5775737762451172, 1.575171947479248, 1.5744754076004028, 1.5735375881195068, 1.572049856185913, 1.5715186595916748, 1.5705592632293701, 1.5691474676132202, 1.5683233737945557, 1.5673553943634033, 1.5676791667938232, 1.5667567253112793, 1.5656367540359497, 1.5655806064605713, 1.5655597448349, 1.5659074783325195, 1.5661998987197876, 1.5652694702148438, 1.5655549764633179, 1.5646324157714844, 1.5640485286712646, 1.5635077953338623, 1.5632482767105103, 1.562801480293274, 1.563235878944397, 1.5630228519439697, 1.562851071357727, 1.5629866123199463, 1.563910722732544, 1.5639375448226929, 1.5634362697601318, 1.5637997388839722, 1.5642378330230713, 1.564386010169983], "val_accuracy": [0.21142578125, 0.2752929627895355, 0.31269532442092896, 0.3349609375, 0.3460937440395355, 0.35078126192092896, 0.35224610567092896, 0.35273438692092896, 0.35371094942092896, 0.3531250059604645, 0.35332030057907104, 0.3534179627895355, 0.35419923067092896, 0.35566407442092896, 0.3543945252895355, 0.353515625, 0.35429686307907104, 0.3553710877895355, 0.35712891817092896, 0.3570312559604645, 0.35908204317092896, 0.3589843809604645, 0.3609375059604645, 0.3622070252895355, 0.36259764432907104, 0.3643554747104645, 0.36328125, 0.36259764432907104, 0.36503905057907104, 0.3658203184604645, 0.3651367127895355, 0.3648437559604645, 0.3663085997104645, 0.36406248807907104, 0.36250001192092896, 0.365234375, 0.3636718690395355, 0.36396485567092896, 0.3624023497104645, 0.3617187440395355, 0.3617187440395355, 0.3623046875, 0.3624023497104645, 0.3633789122104645, 0.36357420682907104, 0.36503905057907104, 0.36455076932907104, 0.3636718690395355, 0.365234375, 0.3648437559604645, 0.36298829317092896, 0.36503905057907104, 0.36308592557907104, 0.36347657442092896, 0.3633789122104645, 0.3626953065395355, 0.36152344942092896]}