{"loss": [12.373147964477539, 6.720803737640381, 4.529609203338623, 3.4588515758514404, 2.8786303997039795, 2.4988045692443848, 2.2367143630981445, 2.051265001296997, 1.9210124015808105, 1.8240009546279907, 1.756129264831543, 1.7025413513183594, 1.665612816810608, 1.6350669860839844, 1.6145583391189575, 1.5936648845672607, 1.581131935119629, 1.5714385509490967, 1.5593818426132202, 1.5484050512313843, 1.5392038822174072, 1.5386842489242554, 1.5336238145828247, 1.5223767757415771, 1.5150724649429321, 1.514161229133606, 1.5062638521194458, 1.4979338645935059, 1.4888801574707031, 1.4839751720428467, 1.4771196842193604, 1.473534107208252, 1.4638350009918213, 1.4585436582565308, 1.4489089250564575, 1.4411017894744873, 1.4342577457427979], "accuracy": [0.19825395941734314, 0.20721949636936188, 0.22616246342658997, 0.282591313123703, 0.29466304183006287, 0.3085702061653137, 0.3146178424358368, 0.3209478557109833, 0.3269484043121338, 0.3353021442890167, 0.34575018286705017, 0.3571159541606903, 0.36382248997688293, 0.3737528324127197, 0.37671780586242676, 0.38377729058265686, 0.3894013464450836, 0.3930017054080963, 0.39942583441734314, 0.4047675132751465, 0.407591313123703, 0.4076148271560669, 0.4113563597202301, 0.4212396442890167, 0.4234045445919037, 0.42448702454566956, 0.4309346675872803, 0.434935063123703, 0.4408414959907532, 0.4467714726924896, 0.44957172870635986, 0.4555722773075104, 0.46131399273872375, 0.4660909175872803, 0.4725150465965271, 0.4780449867248535, 0.48218655586242676], "val_loss": [8.628973960876465, 5.305442810058594, 3.9354584217071533, 3.193068265914917, 2.716501235961914, 2.3839290142059326, 2.1441543102264404, 1.9726219177246094, 1.8632996082305908, 1.776110291481018, 1.7188265323638916, 1.6742547750473022, 1.649522066116333, 1.628082036972046, 1.6048930883407593, 1.6003749370574951, 1.5936415195465088, 1.5908887386322021, 1.577523112297058, 1.5667119026184082, 1.5677130222320557, 1.567848801612854, 1.5641323328018188, 1.5700339078903198, 1.5728085041046143, 1.5643441677093506, 1.5628654956817627, 1.5764237642288208, 1.5687319040298462, 1.5708175897598267, 1.576123595237732, 1.5813854932785034, 1.5827481746673584, 1.5979058742523193, 1.6028486490249634, 1.606030821800232, 1.6177679300308228], "val_accuracy": [0.21083983778953552, 0.2119140625, 0.22968749701976776, 0.2582031190395355, 0.28369140625, 0.3094726502895355, 0.32001954317092896, 0.3350585997104645, 0.3335937559604645, 0.3453125059604645, 0.35546875, 0.36787110567092896, 0.3643554747104645, 0.3714843690395355, 0.38349610567092896, 0.37861329317092896, 0.3797851502895355, 0.3797851502895355, 0.38818359375, 0.39335936307907104, 0.3946289122104645, 0.3955078125, 0.39716798067092896, 0.3934570252895355, 0.3946289122104645, 0.3963867127895355, 0.3973632752895355, 0.39501953125, 0.3985351622104645, 0.40312498807907104, 0.4009765684604645, 0.400390625, 0.40380859375, 0.3958984315395355, 0.39794921875, 0.3993164002895355, 0.3993164002895355]}