{"loss": [12.424717903137207, 6.7674970626831055, 4.573470115661621, 3.488186836242676, 2.884376287460327, 2.5008351802825928, 2.2358081340789795, 2.0486183166503906, 1.9175288677215576, 1.8240464925765991, 1.7573025226593018, 1.7086955308914185, 1.670401692390442, 1.6413418054580688, 1.6205065250396729, 1.599967122077942, 1.5841058492660522, 1.5724976062774658, 1.5597361326217651, 1.5518074035644531, 1.540791392326355, 1.5341293811798096, 1.528309941291809, 1.5214134454727173, 1.5149073600769043, 1.5073063373565674, 1.5068453550338745, 1.4944953918457031, 1.4900386333465576, 1.479161024093628, 1.4754140377044678, 1.4698073863983154, 1.4598819017410278, 1.4505255222320557], "accuracy": [0.1979951113462448, 0.2073136270046234, 0.21312594413757324, 0.26957830786705017, 0.2956278324127197, 0.30642884969711304, 0.3135589361190796, 0.3206184208393097, 0.3293015956878662, 0.33405497670173645, 0.34245577454566956, 0.3473503291606903, 0.35716304183006287, 0.36518731713294983, 0.37074077129364014, 0.37864741683006287, 0.3864363729953766, 0.39267224073410034, 0.3978492021560669, 0.4030497074127197, 0.40933263301849365, 0.41290944814682007, 0.41898059844970703, 0.4208396077156067, 0.42434582114219666, 0.4288168251514435, 0.4311935305595398, 0.43775883316993713, 0.4428652226924896, 0.44778332114219666, 0.45197194814682007, 0.4569135904312134, 0.4650084674358368, 0.47164440155029297], "val_loss": [8.687817573547363, 5.339996337890625, 3.963881731033325, 3.1708736419677734, 2.6873552799224854, 2.3591418266296387, 2.123415231704712, 1.964808702468872, 1.8542242050170898, 1.7783294916152954, 1.7245538234710693, 1.6856971979141235, 1.6574461460113525, 1.6299279928207397, 1.6123132705688477, 1.5973025560379028, 1.586570382118225, 1.5795607566833496, 1.5752347707748413, 1.572066068649292, 1.5723185539245605, 1.5709744691848755, 1.565717101097107, 1.5651706457138062, 1.5684007406234741, 1.5684465169906616, 1.570599913597107, 1.570908546447754, 1.5735743045806885, 1.5811915397644043, 1.5879837274551392, 1.5911961793899536, 1.5957460403442383, 1.6053802967071533], "val_accuracy": [0.20400390028953552, 0.21132811903953552, 0.22792968153953552, 0.28759765625, 0.3072265684604645, 0.3203125, 0.32685548067092896, 0.3360351622104645, 0.33447265625, 0.34130859375, 0.3436523377895355, 0.3506835997104645, 0.3587890565395355, 0.36005860567092896, 0.36738282442092896, 0.3763671815395355, 0.37763673067092896, 0.38164061307907104, 0.38300782442092896, 0.3876953125, 0.38847655057907104, 0.3843750059604645, 0.39580076932907104, 0.3916015625, 0.39335936307907104, 0.39228516817092896, 0.3916015625, 0.3958984315395355, 0.39482420682907104, 0.39453125, 0.3946289122104645, 0.39433592557907104, 0.3944335877895355, 0.39326173067092896]}