{"loss": [40.710140228271484, 18.889137268066406, 11.673868179321289, 8.339803695678711, 6.255063533782959, 4.810638427734375, 3.791924238204956, 3.0810470581054688, 2.589359998703003, 2.2535181045532227, 2.0298492908477783, 1.8799408674240112, 1.782312035560608, 1.7175991535186768, 1.6774743795394897, 1.651977300643921, 1.6357982158660889, 1.6231507062911987, 1.6170145273208618, 1.6113582849502563, 1.6073557138442993, 1.6052833795547485, 1.6020766496658325, 1.6004492044448853, 1.599420428276062, 1.5981035232543945, 1.5967369079589844, 1.5958563089370728, 1.5935966968536377, 1.5940417051315308, 1.5933579206466675, 1.5923649072647095, 1.5911543369293213, 1.5912495851516724, 1.590854287147522, 1.5898007154464722, 1.5892271995544434, 1.5889374017715454, 1.5891404151916504, 1.587823748588562, 1.5866752862930298, 1.5867925882339478, 1.5860731601715088, 1.5861152410507202, 1.585492730140686, 1.5843567848205566, 1.584774374961853, 1.584893822669983, 1.583630084991455, 1.5842630863189697, 1.5828068256378174, 1.5830657482147217, 1.582743763923645, 1.5822489261627197, 1.5819650888442993, 1.580854058265686, 1.5816599130630493, 1.5814330577850342, 1.5805827379226685, 1.5806894302368164, 1.5802412033081055, 1.5799378156661987, 1.5793346166610718, 1.5794073343276978, 1.5785894393920898, 1.578946590423584, 1.577907681465149, 1.5780233144760132, 1.577690601348877, 1.5779283046722412, 1.5775096416473389, 1.5782111883163452, 1.576582908630371, 1.5760729312896729, 1.5765862464904785, 1.5769579410552979, 1.5762888193130493, 1.5760809183120728, 1.5755054950714111, 1.5746572017669678, 1.5751837491989136, 1.5753881931304932, 1.574532151222229, 1.573258876800537, 1.5748182535171509, 1.5739277601242065], "accuracy": [0.29487481713294983, 0.3217008709907532, 0.3281485438346863, 0.3319135904312134, 0.3351609706878662, 0.3354668617248535, 0.33589044213294983, 0.3377494215965271, 0.3375847041606903, 0.33814945816993713, 0.33687877655029297, 0.33965548872947693, 0.3405967652797699, 0.33958491683006287, 0.3396790325641632, 0.33958491683006287, 0.3387848138809204, 0.34005552530288696, 0.3394201695919037, 0.3410203456878662, 0.3403379023075104, 0.3409262001514435, 0.34097325801849365, 0.34094974398612976, 0.3417733311653137, 0.3425028324127197, 0.34097325801849365, 0.3416556715965271, 0.34393826127052307, 0.34189099073410034, 0.34440889954566956, 0.34382060170173645, 0.3442206382751465, 0.3442206382751465, 0.343138188123703, 0.3423851728439331, 0.3438676595687866, 0.344361811876297, 0.34367939829826355, 0.3460325598716736, 0.3452089726924896, 0.3444559574127197, 0.3449971675872803, 0.345703125, 0.34565606713294983, 0.34575018286705017, 0.3459855020046234, 0.3476327061653137, 0.3476327061653137, 0.34636202454566956, 0.34817394614219666, 0.34655025601387024, 0.3484092652797699, 0.34784451127052307, 0.34817394614219666, 0.3491622805595398, 0.3481033444404602, 0.3486916422843933, 0.34956231713294983, 0.3481504023075104, 0.3491857945919037, 0.3493269979953766, 0.3501741290092468, 0.3493034541606903, 0.3490210771560669, 0.3508094847202301, 0.35175076127052307, 0.35076242685317993, 0.350221186876297, 0.34979763627052307, 0.3518684208393097, 0.35222139954566956, 0.3508330285549164, 0.3527390956878662, 0.3512565791606903, 0.35238611698150635, 0.35149189829826355, 0.35177427530288696, 0.3532332479953766, 0.35191547870635986, 0.3522919714450836, 0.3532332479953766, 0.3520095944404602, 0.35509225726127625, 0.3542450964450836, 0.35375094413757324], "val_loss": [25.635753631591797, 14.200746536254883, 9.709616661071777, 7.156370639801025, 5.429103374481201, 4.2191972732543945, 3.3713467121124268, 2.7821452617645264, 2.378937244415283, 2.106365919113159, 1.9251701831817627, 1.8055890798568726, 1.7280654907226562, 1.6779474020004272, 1.6454906463623047, 1.625950574874878, 1.6122171878814697, 1.6037603616714478, 1.5984551906585693, 1.594089388847351, 1.5907970666885376, 1.5888172388076782, 1.5869446992874146, 1.58490788936615, 1.583815097808838, 1.5835587978363037, 1.582014560699463, 1.5820218324661255, 1.5805920362472534, 1.5809587240219116, 1.5792152881622314, 1.5789690017700195, 1.5782827138900757, 1.5782091617584229, 1.5776312351226807, 1.57655930519104, 1.577041506767273, 1.5763288736343384, 1.5759450197219849, 1.5751423835754395, 1.5752320289611816, 1.5755574703216553, 1.5739387273788452, 1.5741777420043945, 1.5739104747772217, 1.5735665559768677, 1.5735810995101929, 1.5738412141799927, 1.5719306468963623, 1.5721482038497925, 1.5710980892181396, 1.572473168373108, 1.5726858377456665, 1.5711538791656494, 1.5711389780044556, 1.5708720684051514, 1.5709515810012817, 1.5710867643356323, 1.5706605911254883, 1.5701711177825928, 1.5699306726455688, 1.5698323249816895, 1.5698537826538086, 1.570462703704834, 1.5697427988052368, 1.5699392557144165, 1.5692955255508423, 1.5687144994735718, 1.5694776773452759, 1.5698813199996948, 1.5696444511413574, 1.5689408779144287, 1.5685667991638184, 1.5697364807128906, 1.569135069847107, 1.568251371383667, 1.5698320865631104, 1.5682028532028198, 1.5685017108917236, 1.5695674419403076, 1.569163203239441, 1.5688297748565674, 1.5686066150665283, 1.5694835186004639, 1.5685700178146362, 1.56900954246521], "val_accuracy": [0.25048828125, 0.29248046875, 0.32548826932907104, 0.34130859375, 0.3467773497104645, 0.35009765625, 0.34990233182907104, 0.35205078125, 0.3506835997104645, 0.3525390625, 0.35107421875, 0.3519531190395355, 0.35185545682907104, 0.3531250059604645, 0.3526367247104645, 0.35498046875, 0.3548828065395355, 0.35332030057907104, 0.3536132872104645, 0.3529296815395355, 0.3536132872104645, 0.3531250059604645, 0.3524414002895355, 0.3524414002895355, 0.35380858182907104, 0.3529296815395355, 0.3531250059604645, 0.3519531190395355, 0.35380858182907104, 0.35380858182907104, 0.35136717557907104, 0.35371094942092896, 0.35283201932907104, 0.3544921875, 0.35566407442092896, 0.35371094942092896, 0.35380858182907104, 0.3553710877895355, 0.3541015684604645, 0.35400390625, 0.3565429747104645, 0.3565429747104645, 0.3558593690395355, 0.353515625, 0.35527342557907104, 0.3545898497104645, 0.35322266817092896, 0.35693359375, 0.3560546934604645, 0.35546875, 0.35546875, 0.3558593690395355, 0.3548828065395355, 0.3563476502895355, 0.3563476502895355, 0.3553710877895355, 0.35517579317092896, 0.35371094942092896, 0.35615235567092896, 0.3568359315395355, 0.3565429747104645, 0.35380858182907104, 0.35517579317092896, 0.35498046875, 0.35546875, 0.35595703125, 0.3555664122104645, 0.35576170682907104, 0.35615235567092896, 0.3563476502895355, 0.35615235567092896, 0.3563476502895355, 0.35468751192092896, 0.3553710877895355, 0.35624998807907104, 0.3564453125, 0.35615235567092896, 0.3544921875, 0.35624998807907104, 0.353515625, 0.35664063692092896, 0.3545898497104645, 0.35429686307907104, 0.35380858182907104, 0.35517579317092896, 0.35566407442092896]}