{"loss": [12.496186256408691, 6.859485149383545, 4.631073951721191, 3.5821497440338135, 2.9092612266540527, 2.5141637325286865, 2.246140480041504, 2.060269594192505, 1.9284377098083496, 1.8359395265579224, 1.7674273252487183, 1.7236080169677734, 1.6883561611175537, 1.6638966798782349, 1.6441314220428467, 1.626517415046692, 1.6114006042480469, 1.5991947650909424, 1.5874203443527222, 1.5763814449310303, 1.5703080892562866, 1.5580681562423706, 1.5545928478240967, 1.5433719158172607, 1.5382710695266724, 1.5301405191421509, 1.5291954278945923, 1.519572377204895, 1.5146775245666504, 1.5029329061508179, 1.4941893815994263, 1.4841305017471313, 1.4795246124267578], "accuracy": [0.1927475482225418, 0.20474867522716522, 0.20653708279132843, 0.22668015956878662, 0.28101468086242676, 0.29035672545433044, 0.29711031913757324, 0.3049934208393097, 0.3116293251514435, 0.31318241357803345, 0.3221009075641632, 0.32866623997688293, 0.337890625, 0.3410674035549164, 0.34622082114219666, 0.3565276861190796, 0.3634224534034729, 0.37069371342658997, 0.3770707845687866, 0.3844832479953766, 0.3863893151283264, 0.3946724534034729, 0.3986022174358368, 0.402955561876297, 0.4068147540092468, 0.41547438502311707, 0.4162980020046234, 0.42180439829826355, 0.4266754388809204, 0.4350762367248535, 0.44150036573410034, 0.4481362998485565, 0.4504188597202301], "val_loss": [8.792899131774902, 5.413084983825684, 4.002472877502441, 3.1881823539733887, 2.6868669986724854, 2.361970901489258, 2.132260799407959, 1.9765892028808594, 1.868030309677124, 1.7971694469451904, 1.7392202615737915, 1.7032731771469116, 1.6757709980010986, 1.651942253112793, 1.636971116065979, 1.6220157146453857, 1.6108922958374023, 1.600760817527771, 1.5927753448486328, 1.591575026512146, 1.5866289138793945, 1.5841286182403564, 1.5821644067764282, 1.582250952720642, 1.5864319801330566, 1.5858770608901978, 1.5852785110473633, 1.5869662761688232, 1.5898131132125854, 1.5985841751098633, 1.6039810180664062, 1.6163753271102905, 1.6189649105072021], "val_accuracy": [0.21318359673023224, 0.21162109076976776, 0.21464844048023224, 0.2662109434604645, 0.29052734375, 0.2943359315395355, 0.30205076932907104, 0.31083983182907104, 0.31708985567092896, 0.31904298067092896, 0.32763671875, 0.32988280057907104, 0.3338867127895355, 0.345703125, 0.3482421934604645, 0.36015623807907104, 0.3661132752895355, 0.36787110567092896, 0.37158203125, 0.37548828125, 0.37861329317092896, 0.3798828125, 0.3824218809604645, 0.3819335997104645, 0.3807617127895355, 0.38720703125, 0.38496094942092896, 0.38837891817092896, 0.3841796815395355, 0.38544923067092896, 0.38798826932907104, 0.38691407442092896, 0.3856445252895355]}