{"loss": [41.080020904541016, 19.086429595947266, 11.768501281738281, 8.374916076660156, 6.261658668518066, 4.801761150360107, 3.779717206954956, 3.063197374343872, 2.568622589111328, 2.231041669845581, 2.0027740001678467, 1.8494216203689575, 1.7462941408157349, 1.6802233457565308, 1.6331472396850586, 1.6059596538543701, 1.5831762552261353, 1.5694938898086548, 1.5597991943359375, 1.5504388809204102, 1.5472538471221924, 1.5393043756484985, 1.535821557044983, 1.5334537029266357, 1.528747320175171, 1.5260601043701172, 1.5227446556091309, 1.520341396331787, 1.5182899236679077, 1.5161997079849243, 1.5132580995559692, 1.5085561275482178, 1.5086950063705444, 1.5059024095535278, 1.5020825862884521, 1.5003173351287842, 1.494811773300171, 1.4947772026062012, 1.4902245998382568, 1.4894049167633057, 1.4831479787826538, 1.4804991483688354, 1.4781283140182495], "accuracy": [0.23322194814682007, 0.31450018286705017, 0.33612576127052307, 0.3404085040092468, 0.3443382978439331, 0.3471856117248535, 0.3493269979953766, 0.3511389195919037, 0.3530214726924896, 0.35749247670173645, 0.3605751097202301, 0.3646460771560669, 0.3717997074127197, 0.3737763464450836, 0.3765295445919037, 0.3805769979953766, 0.3858245611190796, 0.3858010172843933, 0.39041322469711304, 0.39189571142196655, 0.39323702454566956, 0.3957549035549164, 0.3986022174358368, 0.39822572469711304, 0.40215548872947693, 0.40227314829826355, 0.4029320478439331, 0.40363797545433044, 0.40634411573410034, 0.4089090824127197, 0.40963855385780334, 0.4116622805595398, 0.41276827454566956, 0.4159920811653137, 0.4145331382751465, 0.41653332114219666, 0.42088666558265686, 0.42029836773872375, 0.42554593086242676, 0.42571064829826355, 0.4274049401283264, 0.4323465824127197, 0.4323936402797699], "val_loss": [25.955408096313477, 14.413105964660645, 9.847429275512695, 7.248786926269531, 5.483983993530273, 4.241943836212158, 3.3729629516601562, 2.771944284439087, 2.3611555099487305, 2.084652900695801, 1.9061472415924072, 1.7765533924102783, 1.694968581199646, 1.6409552097320557, 1.605340600013733, 1.5881884098052979, 1.5656861066818237, 1.557542324066162, 1.5501164197921753, 1.5475891828536987, 1.5426794290542603, 1.5403492450714111, 1.5370975732803345, 1.537902593612671, 1.5361006259918213, 1.531954050064087, 1.5329774618148804, 1.53251051902771, 1.5317834615707397, 1.5338796377182007, 1.531556248664856, 1.5326299667358398, 1.5302845239639282, 1.5307786464691162, 1.5316617488861084, 1.5333410501480103, 1.53402841091156, 1.5338046550750732, 1.5357625484466553, 1.5363808870315552, 1.5389025211334229, 1.5462493896484375, 1.5480515956878662], "val_accuracy": [0.21845702826976776, 0.22998046875, 0.2603515684604645, 0.31621092557907104, 0.34550780057907104, 0.35595703125, 0.36162108182907104, 0.3619140684604645, 0.36503905057907104, 0.37031251192092896, 0.3672851622104645, 0.3750976622104645, 0.37871092557907104, 0.3818359375, 0.3871093690395355, 0.3824218809604645, 0.39238280057907104, 0.39326173067092896, 0.39179688692092896, 0.3897460997104645, 0.3907226622104645, 0.3912109434604645, 0.39228516817092896, 0.39013671875, 0.3931640684604645, 0.396484375, 0.39287108182907104, 0.3951171934604645, 0.39570313692092896, 0.3931640684604645, 0.39619141817092896, 0.39384764432907104, 0.3955078125, 0.3968749940395355, 0.3946289122104645, 0.39570313692092896, 0.3993164002895355, 0.3975585997104645, 0.3983398377895355, 0.3978515565395355, 0.39873045682907104, 0.39599609375, 0.3955078125]}