{"loss": [11.864603042602539, 6.446590423583984, 4.48463249206543, 3.5582289695739746, 2.990997552871704, 2.6039061546325684, 2.3267719745635986, 2.1310863494873047, 1.9905059337615967, 1.8910434246063232, 1.8197132349014282, 1.7712293863296509, 1.7351939678192139, 1.7112125158309937, 1.69243323802948, 1.6789995431900024, 1.6711703538894653, 1.6621426343917847, 1.658388614654541, 1.654084324836731, 1.6494102478027344, 1.6484524011611938, 1.6453510522842407, 1.643080234527588, 1.6428264379501343, 1.6418973207473755, 1.6404235363006592, 1.6393123865127563, 1.6378848552703857, 1.6375699043273926, 1.6364210844039917, 1.635362982749939, 1.6342277526855469, 1.6339036226272583, 1.6336113214492798, 1.6325677633285522, 1.6317951679229736, 1.6325174570083618, 1.631339192390442, 1.6308248043060303, 1.630998969078064, 1.629553198814392, 1.6310031414031982], "accuracy": [0.24814100563526154, 0.27411991357803345, 0.28073230385780334, 0.2859092652797699, 0.2902626097202301, 0.2909920811653137, 0.29588666558265686, 0.2960043251514435, 0.29772213101387024, 0.2989928424358368, 0.3020284175872803, 0.3048051595687866, 0.3034873902797699, 0.3016989827156067, 0.3030638098716736, 0.30414626002311707, 0.3030167520046234, 0.30567583441734314, 0.3015577793121338, 0.3054405152797699, 0.30459338426589966, 0.3071112632751465, 0.30682888627052307, 0.3063347041606903, 0.3072759807109833, 0.30536991357803345, 0.30746424198150635, 0.30765247344970703, 0.30579349398612976, 0.30682888627052307, 0.30859375, 0.3108527958393097, 0.3088761270046234, 0.31047627329826355, 0.31155872344970703, 0.3087584674358368, 0.30882906913757324, 0.31078219413757324, 0.31228822469711304, 0.3099821209907532, 0.3135589361190796, 0.31151166558265686, 0.31304123997688293], "val_loss": [8.172172546386719, 5.1591877937316895, 3.9097321033477783, 3.213055372238159, 2.755249500274658, 2.4298596382141113, 2.2004904747009277, 2.036245584487915, 1.9196285009384155, 1.8363978862762451, 1.7779643535614014, 1.7362651824951172, 1.707622766494751, 1.6871875524520874, 1.672633171081543, 1.6632163524627686, 1.6538622379302979, 1.6482574939727783, 1.6443703174591064, 1.6425338983535767, 1.6384204626083374, 1.6364591121673584, 1.6347172260284424, 1.6337687969207764, 1.6324214935302734, 1.6324491500854492, 1.6314398050308228, 1.6314665079116821, 1.6294260025024414, 1.6302635669708252, 1.6292455196380615, 1.62802255153656, 1.627668023109436, 1.6282260417938232, 1.6284863948822021, 1.6279923915863037, 1.629235029220581, 1.6282832622528076, 1.627746343612671, 1.6285890340805054, 1.6287931203842163, 1.6296297311782837, 1.6306447982788086], "val_accuracy": [0.29072266817092896, 0.30302733182907104, 0.30634766817092896, 0.3070312440395355, 0.30449217557907104, 0.30585938692092896, 0.3115234375, 0.31123048067092896, 0.31171876192092896, 0.31494140625, 0.3145507872104645, 0.31816405057907104, 0.3192382752895355, 0.31787109375, 0.318359375, 0.31855469942092896, 0.3197265565395355, 0.32011717557907104, 0.3179687559604645, 0.3163085877895355, 0.31962889432907104, 0.3199218809604645, 0.31767576932907104, 0.3192382752895355, 0.3192382752895355, 0.3197265565395355, 0.31611329317092896, 0.3172851502895355, 0.3199218809604645, 0.31718748807907104, 0.31865233182907104, 0.3179687559604645, 0.3179687559604645, 0.31953126192092896, 0.3192382752895355, 0.31884765625, 0.31884765625, 0.31757813692092896, 0.31767576932907104, 0.31718748807907104, 0.318359375, 0.31660157442092896, 0.3193359375]}