{"loss": [12.382118225097656, 6.7179460525512695, 4.570379734039307, 3.5657620429992676, 2.9720940589904785, 2.5752370357513428, 2.296942710876465, 2.1024575233459473, 1.9598239660263062, 1.859266757965088, 1.787801742553711, 1.735221266746521, 1.697569489479065, 1.6675699949264526, 1.6507477760314941, 1.6328372955322266, 1.6204501390457153, 1.6128610372543335, 1.6058804988861084, 1.5970726013183594, 1.5903716087341309, 1.5862430334091187, 1.5822848081588745, 1.5768438577651978, 1.5709909200668335, 1.5673353672027588, 1.5625139474868774, 1.5573292970657349, 1.5508110523223877, 1.546289324760437, 1.5387494564056396], "accuracy": [0.2087019979953766, 0.2735787034034729, 0.2943571209907532, 0.30428746342658997, 0.3133706748485565, 0.3158414959907532, 0.3247835040092468, 0.3257247805595398, 0.3302428424358368, 0.33483150601387024, 0.34080854058265686, 0.34459713101387024, 0.346314936876297, 0.3551628291606903, 0.35565701127052307, 0.35843372344970703, 0.36469313502311707, 0.36758753657341003, 0.36998775601387024, 0.3760589361190796, 0.37749436497688293, 0.3809770345687866, 0.38636577129364014, 0.39071911573410034, 0.39401355385780334, 0.39923757314682007, 0.4074265956878662, 0.4094502925872803, 0.41566264629364014, 0.4225809574127197, 0.43098172545433044], "val_loss": [8.668813705444336, 5.395492076873779, 3.9977200031280518, 3.237684726715088, 2.750628709793091, 2.4131946563720703, 2.1814050674438477, 2.0140480995178223, 1.8991615772247314, 1.8158514499664307, 1.7608988285064697, 1.7226626873016357, 1.693777084350586, 1.6666450500488281, 1.6628036499023438, 1.6446740627288818, 1.635704755783081, 1.633062720298767, 1.6347038745880127, 1.6291182041168213, 1.6265376806259155, 1.6324970722198486, 1.628594160079956, 1.6338186264038086, 1.6402724981307983, 1.6451256275177002, 1.6522948741912842, 1.6632505655288696, 1.6787874698638916, 1.6888090372085571, 1.7028928995132446], "val_accuracy": [0.22431640326976776, 0.2705078125, 0.2992187440395355, 0.31494140625, 0.32148438692092896, 0.326171875, 0.3301757872104645, 0.3360351622104645, 0.33515626192092896, 0.3409179747104645, 0.3404296934604645, 0.33857423067092896, 0.34394532442092896, 0.3526367247104645, 0.3448242247104645, 0.34882813692092896, 0.3531250059604645, 0.35478514432907104, 0.3526367247104645, 0.3555664122104645, 0.35986328125, 0.35400390625, 0.35761719942092896, 0.3573242127895355, 0.35576170682907104, 0.3543945252895355, 0.35175782442092896, 0.3534179627895355, 0.34892576932907104, 0.3514648377895355, 0.35107421875]}