{"loss": [41.10582733154297, 19.13959503173828, 11.84622859954834, 8.377763748168945, 6.20989465713501, 4.736959457397461, 3.709811210632324, 2.9936978816986084, 2.499305248260498, 2.1640498638153076, 1.9373103380203247, 1.7891936302185059, 1.6886262893676758, 1.6280101537704468, 1.5838664770126343, 1.5557605028152466, 1.5359653234481812, 1.5233538150787354, 1.5116422176361084, 1.5028470754623413, 1.4951251745224, 1.4906001091003418, 1.4829953908920288, 1.4788671731948853, 1.4719858169555664, 1.4637844562530518, 1.4526174068450928, 1.4300378561019897, 1.4134458303451538, 1.404362678527832, 1.3935471773147583, 1.3929170370101929, 1.3846355676651, 1.3793011903762817, 1.3727189302444458, 1.3688380718231201, 1.3655048608779907, 1.3588745594024658, 1.3575568199157715, 1.3520373106002808, 1.34542977809906, 1.3427700996398926, 1.3373616933822632, 1.3324854373931885, 1.323563814163208, 1.321839451789856, 1.3115381002426147, 1.3081915378570557, 1.2987892627716064], "accuracy": [0.2393275648355484, 0.2692754864692688, 0.282412588596344, 0.342378169298172, 0.37255859375, 0.385067880153656, 0.3876720666885376, 0.392485111951828, 0.3939732015132904, 0.3957868218421936, 0.401460200548172, 0.3984375, 0.4039248526096344, 0.4044131338596344, 0.4046456515789032, 0.4082496166229248, 0.4098074734210968, 0.4105282723903656, 0.4155040979385376, 0.4184802770614624, 0.4219447672367096, 0.422456294298172, 0.4281761646270752, 0.4302455484867096, 0.4312918484210968, 0.4391973614692688, 0.44677734375, 0.4607282280921936, 0.4714471697807312, 0.4778878390789032, 0.4826776385307312, 0.4861653745174408, 0.4883044958114624, 0.4917689859867096, 0.4957682192325592, 0.499418705701828, 0.5005580186843872, 0.5040457844734192, 0.5032086968421936, 0.5078125, 0.5119512677192688, 0.5131603479385376, 0.5183454155921936, 0.5198799967765808, 0.5241815447807312, 0.52734375, 0.530575692653656, 0.5339704155921936, 0.5373418927192688], "val_loss": [25.837190628051758, 14.34045696258545, 9.810722351074219, 7.190282821655273, 5.41363000869751, 4.169332504272461, 3.3067150115966797, 2.7126431465148926, 2.306164026260376, 2.040525436401367, 1.8589608669281006, 1.7374732494354248, 1.6589559316635132, 1.6088110208511353, 1.5768693685531616, 1.5532313585281372, 1.5418843030929565, 1.5282068252563477, 1.5179083347320557, 1.5126464366912842, 1.5048240423202515, 1.494002342224121, 1.4879814386367798, 1.482078194618225, 1.4739075899124146, 1.467064619064331, 1.4467519521713257, 1.4217801094055176, 1.411426305770874, 1.4048233032226562, 1.3984196186065674, 1.3967329263687134, 1.3961777687072754, 1.3929191827774048, 1.3925414085388184, 1.3934930562973022, 1.3948640823364258, 1.3910768032073975, 1.389000654220581, 1.3892102241516113, 1.3941880464553833, 1.39377760887146, 1.4010818004608154, 1.3988913297653198, 1.4122304916381836, 1.414692997932434, 1.4258930683135986, 1.4294980764389038, 1.438861608505249], "val_accuracy": [0.2686011791229248, 0.2808779776096344, 0.2866443395614624, 0.3428199291229248, 0.368954598903656, 0.3878348171710968, 0.390531986951828, 0.3894159197807312, 0.39453125, 0.3914620578289032, 0.3919270932674408, 0.3951822817325592, 0.3967633843421936, 0.3968563973903656, 0.4000186026096344, 0.4016927182674408, 0.4017857015132904, 0.4050409197807312, 0.4097842276096344, 0.4117373526096344, 0.4166666567325592, 0.417875736951828, 0.4208519458770752, 0.4262462854385376, 0.4292224645614624, 0.4368489682674408, 0.4507998526096344, 0.4641927182674408, 0.4752604067325592, 0.4753534197807312, 0.4815848171710968, 0.4819568395614624, 0.4815848171710968, 0.4814918041229248, 0.486142098903656, 0.4870721697807312, 0.4880022406578064, 0.488467276096344, 0.4913504421710968, 0.4936755895614624, 0.4894903302192688, 0.4910714328289032, 0.4853050708770752, 0.4919084906578064, 0.484468013048172, 0.4855840802192688, 0.480282723903656, 0.4839099645614624, 0.482514888048172]}