{"loss": [40.75194549560547, 18.94221305847168, 11.717238426208496, 8.371573448181152, 6.278081893920898, 4.824955940246582, 3.80179762840271, 3.0875332355499268, 2.5950284004211426, 2.2571308612823486, 2.032480001449585, 1.8808257579803467, 1.7827965021133423, 1.718842625617981, 1.677939772605896, 1.6520922183990479, 1.6351345777511597, 1.6241954565048218, 1.6159847974777222, 1.6103715896606445, 1.6081525087356567, 1.6044654846191406, 1.6025376319885254, 1.6003434658050537, 1.5987197160720825, 1.5980333089828491, 1.5973548889160156, 1.595080852508545, 1.5941118001937866, 1.5936452150344849, 1.5926717519760132, 1.5918779373168945, 1.5922261476516724, 1.5905412435531616, 1.5904555320739746, 1.5891997814178467, 1.5892994403839111, 1.5890604257583618, 1.5885473489761353, 1.5875288248062134, 1.586716651916504, 1.5872751474380493, 1.5858463048934937, 1.5857280492782593, 1.5849277973175049, 1.5851073265075684, 1.5845201015472412, 1.585196852684021, 1.5850627422332764, 1.5842010974884033, 1.583253264427185, 1.5829209089279175, 1.5829092264175415, 1.5818192958831787, 1.5821939706802368, 1.5819792747497559, 1.5818854570388794, 1.5816391706466675, 1.5809916257858276, 1.5812592506408691, 1.5794122219085693, 1.5794209241867065, 1.579749584197998, 1.5783838033676147, 1.5786805152893066, 1.5791361331939697, 1.578976035118103, 1.5788973569869995, 1.5786017179489136, 1.5778729915618896, 1.5779582262039185, 1.5786983966827393, 1.5769836902618408, 1.5764963626861572, 1.577249526977539, 1.5769046545028687, 1.5758817195892334, 1.5763094425201416, 1.575535774230957, 1.5762708187103271, 1.5755964517593384, 1.5750607252120972, 1.5743687152862549, 1.5738990306854248, 1.5742686986923218, 1.5741767883300781, 1.574083685874939, 1.5731925964355469, 1.5729460716247559, 1.5742040872573853], "accuracy": [0.2993222773075104, 0.32115963101387024, 0.3254659175872803, 0.33101940155029297, 0.33167827129364014, 0.3341020345687866, 0.33556100726127625, 0.337890625, 0.33509036898612976, 0.33784356713294983, 0.33600810170173645, 0.3379141688346863, 0.33991435170173645, 0.3386436402797699, 0.34066736698150635, 0.34125563502311707, 0.34036144614219666, 0.3400084674358368, 0.3414674401283264, 0.3432793617248535, 0.34036144614219666, 0.3421027958393097, 0.342408686876297, 0.34158509969711304, 0.3423851728439331, 0.3416321575641632, 0.3405967652797699, 0.34198513627052307, 0.3435852825641632, 0.34320876002311707, 0.34410297870635986, 0.3446677327156067, 0.34393826127052307, 0.3449265956878662, 0.3440794348716736, 0.34429123997688293, 0.34400883316993713, 0.34502071142196655, 0.3443382978439331, 0.3441970944404602, 0.34384411573410034, 0.3452324867248535, 0.3465737998485565, 0.34471479058265686, 0.34589138627052307, 0.34577372670173645, 0.3468797206878662, 0.34664440155029297, 0.3449736535549164, 0.34638553857803345, 0.34765625, 0.3469502925872803, 0.34685617685317993, 0.3486916422843933, 0.3475385904312134, 0.3478209674358368, 0.3480798304080963, 0.347044438123703, 0.348997563123703, 0.3473268151283264, 0.3484327793121338, 0.34909167885780334, 0.34925639629364014, 0.3503623902797699, 0.3521272540092468, 0.3509977459907532, 0.34942111372947693, 0.3510683476924896, 0.3494681715965271, 0.3514448404312134, 0.3524566888809204, 0.34880930185317993, 0.3522684574127197, 0.35386860370635986, 0.35090360045433044, 0.35257434844970703, 0.34986820816993713, 0.35269200801849365, 0.352174311876297, 0.35175076127052307, 0.35102126002311707, 0.35104480385780334, 0.35386860370635986, 0.35240963101387024, 0.3536803424358368, 0.3518448770046234, 0.3530685305595398, 0.35313913226127625, 0.35285672545433044, 0.3530685305595398], "val_loss": [25.691247940063477, 14.251960754394531, 9.747536659240723, 7.180768013000488, 5.447710990905762, 4.228879451751709, 3.3784022331237793, 2.787938356399536, 2.38250470161438, 2.109636068344116, 1.927321195602417, 1.805633544921875, 1.7291185855865479, 1.6780383586883545, 1.6459146738052368, 1.6257178783416748, 1.6129897832870483, 1.6039130687713623, 1.5979024171829224, 1.5935057401657104, 1.5910439491271973, 1.5881377458572388, 1.5865612030029297, 1.5853641033172607, 1.583920955657959, 1.5836541652679443, 1.5824543237686157, 1.5812363624572754, 1.5806620121002197, 1.5799905061721802, 1.5793278217315674, 1.5785223245620728, 1.5781418085098267, 1.577519178390503, 1.5774718523025513, 1.5766730308532715, 1.576262354850769, 1.5753347873687744, 1.5752075910568237, 1.5757161378860474, 1.5749098062515259, 1.575113296508789, 1.5746346712112427, 1.5736722946166992, 1.5747610330581665, 1.5738929510116577, 1.5739327669143677, 1.573242425918579, 1.5744601488113403, 1.5731439590454102, 1.5725958347320557, 1.5725353956222534, 1.5718963146209717, 1.5722200870513916, 1.5725257396697998, 1.5709307193756104, 1.57106614112854, 1.5717135667800903, 1.5704529285430908, 1.5713942050933838, 1.5706911087036133, 1.5700111389160156, 1.5701028108596802, 1.5709396600723267, 1.569832682609558, 1.5704166889190674, 1.5707167387008667, 1.5703274011611938, 1.5702717304229736, 1.5700023174285889, 1.5696384906768799, 1.569178819656372, 1.5692955255508423, 1.568698763847351, 1.5693399906158447, 1.5688374042510986, 1.5691566467285156, 1.5693411827087402, 1.5691590309143066, 1.5682415962219238, 1.5689311027526855, 1.5687181949615479, 1.5690053701400757, 1.5686098337173462, 1.5686967372894287, 1.5689845085144043, 1.5689483880996704, 1.5689841508865356, 1.5690182447433472, 1.5688416957855225], "val_accuracy": [0.2621093690395355, 0.3041015565395355, 0.32353514432907104, 0.34453123807907104, 0.34648436307907104, 0.34648436307907104, 0.3492187559604645, 0.34843748807907104, 0.34980469942092896, 0.3497070372104645, 0.35185545682907104, 0.35185545682907104, 0.3526367247104645, 0.35224610567092896, 0.35273438692092896, 0.35126954317092896, 0.3543945252895355, 0.3539062440395355, 0.35371094942092896, 0.3516601622104645, 0.35185545682907104, 0.3536132872104645, 0.3524414002895355, 0.3529296815395355, 0.35332030057907104, 0.35175782442092896, 0.35332030057907104, 0.3526367247104645, 0.3519531190395355, 0.35175782442092896, 0.3534179627895355, 0.35332030057907104, 0.35126954317092896, 0.35468751192092896, 0.3539062440395355, 0.35380858182907104, 0.3548828065395355, 0.3539062440395355, 0.35371094942092896, 0.35546875, 0.3539062440395355, 0.3543945252895355, 0.35498046875, 0.35468751192092896, 0.35419923067092896, 0.3548828065395355, 0.3539062440395355, 0.35380858182907104, 0.3543945252895355, 0.35234373807907104, 0.35302734375, 0.35400390625, 0.3553710877895355, 0.3555664122104645, 0.35283201932907104, 0.3529296815395355, 0.3548828065395355, 0.3550781309604645, 0.3548828065395355, 0.3543945252895355, 0.35566407442092896, 0.35283201932907104, 0.35517579317092896, 0.3516601622104645, 0.35380858182907104, 0.3534179627895355, 0.3560546934604645, 0.35400390625, 0.35429686307907104, 0.35478514432907104, 0.353515625, 0.3539062440395355, 0.3555664122104645, 0.35576170682907104, 0.35566407442092896, 0.3544921875, 0.35517579317092896, 0.35566407442092896, 0.35566407442092896, 0.35380858182907104, 0.35527342557907104, 0.35527342557907104, 0.3555664122104645, 0.3560546934604645, 0.35693359375, 0.3555664122104645, 0.35517579317092896, 0.3553710877895355, 0.3544921875, 0.3558593690395355]}