{"loss": [12.413978576660156, 5.604837417602539, 4.143730163574219, 3.4429895877838135, 3.014782667160034, 2.739871025085449, 2.5455901622772217, 2.4032320976257324, 2.29054594039917, 2.2040085792541504, 2.1264333724975586, 2.0618643760681152, 2.0082149505615234, 1.9592881202697754, 1.9179376363754272, 1.8832201957702637, 1.8533776998519897, 1.8281004428863525, 1.80666184425354, 1.7879869937896729, 1.772841215133667, 1.760252833366394, 1.7497467994689941, 1.7407172918319702, 1.734203815460205, 1.7281235456466675, 1.723630428314209, 1.7200076580047607, 1.7165894508361816, 1.7144842147827148, 1.7126424312591553, 1.711125373840332, 1.7100666761398315, 1.70890474319458, 1.7084550857543945, 1.7082104682922363, 1.7078064680099487, 1.7074846029281616, 1.707141637802124, 1.7071547508239746, 1.706974744796753, 1.7069143056869507, 1.7068694829940796, 1.7070536613464355, 1.7067326307296753, 1.7069414854049683, 1.706686019897461, 1.7069214582443237, 1.7066963911056519, 1.7070529460906982, 1.706855297088623, 1.7066102027893066, 1.7065545320510864, 1.7067720890045166, 1.7067232131958008, 1.7068665027618408, 1.7066909074783325], "accuracy": [0.2516818642616272, 0.2740614116191864, 0.2740478515625, 0.2734103798866272, 0.2745496928691864, 0.2729763388633728, 0.2748209536075592, 0.2748209536075592, 0.2750379741191864, 0.2748073935508728, 0.2748481035232544, 0.2748616635799408, 0.2754041850566864, 0.2748209536075592, 0.2748209536075592, 0.2748209536075592, 0.2748209536075592, 0.2748209536075592, 0.2748209536075592, 0.2748209536075592, 0.2748209536075592, 0.2748209536075592, 0.2748209536075592, 0.2748209536075592, 0.2748209536075592, 0.2748209536075592, 0.2748209536075592, 0.2748209536075592, 0.2748209536075592, 0.2748209536075592, 0.2748209536075592, 0.2748209536075592, 0.2748209536075592, 0.2748209536075592, 0.2748209536075592, 0.2748209536075592, 0.2748209536075592, 0.2748209536075592, 0.2748209536075592, 0.2748209536075592, 0.2748209536075592, 0.2748209536075592, 0.2748209536075592, 0.2748209536075592, 0.2748209536075592, 0.2748209536075592, 0.2748209536075592, 0.2748209536075592, 0.2748209536075592, 0.2748209536075592, 0.2748209536075592, 0.2748209536075592, 0.2748209536075592, 0.2748209536075592, 0.2748209536075592, 0.2748209536075592, 0.2748209536075592], "val_loss": [6.93949031829834, 4.663485050201416, 3.721869468688965, 3.191011667251587, 2.853092670440674, 2.6485331058502197, 2.4666178226470947, 2.3472323417663574, 2.2528347969055176, 2.1656808853149414, 2.094090223312378, 2.0355753898620605, 1.9847804307937622, 1.9397311210632324, 1.9020731449127197, 1.8698736429214478, 1.8424142599105835, 1.8190839290618896, 1.7993731498718262, 1.7827826738357544, 1.7689018249511719, 1.7573374509811401, 1.7477660179138184, 1.7399141788482666, 1.733482837677002, 1.7282778024673462, 1.7240898609161377, 1.7207427024841309, 1.718098521232605, 1.7160143852233887, 1.714396595954895, 1.7131476402282715, 1.7121994495391846, 1.7114830017089844, 1.710938811302185, 1.7105414867401123, 1.7102491855621338, 1.710042119026184, 1.7098994255065918, 1.709791660308838, 1.709720253944397, 1.7096651792526245, 1.7096344232559204, 1.7096208333969116, 1.7096080780029297, 1.7095932960510254, 1.7095879316329956, 1.7095801830291748, 1.709582805633545, 1.7095813751220703, 1.7095773220062256, 1.7095868587493896, 1.7095891237258911, 1.709583044052124, 1.709580898284912, 1.7095844745635986, 1.7095839977264404], "val_accuracy": [0.2746853232383728, 0.2746853232383728, 0.2746853232383728, 0.2746853232383728, 0.2746853232383728, 0.2746853232383728, 0.2746853232383728, 0.2746853232383728, 0.2746853232383728, 0.2746853232383728, 0.2746853232383728, 0.2768012285232544, 0.2746853232383728, 0.2746853232383728, 0.2746853232383728, 0.2746853232383728, 0.2746853232383728, 0.2746853232383728, 0.2746853232383728, 0.2746853232383728, 0.2746853232383728, 0.2746853232383728, 0.2746853232383728, 0.2746853232383728, 0.2746853232383728, 0.2746853232383728, 0.2746853232383728, 0.2746853232383728, 0.2746853232383728, 0.2746853232383728, 0.2746853232383728, 0.2746853232383728, 0.2746853232383728, 0.2746853232383728, 0.2746853232383728, 0.2746853232383728, 0.2746853232383728, 0.2746853232383728, 0.2746853232383728, 0.2746853232383728, 0.2746853232383728, 0.2746853232383728, 0.2746853232383728, 0.2746853232383728, 0.2746853232383728, 0.2746853232383728, 0.2746853232383728, 0.2746853232383728, 0.2746853232383728, 0.2746853232383728, 0.2746853232383728, 0.2746853232383728, 0.2746853232383728, 0.2746853232383728, 0.2746853232383728, 0.2746853232383728, 0.2746853232383728]}