{"loss": [46.6673469543457, 28.23383903503418, 17.3817195892334, 11.10580062866211, 7.456717014312744, 5.289620399475098, 3.9642410278320312, 3.1293280124664307, 2.5917718410491943, 2.2383170127868652, 2.0079309940338135, 1.856850266456604, 1.7594001293182373, 1.697573184967041, 1.6559466123580933, 1.6306670904159546, 1.6134300231933594, 1.6012356281280518, 1.5935367345809937, 1.585837483406067, 1.582119107246399, 1.5760453939437866, 1.5711158514022827, 1.5657392740249634, 1.5634409189224243, 1.5573300123214722, 1.5529088973999023, 1.547547459602356, 1.5398821830749512, 1.5340566635131836, 1.5264393091201782, 1.5198763608932495, 1.5171432495117188, 1.508771538734436, 1.501015305519104, 1.4948325157165527, 1.4899272918701172, 1.4830803871154785, 1.4772465229034424, 1.4733675718307495, 1.4650956392288208, 1.4606611728668213, 1.452793836593628, 1.4490364789962769, 1.441994309425354], "accuracy": [0.20547816157341003, 0.27682605385780334, 0.3195359706878662, 0.33316075801849365, 0.3364316523075104, 0.3398202061653137, 0.3425263464450836, 0.34396177530288696, 0.3479386270046234, 0.3478209674358368, 0.3489740192890167, 0.34775036573410034, 0.35116246342658997, 0.35055065155029297, 0.3516801595687866, 0.35448041558265686, 0.35478633642196655, 0.35721009969711304, 0.3600809574127197, 0.3632577061653137, 0.36351656913757324, 0.36770519614219666, 0.3712114095687866, 0.37594127655029297, 0.37914156913757324, 0.37989458441734314, 0.3838478922843933, 0.38697758316993713, 0.39657849073410034, 0.3984610438346863, 0.4048616290092468, 0.40930911898612976, 0.4089090824127197, 0.4142037034034729, 0.4185335040092468, 0.4230986535549164, 0.4265107214450836, 0.4296875, 0.4336172938346863, 0.4388648271560669, 0.44039440155029297, 0.4463949501514435, 0.4519013464450836, 0.4531485438346863, 0.45620763301849365], "val_loss": [35.83414840698242, 21.87405014038086, 13.737014770507812, 9.010645866394043, 6.217680931091309, 4.53029727935791, 3.4808621406555176, 2.8114700317382812, 2.3791344165802, 2.0955381393432617, 1.9111137390136719, 1.791685700416565, 1.7151857614517212, 1.6665961742401123, 1.6362676620483398, 1.6161243915557861, 1.604495644569397, 1.5946272611618042, 1.5885899066925049, 1.5833685398101807, 1.578843355178833, 1.575256109237671, 1.573763370513916, 1.5756075382232666, 1.5739781856536865, 1.5737390518188477, 1.5713317394256592, 1.5721616744995117, 1.5656019449234009, 1.5659507513046265, 1.5623934268951416, 1.5634318590164185, 1.565068006515503, 1.5616816282272339, 1.5584683418273926, 1.559151291847229, 1.5593502521514893, 1.5634801387786865, 1.5687893629074097, 1.5651556253433228, 1.5655962228775024, 1.5696256160736084, 1.573224663734436, 1.5763553380966187, 1.5793735980987549], "val_accuracy": [0.20888671278953552, 0.22939452528953552, 0.25078123807907104, 0.2914062440395355, 0.32548826932907104, 0.3392578065395355, 0.3462890684604645, 0.34833985567092896, 0.34941405057907104, 0.3506835997104645, 0.3509765565395355, 0.35087889432907104, 0.35107421875, 0.35332030057907104, 0.35185545682907104, 0.35400390625, 0.3525390625, 0.35527342557907104, 0.357421875, 0.35869139432907104, 0.3609375059604645, 0.3626953065395355, 0.3656249940395355, 0.3656249940395355, 0.3685546815395355, 0.3690429627895355, 0.36992186307907104, 0.3697265684604645, 0.3734374940395355, 0.37470704317092896, 0.37919920682907104, 0.38105469942092896, 0.37773436307907104, 0.3818359375, 0.3833984434604645, 0.3846679627895355, 0.38408201932907104, 0.38134765625, 0.3836914002895355, 0.3794921934604645, 0.38398438692092896, 0.3824218809604645, 0.38115233182907104, 0.38056641817092896, 0.3797851502895355]}