{"loss": [12.347176551818848, 6.655580997467041, 4.537639141082764, 3.5536649227142334, 2.9726669788360596, 2.5787360668182373, 2.3026444911956787, 2.1064562797546387, 1.9668079614639282, 1.866181492805481, 1.7948834896087646, 1.74405038356781, 1.7066727876663208, 1.6778229475021362, 1.6588842868804932, 1.645269513130188, 1.6321372985839844, 1.6237261295318604, 1.6143707036972046, 1.6059376001358032, 1.6034420728683472, 1.5975608825683594, 1.5926092863082886, 1.5884443521499634, 1.5847026109695435, 1.5794955492019653, 1.576604962348938, 1.5740559101104736, 1.5699838399887085, 1.5620207786560059], "accuracy": [0.20397214591503143, 0.2670839726924896, 0.2944277226924896, 0.30247554183006287, 0.30849963426589966, 0.3130882978439331, 0.31814759969711304, 0.3237245976924896, 0.32652485370635986, 0.3297722041606903, 0.3334196209907532, 0.3371611535549164, 0.3419615924358368, 0.34610316157341003, 0.34892696142196655, 0.34967997670173645, 0.35629236698150635, 0.35777485370635986, 0.36332830786705017, 0.36577561497688293, 0.3692818284034729, 0.37203502655029297, 0.3754235804080963, 0.37721195816993713, 0.38450679183006287, 0.38558924198150635, 0.3909073770046234, 0.39373117685317993, 0.3992140293121338, 0.40810900926589966], "val_loss": [8.590139389038086, 5.322434425354004, 3.967944622039795, 3.227811336517334, 2.746194362640381, 2.412672758102417, 2.1821138858795166, 2.0233139991760254, 1.9067786931991577, 1.825128197669983, 1.76583993434906, 1.7274487018585205, 1.6967132091522217, 1.673851728439331, 1.6623334884643555, 1.6532518863677979, 1.6471450328826904, 1.6378557682037354, 1.6368290185928345, 1.6357049942016602, 1.6390068531036377, 1.6406112909317017, 1.6402041912078857, 1.6421467065811157, 1.6449533700942993, 1.6504361629486084, 1.6550687551498413, 1.666448950767517, 1.6794166564941406, 1.682586431503296], "val_accuracy": [0.21416015923023224, 0.27812498807907104, 0.294921875, 0.3052734434604645, 0.31523436307907104, 0.32304686307907104, 0.3251953125, 0.32695311307907104, 0.3291992247104645, 0.3296875059604645, 0.33232420682907104, 0.33710938692092896, 0.3409179747104645, 0.34648436307907104, 0.3428710997104645, 0.34101563692092896, 0.34296876192092896, 0.3487304747104645, 0.34492188692092896, 0.3472656309604645, 0.3451171815395355, 0.3436523377895355, 0.34794920682907104, 0.34619140625, 0.3472656309604645, 0.3515625, 0.3482421934604645, 0.3433593809604645, 0.34052735567092896, 0.34296876192092896]}