{"loss": [3.0394303798675537, 0.8946468830108643, 0.8474740386009216, 0.8346928954124451, 0.8262200951576233, 0.8182963728904724, 0.8119039535522461, 0.8065537214279175, 0.8024542331695557, 0.798600435256958, 0.7954069375991821, 0.7927901744842529, 0.7905415296554565, 0.789067804813385, 0.7870358824729919, 0.785110354423523, 0.7828128933906555, 0.7819602489471436, 0.7802537679672241, 0.778560221195221, 0.7776592373847961, 0.7760277986526489, 0.7745280265808105, 0.774020254611969, 0.7729992270469666, 0.7707034349441528, 0.7701684236526489, 0.7687318921089172, 0.7676274180412292, 0.7656115293502808, 0.7648224830627441, 0.7631669044494629, 0.7617542147636414, 0.7603006362915039, 0.7585272789001465, 0.7568005919456482], "accuracy": [0.5993884205818176, 0.6447417736053467, 0.6504719257354736, 0.6548826098442078, 0.6586596369743347, 0.6617717146873474, 0.6654590964317322, 0.6682501435279846, 0.6704909205436707, 0.6719937920570374, 0.6743846535682678, 0.6753518581390381, 0.6761189103126526, 0.6778990626335144, 0.67836594581604, 0.679502010345459, 0.6807172298431396, 0.6810924410820007, 0.6825702786445618, 0.6830101013183594, 0.6842503547668457, 0.6846985220909119, 0.685863733291626, 0.686480700969696, 0.6865078210830688, 0.6885547041893005, 0.6886923313140869, 0.6894844174385071, 0.6906975507736206, 0.6915021538734436, 0.6925089359283447, 0.6937699913978577, 0.6947100758552551, 0.6954458951950073, 0.6972468495368958, 0.6980535387992859], "val_loss": [0.9787440299987793, 0.8445534110069275, 0.8331923484802246, 0.8275172710418701, 0.8289994597434998, 0.8271769285202026, 0.821249783039093, 0.8203741312026978, 0.8250976800918579, 0.8159410953521729, 0.8172776103019714, 0.8095067739486694, 0.8102777004241943, 0.803066611289978, 0.7998204231262207, 0.8040356636047363, 0.7976758480072021, 0.796850860118866, 0.7990661263465881, 0.796506941318512, 0.7914195656776428, 0.7959457039833069, 0.7971370816230774, 0.7899726629257202, 0.7929138541221619, 0.7887476086616516, 0.7933883666992188, 0.7923245429992676, 0.7935950756072998, 0.7904443144798279, 0.7908824682235718, 0.7910706400871277, 0.8014533519744873, 0.7972277402877808, 0.7949290871620178, 0.7946673631668091], "val_accuracy": [0.648253858089447, 0.653687596321106, 0.6546808481216431, 0.6562833786010742, 0.6535289883613586, 0.6533703804016113, 0.6557492017745972, 0.657301664352417, 0.6545222401618958, 0.658386766910553, 0.6574602723121643, 0.6624014973640442, 0.661925733089447, 0.6660573482513428, 0.6672008633613586, 0.6648470759391785, 0.6690371036529541, 0.6694711446762085, 0.6670506000518799, 0.6691539883613586, 0.6723924875259399, 0.6691623330116272, 0.6683694124221802, 0.6730602383613586, 0.6705479025840759, 0.6737363338470459, 0.6710069179534912, 0.6711404919624329, 0.6712573170661926, 0.6738448143005371, 0.6729851365089417, 0.6729516983032227, 0.6678184866905212, 0.6699469089508057, 0.6714659929275513, 0.6724592447280884]}