{"loss": [9.194430351257324, 7.212520122528076, 5.669595718383789, 4.551537036895752, 3.742128610610962, 3.1489861011505127, 2.7136266231536865, 2.3971800804138184, 2.1702659130096436, 2.0096123218536377, 1.8947641849517822, 1.8127305507659912, 1.757353663444519, 1.7188466787338257, 1.691594123840332, 1.6714413166046143, 1.6549423933029175, 1.6466104984283447, 1.6384897232055664, 1.63070547580719, 1.6266069412231445, 1.6217505931854248, 1.6171808242797852, 1.6136531829833984, 1.608577847480774, 1.605446696281433, 1.6017321348190308, 1.5972514152526855, 1.5928184986114502, 1.5866981744766235, 1.5801246166229248, 1.5756107568740845, 1.5717521905899048], "accuracy": [0.2001364827156067, 0.2127259075641632, 0.2531767785549164, 0.27621424198150635, 0.2800263464450836, 0.2870858311653137, 0.29007434844970703, 0.2922157347202301, 0.29725149273872375, 0.2967337965965271, 0.297486811876297, 0.30146366357803345, 0.30024001002311707, 0.3015577793121338, 0.3010636270046234, 0.3044051229953766, 0.30805251002311707, 0.3100762367248535, 0.3111116290092468, 0.3126176595687866, 0.3141236901283264, 0.3132765293121338, 0.31640625, 0.3168768882751465, 0.32026544213294983, 0.32132434844970703, 0.3256071209907532, 0.3268072307109833, 0.3303840458393097, 0.3333960771560669, 0.3362434208393097, 0.33753764629364014, 0.3421263098716736], "val_loss": [8.103614807128906, 6.378254413604736, 5.041871070861816, 4.092328071594238, 3.3991901874542236, 2.893486499786377, 2.525797128677368, 2.2609505653381348, 2.071974039077759, 1.9389708042144775, 1.845310926437378, 1.7808853387832642, 1.735792875289917, 1.7049487829208374, 1.683629035949707, 1.6690661907196045, 1.6596015691757202, 1.6534398794174194, 1.64901864528656, 1.645935297012329, 1.6443496942520142, 1.644542932510376, 1.6436970233917236, 1.6446443796157837, 1.6452243328094482, 1.6486921310424805, 1.6508171558380127, 1.6496126651763916, 1.6514852046966553, 1.6552021503448486, 1.660997748374939, 1.6643187999725342, 1.6683889627456665], "val_accuracy": [0.21181640028953552, 0.22353515028953552, 0.28740233182907104, 0.2938476502895355, 0.29121094942092896, 0.2930664122104645, 0.29560548067092896, 0.29667967557907104, 0.29667967557907104, 0.29765623807907104, 0.2978515625, 0.3001953065395355, 0.3006835877895355, 0.2997070252895355, 0.3001953065395355, 0.30029296875, 0.2978515625, 0.30000001192092896, 0.30000001192092896, 0.30000001192092896, 0.2994140684604645, 0.29960936307907104, 0.3006835877895355, 0.30205076932907104, 0.3008789122104645, 0.30000001192092896, 0.3001953065395355, 0.30058592557907104, 0.3003906309604645, 0.2967773377895355, 0.29414063692092896, 0.29414063692092896, 0.29560548067092896]}