{"loss": [12.007010459899902, 6.575039386749268, 4.548315048217773, 3.5873465538024902, 3.00780987739563, 2.61148738861084, 2.3324902057647705, 2.1321303844451904, 1.9920711517333984, 1.8909990787506104, 1.81857430934906, 1.7706149816513062, 1.7352559566497803, 1.7103908061981201, 1.6912964582443237, 1.6786478757858276, 1.6686625480651855, 1.6626945734024048, 1.6578956842422485, 1.6537045240402222, 1.6517337560653687, 1.6472418308258057, 1.645666241645813, 1.644365668296814, 1.641698956489563, 1.6399054527282715, 1.6397775411605835, 1.6387732028961182, 1.6376745700836182, 1.6362619400024414, 1.6366788148880005, 1.6347947120666504, 1.6339783668518066, 1.6341264247894287, 1.6332728862762451, 1.6325849294662476, 1.6330845355987549, 1.6309034824371338, 1.6307244300842285, 1.6312768459320068, 1.6308772563934326, 1.6299638748168945, 1.6292771100997925, 1.6291240453720093], "accuracy": [0.2515060305595398, 0.27515530586242676, 0.2824501097202301, 0.2887565791606903, 0.2884271442890167, 0.29242751002311707, 0.2956984043121338, 0.29668673872947693, 0.2948983311653137, 0.29816922545433044, 0.30207547545433044, 0.3032285273075104, 0.30009883642196655, 0.3034638464450836, 0.30311086773872375, 0.3042639195919037, 0.3055581748485565, 0.3030638098716736, 0.3034638464450836, 0.30504047870635986, 0.30473455786705017, 0.3075583577156067, 0.30579349398612976, 0.30567583441734314, 0.30671122670173645, 0.3078407347202301, 0.30729952454566956, 0.30673474073410034, 0.3090643882751465, 0.30913498997688293, 0.30807605385780334, 0.3105704188346863, 0.30955854058265686, 0.3100762367248535, 0.30774661898612976, 0.30880552530288696, 0.31017038226127625, 0.30944088101387024, 0.3098409175872803, 0.31245294213294983, 0.3117940425872803, 0.31254705786705017, 0.3114646077156067, 0.3097938597202301], "val_loss": [8.340113639831543, 5.250554084777832, 3.951037645339966, 3.2340855598449707, 2.7670719623565674, 2.4363226890563965, 2.2009010314941406, 2.0360302925109863, 1.9181839227676392, 1.8344707489013672, 1.775591492652893, 1.7345407009124756, 1.7067043781280518, 1.6868221759796143, 1.6722265481948853, 1.6608028411865234, 1.6533644199371338, 1.6478688716888428, 1.6433922052383423, 1.6410030126571655, 1.6381900310516357, 1.635746717453003, 1.6345415115356445, 1.6324713230133057, 1.6311382055282593, 1.63094162940979, 1.6296459436416626, 1.6296266317367554, 1.6297985315322876, 1.6292543411254883, 1.6285343170166016, 1.6282984018325806, 1.627806305885315, 1.626987099647522, 1.6270904541015625, 1.6280065774917603, 1.6269251108169556, 1.6278635263442993, 1.6271177530288696, 1.6278069019317627, 1.6278455257415771, 1.6288038492202759, 1.628145456314087, 1.629441499710083], "val_accuracy": [0.28564453125, 0.29228514432907104, 0.30292969942092896, 0.3060546815395355, 0.302734375, 0.3076171875, 0.31132811307907104, 0.31132811307907104, 0.31367188692092896, 0.3114257752895355, 0.3155273497104645, 0.3140625059604645, 0.31591796875, 0.31757813692092896, 0.3172851502895355, 0.31884765625, 0.31884765625, 0.31855469942092896, 0.3167968690395355, 0.3189453184604645, 0.3163085877895355, 0.31855469942092896, 0.31787109375, 0.3182617127895355, 0.32001954317092896, 0.31914061307907104, 0.31816405057907104, 0.318359375, 0.3184570372104645, 0.31708985567092896, 0.31953126192092896, 0.31855469942092896, 0.3182617127895355, 0.318359375, 0.31689453125, 0.3173828125, 0.31816405057907104, 0.31708985567092896, 0.31718748807907104, 0.3172851502895355, 0.31757813692092896, 0.3172851502895355, 0.31904298067092896, 0.31572264432907104]}