{"loss": [12.894474983215332, 8.212188720703125, 5.5256876945495605, 3.9886960983276367, 3.025942087173462, 2.4817123413085938, 2.145538568496704, 1.9215539693832397, 1.7615065574645996, 1.6463474035263062, 1.5554022789001465, 1.4730969667434692, 1.4086464643478394, 1.3704653978347778, 1.3029242753982544, 1.213230013847351, 1.1250228881835938, 1.0747132301330566, 0.9862301349639893, 0.9716358184814453, 0.8952291011810303, 0.8659902215003967], "accuracy": [0.20230139791965485, 0.20712538063526154, 0.20834901928901672, 0.2264213114976883, 0.28750941157341003, 0.32913684844970703, 0.35963383316993713, 0.3813064694404602, 0.40319088101387024, 0.42509883642196655, 0.4429122805595398, 0.4690559208393097, 0.4923522174358368, 0.4984704554080963, 0.5288497805595398, 0.5716773271560669, 0.6106221675872803, 0.6288591623306274, 0.6707454919815063, 0.6740869879722595, 0.7135494947433472, 0.7240681648254395], "val_loss": [10.10557746887207, 6.600611686706543, 4.61064338684082, 3.510929584503174, 2.7115933895111084, 2.3095977306365967, 2.0228209495544434, 1.842617392539978, 1.7412742376327515, 1.6649959087371826, 1.6249291896820068, 1.6158831119537354, 1.6361877918243408, 1.6474828720092773, 1.6779457330703735, 1.743072748184204, 1.835034966468811, 1.9101794958114624, 2.195329427719116, 2.0387096405029297, 2.161271810531616, 2.3376402854919434], "val_accuracy": [0.20781250298023224, 0.20781250298023224, 0.20781250298023224, 0.19941405951976776, 0.3335937559604645, 0.33271485567092896, 0.37382811307907104, 0.39082032442092896, 0.3916992247104645, 0.39824217557907104, 0.3983398377895355, 0.3968749940395355, 0.3804687559604645, 0.38505858182907104, 0.37158203125, 0.3692382872104645, 0.37236326932907104, 0.32861328125, 0.3397460877895355, 0.3539062440395355, 0.34453123807907104, 0.34589844942092896]}