{"loss": [31.303537368774414, 23.262163162231445, 17.321374893188477, 12.922159194946289, 9.671614646911621, 7.287334442138672, 5.558208465576172, 4.317906379699707, 3.441657066345215, 2.831341028213501, 2.4102840423583984, 2.1261157989501953, 1.9371771812438965, 1.8108205795288086, 1.7303053140640259, 1.6790947914123535, 1.646786093711853, 1.6257737874984741, 1.6119266748428345, 1.603890299797058, 1.5976020097732544, 1.5927276611328125, 1.5898346900939941, 1.5885826349258423, 1.5857292413711548, 1.585029125213623, 1.5830061435699463, 1.5826103687286377, 1.5804429054260254, 1.5797539949417114, 1.5779629945755005, 1.5774909257888794, 1.5758821964263916, 1.575567364692688, 1.573604702949524, 1.5730584859848022, 1.5704084634780884, 1.570570468902588, 1.568419337272644, 1.5683118104934692, 1.5672502517700195, 1.5659610033035278, 1.565585732460022, 1.5641082525253296, 1.5631334781646729, 1.5613139867782593, 1.5611807107925415, 1.5602363348007202, 1.5580848455429077, 1.5583394765853882, 1.5566860437393188, 1.556484341621399, 1.5560710430145264], "accuracy": [0.2286803424358368, 0.30188724398612976, 0.32339513301849365, 0.3301016688346863, 0.3330666422843933, 0.33812594413757324, 0.3391377925872803, 0.34111446142196655, 0.3405967652797699, 0.3392083942890167, 0.3434205651283264, 0.3437735438346863, 0.3435852825641632, 0.34410297870635986, 0.34532663226127625, 0.34412649273872375, 0.34440889954566956, 0.34544429183006287, 0.3455854654312134, 0.34638553857803345, 0.34575018286705017, 0.3477974534034729, 0.34979763627052307, 0.3491622805595398, 0.3503859043121338, 0.3514448404312134, 0.34760919213294983, 0.3516801595687866, 0.3523155152797699, 0.3534920811653137, 0.3526214361190796, 0.3547392785549164, 0.354127436876297, 0.3547392785549164, 0.35659825801849365, 0.35761013627052307, 0.35704538226127625, 0.35782191157341003, 0.36017507314682007, 0.35911616683006287, 0.3593985438346863, 0.36137518286705017, 0.35989269614219666, 0.3623635172843933, 0.36233997344970703, 0.3645284175872803, 0.36514025926589966, 0.36622270941734314, 0.3676110804080963, 0.3672110438346863, 0.36695218086242676, 0.3667168617248535, 0.3676345944404602], "val_loss": [26.903301239013672, 20.02743911743164, 14.921075820922852, 11.129194259643555, 8.339432716369629, 6.308393478393555, 4.846766948699951, 3.8092830181121826, 3.08129620552063, 2.578477382659912, 2.2358860969543457, 2.0050711631774902, 1.8528331518173218, 1.754643440246582, 1.6909977197647095, 1.6503721475601196, 1.6250520944595337, 1.6091883182525635, 1.599595546722412, 1.5926460027694702, 1.5881150960922241, 1.585214614868164, 1.5829317569732666, 1.5817232131958008, 1.5800334215164185, 1.5794541835784912, 1.578532338142395, 1.5774619579315186, 1.576729655265808, 1.576104760169983, 1.5750410556793213, 1.574897050857544, 1.5742638111114502, 1.574699878692627, 1.5738608837127686, 1.5730059146881104, 1.5733568668365479, 1.572111964225769, 1.5725791454315186, 1.571752667427063, 1.5715398788452148, 1.5711668729782104, 1.5705581903457642, 1.5705043077468872, 1.5708510875701904, 1.5706099271774292, 1.5704470872879028, 1.570741891860962, 1.5706539154052734, 1.5704258680343628, 1.570655345916748, 1.570732593536377, 1.5712369680404663], "val_accuracy": [0.20810547471046448, 0.27226561307907104, 0.3115234375, 0.33476561307907104, 0.34521484375, 0.3505859375, 0.35078126192092896, 0.3514648377895355, 0.35185545682907104, 0.3531250059604645, 0.3529296815395355, 0.3545898497104645, 0.35400390625, 0.3539062440395355, 0.35517579317092896, 0.3553710877895355, 0.3543945252895355, 0.35615235567092896, 0.35664063692092896, 0.35527342557907104, 0.35712891817092896, 0.3565429747104645, 0.35664063692092896, 0.3568359315395355, 0.3568359315395355, 0.3570312559604645, 0.3575195372104645, 0.35693359375, 0.3575195372104645, 0.3578124940395355, 0.3583984375, 0.35712891817092896, 0.35791015625, 0.35771483182907104, 0.35771483182907104, 0.35859376192092896, 0.35664063692092896, 0.35722655057907104, 0.3583007752895355, 0.35761719942092896, 0.35859376192092896, 0.3587890565395355, 0.35917967557907104, 0.35869139432907104, 0.3589843809604645, 0.3587890565395355, 0.3622070252895355, 0.36064451932907104, 0.3597656190395355, 0.3599609434604645, 0.3607421815395355, 0.3617187440395355, 0.3587890565395355]}