{"loss": [12.539227485656738, 6.882847785949707, 4.636032581329346, 3.60056471824646, 2.919562816619873, 2.503080129623413, 2.2326788902282715, 2.0443756580352783, 1.9116216897964478, 1.8204525709152222, 1.7539710998535156, 1.7071269750595093, 1.6728885173797607, 1.6478135585784912, 1.626255989074707, 1.606967806816101, 1.5928616523742676, 1.5791620016098022, 1.566780686378479, 1.556885838508606, 1.547616958618164, 1.5405035018920898, 1.5316089391708374, 1.527336835861206, 1.520056128501892, 1.5106619596481323, 1.5063724517822266, 1.4993181228637695, 1.4941645860671997, 1.482077956199646, 1.4780722856521606, 1.4736530780792236, 1.4650866985321045], "accuracy": [0.197265625, 0.20211313664913177, 0.20980797708034515, 0.2181617021560669, 0.27369633316993713, 0.2961219847202301, 0.3064759075641632, 0.31842997670173645, 0.32579538226127625, 0.32866623997688293, 0.33586689829826355, 0.3430205285549164, 0.34998586773872375, 0.3555864095687866, 0.36233997344970703, 0.3722703456878662, 0.3778237998485565, 0.3847420811653137, 0.3899896442890167, 0.3981551229953766, 0.40617939829826355, 0.40766188502311707, 0.4128388464450836, 0.4149566888809204, 0.42001599073410034, 0.4269578456878662, 0.4313582479953766, 0.43620577454566956, 0.44058263301849365, 0.445924311876297, 0.45185428857803345, 0.45423099398612976, 0.4604433476924896], "val_loss": [8.828458786010742, 5.42264461517334, 4.005365371704102, 3.245217800140381, 2.6915650367736816, 2.355358600616455, 2.1198337078094482, 1.9571126699447632, 1.8498449325561523, 1.7717506885528564, 1.7201578617095947, 1.6828010082244873, 1.6537021398544312, 1.634326696395874, 1.6208326816558838, 1.6015552282333374, 1.587686538696289, 1.5804154872894287, 1.5740137100219727, 1.5701887607574463, 1.5690319538116455, 1.5650501251220703, 1.563747525215149, 1.563675045967102, 1.5637381076812744, 1.5656919479370117, 1.5653706789016724, 1.5738520622253418, 1.574476957321167, 1.5778415203094482, 1.5807220935821533, 1.5810867547988892, 1.58628249168396], "val_accuracy": [0.21005859971046448, 0.208984375, 0.21132811903953552, 0.22822265326976776, 0.30078125, 0.31318360567092896, 0.3189453184604645, 0.32861328125, 0.3326171934604645, 0.3350585997104645, 0.34033203125, 0.34521484375, 0.35234373807907104, 0.35478514432907104, 0.36406248807907104, 0.3682617247104645, 0.3753906190395355, 0.3822265565395355, 0.3882812559604645, 0.38701170682907104, 0.3929687440395355, 0.39082032442092896, 0.39130860567092896, 0.3949218690395355, 0.39716798067092896, 0.39677733182907104, 0.39814454317092896, 0.39697265625, 0.3973632752895355, 0.4002929627895355, 0.3954101502895355, 0.39960938692092896, 0.3995117247104645]}