{"loss": [41.335838317871094, 19.30095863342285, 11.922529220581055, 8.43567943572998, 6.238536834716797, 4.7534260749816895, 3.7202577590942383, 2.998185873031616, 2.5026049613952637, 2.1603541374206543, 1.9022167921066284, 1.7390486001968384, 1.6332290172576904, 1.5622860193252563, 1.51822829246521, 1.484960675239563, 1.4639071226119995, 1.4480669498443604, 1.4329530000686646, 1.425031065940857, 1.4147751331329346, 1.4087778329849243, 1.4000747203826904, 1.3926419019699097, 1.3909380435943604, 1.387965440750122, 1.3798491954803467, 1.3776346445083618, 1.375728726387024, 1.3687970638275146, 1.3640038967132568, 1.3605061769485474, 1.3551732301712036, 1.355320692062378, 1.3503111600875854, 1.3424830436706543, 1.3433805704116821, 1.3357574939727783, 1.3292686939239502, 1.3270856142044067, 1.3239436149597168], "accuracy": [0.238676518201828, 0.273344486951828, 0.2850167453289032, 0.3345889151096344, 0.3703264594078064, 0.3789294958114624, 0.3864629864692688, 0.3914388120174408, 0.3973214328289032, 0.4017392098903656, 0.4276646077632904, 0.440731942653656, 0.4467540979385376, 0.4525902271270752, 0.4558454155921936, 0.4583798348903656, 0.4624488353729248, 0.4646112322807312, 0.4723074734210968, 0.47216796875, 0.4781436026096344, 0.4779575765132904, 0.4801199734210968, 0.4836309552192688, 0.485049307346344, 0.4882114827632904, 0.489932119846344, 0.4918619692325592, 0.4913736879825592, 0.4951636791229248, 0.5005580186843872, 0.503231942653656, 0.505975604057312, 0.504278302192688, 0.507207989692688, 0.5103468894958496, 0.5114397406578064, 0.514950692653656, 0.5176013708114624, 0.518182635307312, 0.520879864692688], "val_loss": [26.068307876586914, 14.451433181762695, 9.867908477783203, 7.232630252838135, 5.4317708015441895, 4.184100151062012, 3.3164491653442383, 2.716329336166382, 2.3074357509613037, 2.012307643890381, 1.7942159175872803, 1.6671422719955444, 1.584037184715271, 1.5308209657669067, 1.49370276927948, 1.4721401929855347, 1.4543401002883911, 1.443814992904663, 1.4364235401153564, 1.4246513843536377, 1.416563868522644, 1.4123609066009521, 1.4103329181671143, 1.4079233407974243, 1.4028587341308594, 1.399412989616394, 1.3951269388198853, 1.393747329711914, 1.3941659927368164, 1.39737868309021, 1.3883168697357178, 1.395147442817688, 1.3914324045181274, 1.3903768062591553, 1.3889862298965454, 1.3910006284713745, 1.389298439025879, 1.3949803113937378, 1.4019747972488403, 1.400782823562622, 1.410658359527588], "val_accuracy": [0.2687872052192688, 0.2764136791229248, 0.283389151096344, 0.3324962854385376, 0.3760230541229248, 0.3875558078289032, 0.388764888048172, 0.3940662145614624, 0.3970424234867096, 0.415829598903656, 0.4441034197807312, 0.4497767984867096, 0.4553571343421936, 0.4542410671710968, 0.459170401096344, 0.4594494104385376, 0.4626116156578064, 0.4639136791229248, 0.4664248526096344, 0.4701450765132904, 0.4713541567325592, 0.47265625, 0.4733072817325592, 0.4743303656578064, 0.4782366156578064, 0.4798177182674408, 0.4811197817325592, 0.4837239682674408, 0.4840029776096344, 0.4794456958770752, 0.486514151096344, 0.484188973903656, 0.4867001473903656, 0.4839099645614624, 0.4875372052192688, 0.4869791567325592, 0.488467276096344, 0.4836309552192688, 0.4812127947807312, 0.4853980541229248, 0.4809337854385376]}