{"loss": [12.913531303405762, 8.94931697845459, 6.289785861968994, 4.619089126586914, 3.5531506538391113, 2.874772548675537, 2.4429879188537598, 2.162810802459717, 1.9817034006118774, 1.8631978034973145, 1.7826311588287354, 1.7281233072280884, 1.6893569231033325, 1.6615679264068604, 1.6420892477035522, 1.6271556615829468, 1.6152167320251465, 1.6036487817764282, 1.590853214263916, 1.5812710523605347, 1.5708122253417969, 1.5631316900253296, 1.5546211004257202, 1.5409255027770996, 1.5319156646728516, 1.5216901302337646, 1.508654236793518, 1.4970543384552002, 1.4818602800369263, 1.4648395776748657], "accuracy": [0.1975715309381485, 0.21952654421329498, 0.26630741357803345, 0.27967336773872375, 0.28223833441734314, 0.29078030586242676, 0.29409825801849365, 0.29901638627052307, 0.30078125, 0.3061699867248535, 0.3123352825641632, 0.3165709674358368, 0.3229950964450836, 0.33028990030288696, 0.33466678857803345, 0.3345491290092468, 0.3413262367248535, 0.3474915325641632, 0.35464513301849365, 0.3593514561653137, 0.36754047870635986, 0.37328219413757324, 0.3757294714450836, 0.3864363729953766, 0.3918015956878662, 0.39883753657341003, 0.4032614827156067, 0.4155920445919037, 0.4229574501514435, 0.43458208441734314], "val_loss": [10.661651611328125, 7.436191558837891, 5.3504228591918945, 4.017758369445801, 3.1634552478790283, 2.620795726776123, 2.2784008979797363, 2.058126926422119, 1.9138014316558838, 1.8193771839141846, 1.7573585510253906, 1.712702751159668, 1.6818006038665771, 1.66265070438385, 1.6467260122299194, 1.6366310119628906, 1.6283706426620483, 1.6254394054412842, 1.6210901737213135, 1.6184523105621338, 1.619757056236267, 1.619978904724121, 1.6239268779754639, 1.6298606395721436, 1.6320587396621704, 1.640546441078186, 1.6497920751571655, 1.6573524475097656, 1.6701726913452148, 1.6928064823150635], "val_accuracy": [0.20957031846046448, 0.24609375, 0.26826173067092896, 0.28437501192092896, 0.29150390625, 0.29863280057907104, 0.3037109375, 0.3050781190395355, 0.3072265684604645, 0.3080078065395355, 0.31367188692092896, 0.32470703125, 0.33076173067092896, 0.33417969942092896, 0.3355468809604645, 0.3384765684604645, 0.33916014432907104, 0.33740234375, 0.33613282442092896, 0.3404296934604645, 0.3414062559604645, 0.3426757752895355, 0.3426757752895355, 0.3397460877895355, 0.3402343690395355, 0.33984375, 0.33710938692092896, 0.3345703184604645, 0.3321289122104645, 0.3275390565395355]}