{"loss": [12.149223327636719, 6.575295448303223, 4.525536060333252, 3.558501720428467, 2.979140043258667, 2.5899274349212646, 2.3134171962738037, 2.117650032043457, 1.9753516912460327, 1.8762928247451782, 1.804592490196228, 1.754114031791687, 1.718786597251892, 1.6936900615692139, 1.672804355621338, 1.6583093404769897, 1.6497524976730347, 1.641810417175293, 1.6348490715026855, 1.6313012838363647, 1.6269372701644897, 1.6226122379302979, 1.6205772161483765, 1.6186530590057373, 1.6149319410324097, 1.6132551431655884, 1.6100844144821167, 1.6080312728881836, 1.6081199645996094, 1.6053215265274048, 1.6033415794372559], "accuracy": [0.22082078456878662, 0.2735787034034729, 0.28821536898612976, 0.2961219847202301, 0.30553463101387024, 0.3063347041606903, 0.30960559844970703, 0.3120764195919037, 0.31482961773872375, 0.31993600726127625, 0.3206419348716736, 0.3214890956878662, 0.3252541422843933, 0.32551297545433044, 0.3276543617248535, 0.33177241683006287, 0.33210185170173645, 0.3332313597202301, 0.33932605385780334, 0.33706700801849365, 0.34022024273872375, 0.3439147174358368, 0.3440559208393097, 0.3453736901283264, 0.3505271077156067, 0.35196253657341003, 0.3545510172843933, 0.35657474398612976, 0.36019861698150635, 0.36351656913757324, 0.3662697672843933], "val_loss": [8.398509979248047, 5.2654194831848145, 3.9401016235351562, 3.2127113342285156, 2.743129253387451, 2.4179368019104004, 2.1902236938476562, 2.024979829788208, 1.908756971359253, 1.8276112079620361, 1.7689781188964844, 1.7300145626068115, 1.701172113418579, 1.6816177368164062, 1.6675431728363037, 1.6575123071670532, 1.6515405178070068, 1.646294355392456, 1.6436903476715088, 1.6421114206314087, 1.6399352550506592, 1.6397793292999268, 1.6402580738067627, 1.6402111053466797, 1.644540786743164, 1.6462533473968506, 1.6512091159820557, 1.652300477027893, 1.6599372625350952, 1.6630852222442627, 1.6678661108016968], "val_accuracy": [0.25800782442092896, 0.29052734375, 0.30400389432907104, 0.30888670682907104, 0.3140625059604645, 0.3167968690395355, 0.31757813692092896, 0.3199218809604645, 0.326171875, 0.32402342557907104, 0.32548826932907104, 0.3232421875, 0.32539063692092896, 0.32451170682907104, 0.3257812559604645, 0.3257812559604645, 0.3277343809604645, 0.3277343809604645, 0.3294921815395355, 0.33125001192092896, 0.33125001192092896, 0.3321289122104645, 0.3316406309604645, 0.3340820372104645, 0.3290039002895355, 0.330078125, 0.3306640684604645, 0.33154296875, 0.33134764432907104, 0.32890623807907104, 0.3296875059604645]}