{"loss": [17.19928550720215, 10.725264549255371, 7.232148170471191, 5.279156684875488, 4.099117279052734, 3.333357095718384, 2.8141090869903564, 2.4564132690429688, 2.207916259765625, 2.0275001525878906, 1.8988934755325317, 1.8124977350234985, 1.7564127445220947, 1.7240369319915771, 1.6964186429977417, 1.68092679977417, 1.6694309711456299, 1.6616301536560059, 1.6466352939605713, 1.6366618871688843, 1.6294612884521484, 1.6221994161605835, 1.614807367324829, 1.6153610944747925, 1.5966887474060059, 1.5844953060150146, 1.5763342380523682, 1.5708346366882324, 1.555212378501892, 1.5522254705429077], "accuracy": [0.19505365192890167, 0.20632530748844147, 0.20766660571098328, 0.2092902809381485, 0.20952560007572174, 0.21025508642196655, 0.21025508642196655, 0.21084336936473846, 0.21879705786705017, 0.2442818135023117, 0.26103633642196655, 0.2739081382751465, 0.28148531913757324, 0.2878153324127197, 0.29572194814682007, 0.3000282347202301, 0.30193430185317993, 0.3051345944404602, 0.313841313123703, 0.31951242685317993, 0.3221479654312134, 0.32596009969711304, 0.3315370976924896, 0.33203125, 0.34153804183006287, 0.34577372670173645, 0.35132718086242676, 0.3548804521560669, 0.36097514629364014, 0.3622458577156067], "val_loss": [13.270822525024414, 8.606890678405762, 6.070204734802246, 4.59222412109375, 3.6600735187530518, 3.0373024940490723, 2.61045241355896, 2.313188076019287, 2.1069400310516357, 1.9473215341567993, 1.842193841934204, 1.7780659198760986, 1.738715410232544, 1.7114191055297852, 1.695867896080017, 1.6841236352920532, 1.694237470626831, 1.6773748397827148, 1.671879529953003, 1.670305609703064, 1.6783682107925415, 1.675140380859375, 1.690723180770874, 1.6774625778198242, 1.6890323162078857, 1.7116363048553467, 1.7057991027832031, 1.7056772708892822, 1.7334764003753662, 1.8059734106063843], "val_accuracy": [0.20781250298023224, 0.20781250298023224, 0.20781250298023224, 0.20781250298023224, 0.20781250298023224, 0.20781250298023224, 0.20781250298023224, 0.21347656846046448, 0.21943359076976776, 0.26123046875, 0.27412110567092896, 0.2860351502895355, 0.28779298067092896, 0.29277342557907104, 0.29716795682907104, 0.29912108182907104, 0.2886718809604645, 0.29570311307907104, 0.30195313692092896, 0.3006835877895355, 0.29912108182907104, 0.3021484315395355, 0.29228514432907104, 0.30078125, 0.2987304627895355, 0.29511719942092896, 0.29619139432907104, 0.2978515625, 0.28642576932907104, 0.2608398497104645]}