{"loss": [12.19106388092041, 6.6209516525268555, 4.555324554443359, 3.577831268310547, 2.9920265674591064, 2.597907066345215, 2.3185665607452393, 2.1207406520843506, 1.9781585931777954, 1.8776936531066895, 1.8053406476974487, 1.7527278661727905, 1.715623378753662, 1.689416527748108, 1.6690491437911987, 1.654876947402954, 1.6443321704864502, 1.6349836587905884, 1.6299693584442139, 1.6243466138839722, 1.6186970472335815, 1.6157656908035278, 1.6122627258300781, 1.610428810119629, 1.6079546213150024, 1.6043944358825684, 1.6022007465362549, 1.6020164489746094, 1.599396824836731, 1.5965971946716309, 1.5932992696762085, 1.5914212465286255, 1.5903652906417847], "accuracy": [0.22545652091503143, 0.2808264195919037, 0.28715643286705017, 0.30096951127052307, 0.3059346675872803, 0.3120293617248535, 0.31798288226127625, 0.32125377655029297, 0.32323041558265686, 0.3237481117248535, 0.3239128291606903, 0.3263365924358368, 0.33026638627052307, 0.3334196209907532, 0.3372552692890167, 0.3359139561653137, 0.33798474073410034, 0.3392083942890167, 0.3401731848716736, 0.34412649273872375, 0.34622082114219666, 0.34756213426589966, 0.35071536898612976, 0.35372740030288696, 0.35330384969711304, 0.35826900601387024, 0.3619164228439331, 0.3631635904312134, 0.365846186876297, 0.3687170445919037, 0.3735175132751465, 0.37944748997688293, 0.3819418251514435], "val_loss": [8.461010932922363, 5.311911582946777, 3.9743614196777344, 3.234719753265381, 2.756401538848877, 2.4269418716430664, 2.19389271736145, 2.0297439098358154, 1.9158626794815063, 1.8302665948867798, 1.771658182144165, 1.7329132556915283, 1.6996357440948486, 1.6810123920440674, 1.6657040119171143, 1.6566410064697266, 1.6502673625946045, 1.6439759731292725, 1.6425836086273193, 1.6422812938690186, 1.6367027759552002, 1.637769341468811, 1.635925531387329, 1.6384971141815186, 1.6387876272201538, 1.6421031951904297, 1.6454544067382812, 1.6505047082901, 1.6540950536727905, 1.6614042520523071, 1.6653547286987305, 1.674547553062439, 1.6855970621109009], "val_accuracy": [0.26123046875, 0.2930664122104645, 0.30419921875, 0.31757813692092896, 0.3208984434604645, 0.3250976502895355, 0.32441407442092896, 0.32646483182907104, 0.32304686307907104, 0.32490235567092896, 0.32597655057907104, 0.32470703125, 0.3271484375, 0.3290039002895355, 0.3309570252895355, 0.32988280057907104, 0.3290039002895355, 0.3287109434604645, 0.32880860567092896, 0.3304687440395355, 0.32783204317092896, 0.3306640684604645, 0.33203125, 0.33076173067092896, 0.3324218690395355, 0.33515626192092896, 0.3348632752895355, 0.33271485567092896, 0.33271485567092896, 0.3326171934604645, 0.333984375, 0.32939451932907104, 0.33027344942092896]}