{"loss": [11.901947021484375, 6.466210842132568, 4.485909938812256, 3.5558154582977295, 2.9901998043060303, 2.6024386882781982, 2.3272452354431152, 2.1324350833892822, 1.991434097290039, 1.8943674564361572, 1.8230279684066772, 1.7738209962844849, 1.7400362491607666, 1.7153924703598022, 1.6994004249572754, 1.6867854595184326, 1.6784911155700684, 1.6701263189315796, 1.6657459735870361, 1.662199854850769, 1.6592600345611572, 1.6565555334091187, 1.6556872129440308, 1.6527290344238281, 1.6509881019592285, 1.6501799821853638, 1.6504204273223877, 1.6483625173568726, 1.6472564935684204, 1.64621102809906, 1.645848274230957, 1.6442468166351318, 1.643614649772644, 1.6441115140914917, 1.6436749696731567, 1.6429067850112915, 1.642095685005188, 1.6418622732162476, 1.642250895500183, 1.6411125659942627, 1.6403706073760986, 1.641294002532959, 1.6410131454467773, 1.6394507884979248, 1.6379574537277222, 1.6377625465393066], "accuracy": [0.2462349385023117, 0.2714608311653137, 0.2784262001514435, 0.2831795811653137, 0.2863799035549164, 0.28715643286705017, 0.2926628291606903, 0.2879800498485565, 0.2923804521560669, 0.29381588101387024, 0.29515719413757324, 0.29906344413757324, 0.29621610045433044, 0.2973691523075104, 0.299439936876297, 0.299439936876297, 0.29979291558265686, 0.2989693284034729, 0.2981221675872803, 0.2992517054080963, 0.29906344413757324, 0.302122563123703, 0.2981927692890167, 0.30233433842658997, 0.30221667885780334, 0.30176958441734314, 0.3032050132751465, 0.3036285638809204, 0.3045698404312134, 0.30551111698150635, 0.30191075801849365, 0.3080054521560669, 0.3045227825641632, 0.30579349398612976, 0.3063582479953766, 0.3041933476924896, 0.3057699501514435, 0.306028813123703, 0.30492281913757324, 0.3057464361190796, 0.30805251002311707, 0.30464044213294983, 0.30758190155029297, 0.30654650926589966, 0.30866435170173645, 0.3117940425872803], "val_loss": [8.203136444091797, 5.165639877319336, 3.91046142578125, 3.2137844562530518, 2.753683090209961, 2.4308218955993652, 2.1996865272521973, 2.0373895168304443, 1.9215240478515625, 1.841799020767212, 1.7835814952850342, 1.7426382303237915, 1.7149966955184937, 1.6942545175552368, 1.6797773838043213, 1.6705844402313232, 1.6638431549072266, 1.6586368083953857, 1.6548662185668945, 1.6514437198638916, 1.6484184265136719, 1.6461403369903564, 1.6449353694915771, 1.6438440084457397, 1.642983078956604, 1.6431382894515991, 1.6427018642425537, 1.6412172317504883, 1.6399824619293213, 1.6406469345092773, 1.6400327682495117, 1.6394016742706299, 1.6397173404693604, 1.6397825479507446, 1.6397968530654907, 1.6380188465118408, 1.6390464305877686, 1.6380751132965088, 1.6382169723510742, 1.6388981342315674, 1.6386926174163818, 1.6384446620941162, 1.6393400430679321, 1.6397815942764282, 1.6382782459259033, 1.6388161182403564], "val_accuracy": [0.2720703184604645, 0.2803710997104645, 0.2909179627895355, 0.29755860567092896, 0.29902344942092896, 0.30146485567092896, 0.30390626192092896, 0.3018554747104645, 0.30195313692092896, 0.3008789122104645, 0.30205076932907104, 0.30449217557907104, 0.30615234375, 0.30390626192092896, 0.30634766817092896, 0.30693358182907104, 0.30439454317092896, 0.30644530057907104, 0.30585938692092896, 0.30488282442092896, 0.30585938692092896, 0.30634766817092896, 0.30683594942092896, 0.3065429627895355, 0.30742186307907104, 0.3080078065395355, 0.30595701932907104, 0.30937498807907104, 0.31025391817092896, 0.3096679747104645, 0.30986326932907104, 0.3109374940395355, 0.3104492127895355, 0.3080078065395355, 0.3106445372104645, 0.31035155057907104, 0.30888670682907104, 0.3125976622104645, 0.31328123807907104, 0.3109374940395355, 0.3115234375, 0.310546875, 0.31298828125, 0.31230467557907104, 0.3133789002895355, 0.30927735567092896]}