{"loss": [12.199679374694824, 6.587574481964111, 4.520877838134766, 3.5548360347747803, 2.975560188293457, 2.584524393081665, 2.308840751647949, 2.1125710010528564, 1.9705597162246704, 1.87252938747406, 1.7998093366622925, 1.7478001117706299, 1.71216881275177, 1.687376856803894, 1.6672163009643555, 1.6538567543029785, 1.6425788402557373, 1.6342214345932007, 1.6276099681854248, 1.6232478618621826, 1.6195805072784424, 1.6136752367019653, 1.614175796508789, 1.607889175415039, 1.6073764562606812, 1.6045080423355103, 1.6013797521591187, 1.6010246276855469, 1.5982153415679932, 1.593530535697937, 1.594449520111084], "accuracy": [0.21884413063526154, 0.27753201127052307, 0.2938394248485565, 0.3049698770046234, 0.3119352459907532, 0.3125, 0.3168533444404602, 0.3211831748485565, 0.32127729058265686, 0.3215596675872803, 0.32683077454566956, 0.32892507314682007, 0.3315370976924896, 0.3317253291606903, 0.3343138098716736, 0.33734938502311707, 0.3373258709907532, 0.3403143882751465, 0.3433264195919037, 0.34459713101387024, 0.34530308842658997, 0.34680911898612976, 0.3488328456878662, 0.3533509075641632, 0.35182133316993713, 0.35732775926589966, 0.3580101728439331, 0.3617517054080963, 0.3661521077156067, 0.37130552530288696, 0.37314099073410034], "val_loss": [8.447263717651367, 5.279881000518799, 3.9470887184143066, 3.2201473712921143, 2.7409589290618896, 2.418818235397339, 2.1871373653411865, 2.023682117462158, 1.9088420867919922, 1.8278297185897827, 1.7692546844482422, 1.7277625799179077, 1.703539252281189, 1.6809486150741577, 1.669342279434204, 1.6573190689086914, 1.6469656229019165, 1.6498149633407593, 1.6425342559814453, 1.6415328979492188, 1.6360104084014893, 1.6386607885360718, 1.6378552913665771, 1.639303207397461, 1.642484426498413, 1.6424152851104736, 1.645677924156189, 1.6515522003173828, 1.6553415060043335, 1.66020929813385, 1.6636273860931396], "val_accuracy": [0.22607421875, 0.29541015625, 0.3084960877895355, 0.3119140565395355, 0.318359375, 0.32246094942092896, 0.3218750059604645, 0.32763671875, 0.3250976502895355, 0.3257812559604645, 0.32685548067092896, 0.32763671875, 0.32695311307907104, 0.3296875059604645, 0.32597655057907104, 0.3291992247104645, 0.33203125, 0.33076173067092896, 0.33076173067092896, 0.33134764432907104, 0.33154296875, 0.3330078125, 0.3331054747104645, 0.33574217557907104, 0.33427733182907104, 0.3345703184604645, 0.3329101502895355, 0.3333984315395355, 0.3306640684604645, 0.3309570252895355, 0.32939451932907104]}