{"loss": [9.2167387008667, 7.200379371643066, 5.6833014488220215, 4.582343101501465, 3.7723965644836426, 3.1724088191986084, 2.7318127155303955, 2.4129433631896973, 2.1830222606658936, 2.0174331665039062, 1.9010738134384155, 1.8191787004470825, 1.7618049383163452, 1.72161865234375, 1.6938680410385132, 1.6744831800460815, 1.6600768566131592, 1.6503387689590454, 1.643404483795166, 1.6354213953018188, 1.6314690113067627, 1.6266080141067505, 1.6216557025909424, 1.6176294088363647, 1.6146217584609985, 1.6112083196640015, 1.6067497730255127, 1.6033387184143066, 1.5989646911621094, 1.5953736305236816, 1.5925517082214355, 1.5874193906784058, 1.5805714130401611], "accuracy": [0.20592527091503143, 0.23609280586242676, 0.2666839361190796, 0.27910861372947693, 0.27969691157341003, 0.2863328456878662, 0.2913215458393097, 0.29245105385780334, 0.2944747805595398, 0.2964279055595398, 0.2982633709907532, 0.2984045445919037, 0.3018401861190796, 0.3004753291606903, 0.30325207114219666, 0.3043580651283264, 0.30628764629364014, 0.30852314829826355, 0.3063347041606903, 0.31045275926589966, 0.3093702793121338, 0.3105704188346863, 0.31184110045433044, 0.31645330786705017, 0.3169004023075104, 0.31784167885780334, 0.32205384969711304, 0.3225950598716736, 0.3258424401283264, 0.32786616683006287, 0.32981929183006287, 0.3329254388809204, 0.3374435305595398], "val_loss": [8.12195873260498, 6.356378078460693, 5.073084831237793, 4.123943328857422, 3.426727771759033, 2.9146013259887695, 2.5425610542297363, 2.2737667560577393, 2.081970691680908, 1.9452297687530518, 1.8504106998443604, 1.7839844226837158, 1.7378814220428467, 1.7068331241607666, 1.6851580142974854, 1.670330286026001, 1.6603686809539795, 1.6538360118865967, 1.648749589920044, 1.645621657371521, 1.6434299945831299, 1.6420726776123047, 1.641369104385376, 1.6414287090301514, 1.6423088312149048, 1.642820119857788, 1.6435178518295288, 1.6449024677276611, 1.6456760168075562, 1.6493136882781982, 1.6501617431640625, 1.6520416736602783, 1.6601451635360718], "val_accuracy": [0.21210937201976776, 0.26875001192092896, 0.29296875, 0.29218751192092896, 0.29707032442092896, 0.29511719942092896, 0.2969726622104645, 0.29951173067092896, 0.2998046875, 0.30195313692092896, 0.3023437559604645, 0.30400389432907104, 0.302734375, 0.3033203184604645, 0.30488282442092896, 0.3037109375, 0.30322265625, 0.3038085997104645, 0.30449217557907104, 0.30351561307907104, 0.30322265625, 0.3017578125, 0.3011718690395355, 0.3006835877895355, 0.29951173067092896, 0.29931640625, 0.29902344942092896, 0.29853516817092896, 0.2972656190395355, 0.29619139432907104, 0.29472655057907104, 0.2950195372104645, 0.2938476502895355]}