{"loss": [12.881152153015137, 8.912962913513184, 6.273621559143066, 4.61238956451416, 3.5506980419158936, 2.872321367263794, 2.4374160766601562, 2.1567113399505615, 1.9742084741592407, 1.853904128074646, 1.7727433443069458, 1.7157237529754639, 1.6786807775497437, 1.651810646057129, 1.6326795816421509, 1.6159107685089111, 1.6039692163467407, 1.5950191020965576, 1.5837432146072388, 1.5735293626785278, 1.5662323236465454, 1.557108998298645, 1.5477577447891235, 1.5375912189483643, 1.5267592668533325, 1.5183420181274414, 1.5014983415603638, 1.4867091178894043, 1.4716601371765137, 1.455344319343567, 1.4395264387130737, 1.4152203798294067], "accuracy": [0.19775979220867157, 0.2288215309381485, 0.2742140293121338, 0.28355610370635986, 0.29306286573410034, 0.29725149273872375, 0.3020990192890167, 0.30732303857803345, 0.31362950801849365, 0.3155120611190796, 0.32280686497688293, 0.3282897174358368, 0.33285486698150635, 0.3363845944404602, 0.33890247344970703, 0.3432558476924896, 0.3494446575641632, 0.35191547870635986, 0.35598644614219666, 0.3631635904312134, 0.36770519614219666, 0.3712349534034729, 0.3765060305595398, 0.3838714361190796, 0.39055439829826355, 0.39671969413757324, 0.40629705786705017, 0.4186041057109833, 0.4306052327156067, 0.43712350726127625, 0.44792452454566956, 0.4628670811653137], "val_loss": [10.631685256958008, 7.415124416351318, 5.339064121246338, 4.010859489440918, 3.159609317779541, 2.615811347961426, 2.270106315612793, 2.0462605953216553, 1.899245262145996, 1.803117036819458, 1.7387750148773193, 1.6969718933105469, 1.668605089187622, 1.6511154174804688, 1.6362346410751343, 1.6305679082870483, 1.6208782196044922, 1.6133697032928467, 1.6086457967758179, 1.6056315898895264, 1.6058002710342407, 1.6042616367340088, 1.6089891195297241, 1.611315369606018, 1.6187074184417725, 1.6208003759384155, 1.6318752765655518, 1.6460392475128174, 1.6666553020477295, 1.682287573814392, 1.693503975868225, 1.7175108194351196], "val_accuracy": [0.21435546875, 0.25410157442092896, 0.28642576932907104, 0.29658204317092896, 0.30097657442092896, 0.3042968809604645, 0.30839842557907104, 0.3138671815395355, 0.3216796815395355, 0.33027344942092896, 0.33330076932907104, 0.33447265625, 0.33916014432907104, 0.33574217557907104, 0.34101563692092896, 0.3408203125, 0.34150391817092896, 0.34843748807907104, 0.35107421875, 0.3516601622104645, 0.35234373807907104, 0.3515625, 0.3506835997104645, 0.35029298067092896, 0.34765625, 0.3515625, 0.3497070372104645, 0.34296876192092896, 0.3399414122104645, 0.33417969942092896, 0.33515626192092896, 0.33515626192092896]}