{"loss": [8.716290473937988, 4.80317497253418, 2.93154239654541, 2.1615829467773438, 1.8436968326568604, 1.6995035409927368, 1.6246716976165771, 1.5686686038970947, 1.531031847000122, 1.5001524686813354, 1.4752103090286255, 1.4459388256072998, 1.4185465574264526, 1.390273928642273, 1.3629883527755737, 1.328946828842163, 1.302886724472046, 1.271559238433838, 1.237425684928894, 1.1940510272979736, 1.153719425201416], "accuracy": [0.2040427327156067, 0.21479669213294983, 0.2815323770046234, 0.31134694814682007, 0.3334902226924896, 0.34986820816993713, 0.3655402958393097, 0.38589513301849365, 0.4002494215965271, 0.41385072469711304, 0.42660486698150635, 0.44373586773872375, 0.46098455786705017, 0.47769200801849365, 0.49378764629364014, 0.5140483975410461, 0.5284497141838074, 0.5483339428901672, 0.5680534839630127, 0.5936323404312134, 0.6157285571098328], "val_loss": [6.280111312866211, 3.6596996784210205, 2.5145444869995117, 2.027186155319214, 1.8033231496810913, 1.6821438074111938, 1.620352029800415, 1.5700076818466187, 1.5481013059616089, 1.5378590822219849, 1.5310684442520142, 1.5320717096328735, 1.5496270656585693, 1.547149419784546, 1.5613977909088135, 1.5785549879074097, 1.610962152481079, 1.6249955892562866, 1.6664903163909912, 1.6823936700820923, 1.757927656173706], "val_accuracy": [0.20781250298023224, 0.21611328423023224, 0.255859375, 0.3111328184604645, 0.33935546875, 0.35498046875, 0.3584960997104645, 0.38251954317092896, 0.3868164122104645, 0.3912109434604645, 0.3978515565395355, 0.39628905057907104, 0.39501953125, 0.39453125, 0.3939453065395355, 0.392578125, 0.376953125, 0.38896483182907104, 0.3841796815395355, 0.3778320252895355, 0.36689454317092896]}