{"loss": [12.39229679107666, 6.724462985992432, 4.545041561126709, 3.5234436988830566, 2.867128849029541, 2.4769535064697266, 2.213426113128662, 2.0298755168914795, 1.8964569568634033, 1.803725242614746, 1.7392442226409912, 1.688525676727295, 1.650895118713379, 1.6215753555297852, 1.5994268655776978, 1.5823978185653687, 1.5687001943588257, 1.5544029474258423, 1.547568440437317, 1.541110634803772, 1.5325309038162231, 1.5268863439559937, 1.5175132751464844, 1.5154892206192017, 1.5060607194900513, 1.5010497570037842, 1.4972552061080933, 1.4877691268920898, 1.477948784828186, 1.4727545976638794, 1.4678494930267334, 1.4574476480484009, 1.45094633102417], "accuracy": [0.19738328456878662, 0.20729009807109833, 0.2125847190618515, 0.23395143449306488, 0.2922392785549164, 0.3046639561653137, 0.3162885904312134, 0.3276543617248535, 0.33346667885780334, 0.3432558476924896, 0.34800922870635986, 0.35810428857803345, 0.3688111901283264, 0.37405872344970703, 0.38375377655029297, 0.3871658444404602, 0.3958490192890167, 0.40013179183006287, 0.4056146442890167, 0.40514400601387024, 0.41173288226127625, 0.4163450598716736, 0.41773343086242676, 0.4241575598716736, 0.42947572469711304, 0.42916980385780334, 0.43321725726127625, 0.4396178424358368, 0.4488893151283264, 0.45185428857803345, 0.4540427327156067, 0.4628670811653137, 0.4684205651283264], "val_loss": [8.640607833862305, 5.301911354064941, 3.940354108810425, 3.1821391582489014, 2.686413288116455, 2.3482112884521484, 2.109797954559326, 1.9462388753890991, 1.8358123302459717, 1.7565505504608154, 1.7015068531036377, 1.6609218120574951, 1.6284809112548828, 1.605913758277893, 1.5914961099624634, 1.5852625370025635, 1.5748155117034912, 1.5689678192138672, 1.5636484622955322, 1.561784029006958, 1.559814691543579, 1.5615791082382202, 1.5593076944351196, 1.564326524734497, 1.5602643489837646, 1.5631999969482422, 1.5714362859725952, 1.5717333555221558, 1.57694411277771, 1.580491065979004, 1.582821249961853, 1.5877574682235718, 1.5934488773345947], "val_accuracy": [0.2119140625, 0.21269531548023224, 0.21542969346046448, 0.2554687559604645, 0.29121094942092896, 0.3169921934604645, 0.33369141817092896, 0.3397460877895355, 0.3485351502895355, 0.35400390625, 0.3570312559604645, 0.36406248807907104, 0.37666016817092896, 0.3819335997104645, 0.38896483182907104, 0.384765625, 0.38935548067092896, 0.39335936307907104, 0.39482420682907104, 0.3936523497104645, 0.3998046815395355, 0.39501953125, 0.3993164002895355, 0.3994140625, 0.40019530057907104, 0.3984375, 0.39580076932907104, 0.3995117247104645, 0.3975585997104645, 0.3993164002895355, 0.39863282442092896, 0.3983398377895355, 0.39619141817092896]}