{"loss": [21.01491928100586, 9.991451263427734, 6.462925910949707, 4.775892734527588, 3.645695209503174, 2.9048871994018555, 2.427769422531128, 2.1129274368286133, 1.9065200090408325, 1.7672107219696045, 1.6777621507644653, 1.6183135509490967, 1.577614665031433, 1.549457311630249, 1.5325385332107544, 1.4961477518081665, 1.4594080448150635, 1.4406285285949707, 1.4279592037200928, 1.4174147844314575, 1.4110153913497925, 1.4075313806533813, 1.3991442918777466, 1.394156575202942, 1.3875457048416138, 1.3845829963684082, 1.3799461126327515, 1.3773237466812134, 1.3695032596588135, 1.3692755699157715, 1.3641217947006226, 1.3555911779403687, 1.3532060384750366, 1.3469562530517578, 1.3404464721679688, 1.336045503616333, 1.329703450202942, 1.3257559537887573, 1.3165161609649658, 1.3117488622665405, 1.3045952320098877, 1.2913302183151245, 1.2881003618240356, 1.278794288635254], "accuracy": [0.24233295023441315, 0.26888713240623474, 0.2810629904270172, 0.2913896143436432, 0.3538065254688263, 0.3795919120311737, 0.38794463872909546, 0.3918716609477997, 0.39459359645843506, 0.39798039197921753, 0.40084773302078247, 0.4032995402812958, 0.4076005518436432, 0.41030168533325195, 0.41557928919792175, 0.4328041970729828, 0.45416390895843506, 0.46351397037506104, 0.47034990787506104, 0.4732588231563568, 0.4768534004688263, 0.47496259212493896, 0.48246341943740845, 0.48420876264572144, 0.4870137870311737, 0.48979803919792175, 0.4937666356563568, 0.49380818009376526, 0.4985247552394867, 0.49877411127090454, 0.5010389089584351, 0.5063372850418091, 0.5077709555625916, 0.513256311416626, 0.5173079967498779, 0.520715594291687, 0.5244971513748169, 0.5256399512290955, 0.5302318930625916, 0.5342627763748169, 0.5387300252914429, 0.5479346513748169, 0.55078125, 0.5549368262290955], "val_loss": [13.24055290222168, 7.677027702331543, 5.457319259643555, 4.167907238006592, 3.2384183406829834, 2.6353931427001953, 2.2440075874328613, 1.987930417060852, 1.8212902545928955, 1.7152612209320068, 1.641494631767273, 1.5941221714019775, 1.565860629081726, 1.5438964366912842, 1.5232925415039062, 1.4642019271850586, 1.443013072013855, 1.4347766637802124, 1.4305601119995117, 1.4217278957366943, 1.4179718494415283, 1.419835090637207, 1.4177292585372925, 1.41444993019104, 1.421738862991333, 1.4169238805770874, 1.423285722732544, 1.422662615776062, 1.4278045892715454, 1.4196354150772095, 1.4202100038528442, 1.4135411977767944, 1.4196443557739258, 1.4110699892044067, 1.4151479005813599, 1.4230303764343262, 1.4205461740493774, 1.4208585023880005, 1.4265203475952148, 1.4440251588821411, 1.4388920068740845, 1.440961241722107, 1.4527033567428589, 1.4684256315231323], "val_accuracy": [0.27097487449645996, 0.27683424949645996, 0.2847316563129425, 0.28914740681648254, 0.36854618787765503, 0.389521062374115, 0.39835259318351746, 0.4016644060611725, 0.40234375, 0.40259850025177, 0.401239812374115, 0.405400812625885, 0.40939196944236755, 0.4077785313129425, 0.41822350025177, 0.448114812374115, 0.46195653080940247, 0.46433424949645996, 0.46603259444236755, 0.47095787525177, 0.471807062625885, 0.47316575050354004, 0.47367528080940247, 0.47647759318351746, 0.47265625, 0.47630774974823, 0.47163721919059753, 0.47163721919059753, 0.47206181287765503, 0.475458562374115, 0.47664740681648254, 0.481317937374115, 0.47843071818351746, 0.482421875, 0.4808933436870575, 0.47690218687057495, 0.47995924949645996, 0.4819972813129425, 0.47944971919059753, 0.469599187374115, 0.47800612449645996, 0.48038384318351746, 0.47367528080940247, 0.46824049949645996]}