{"loss": [40.7949333190918, 18.988828659057617, 11.75625228881836, 8.390630722045898, 6.2890777587890625, 4.828945159912109, 3.8044657707214355, 3.0899624824523926, 2.593764066696167, 2.2561960220336914, 2.029423475265503, 1.8776699304580688, 1.7798455953598022, 1.7149133682250977, 1.6739845275878906, 1.6464735269546509, 1.6291730403900146, 1.6174869537353516, 1.6102622747421265, 1.6047714948654175, 1.6002943515777588, 1.5963138341903687, 1.5949337482452393, 1.5925226211547852, 1.590571403503418, 1.5883747339248657, 1.5867621898651123, 1.5852975845336914, 1.5847206115722656, 1.5830166339874268, 1.5816022157669067, 1.5802428722381592, 1.5798481702804565, 1.579623818397522, 1.5778387784957886, 1.5760102272033691, 1.5748792886734009, 1.574834942817688, 1.573195457458496, 1.5721538066864014, 1.5713762044906616, 1.5712662935256958, 1.5704376697540283, 1.5690096616744995, 1.568567156791687, 1.5681325197219849, 1.567386269569397, 1.5654323101043701, 1.565333366394043, 1.5645027160644531, 1.563346266746521, 1.5628403425216675, 1.5627182722091675, 1.56114661693573, 1.5601121187210083, 1.5585353374481201, 1.5580594539642334, 1.5577510595321655, 1.5572415590286255, 1.5555888414382935, 1.5553022623062134, 1.5541352033615112], "accuracy": [0.2806852459907532, 0.3253953456878662, 0.3266660273075104, 0.3325960040092468, 0.33629047870635986, 0.33904367685317993, 0.34144389629364014, 0.3421263098716736, 0.34099680185317993, 0.34127917885780334, 0.3422439694404602, 0.3418204188346863, 0.34353822469711304, 0.3455384075641632, 0.34666791558265686, 0.3471620976924896, 0.3461267054080963, 0.3470914959907532, 0.34803274273872375, 0.3484327793121338, 0.34880930185317993, 0.34956231713294983, 0.35059770941734314, 0.3500564694404602, 0.34920933842658997, 0.3522919714450836, 0.35222139954566956, 0.3512330651283264, 0.3509977459907532, 0.35377445816993713, 0.35346856713294983, 0.35257434844970703, 0.35316264629364014, 0.35462161898612976, 0.35690417885780334, 0.3572571575641632, 0.3556334674358368, 0.35657474398612976, 0.35615116357803345, 0.35782191157341003, 0.35836315155029297, 0.36019861698150635, 0.36019861698150635, 0.36066922545433044, 0.36142224073410034, 0.3606927692890167, 0.3629753291606903, 0.3618928790092468, 0.36212819814682007, 0.36248117685317993, 0.36332830786705017, 0.3643401861190796, 0.3652108311653137, 0.36634036898612976, 0.3666227459907532, 0.36558735370635986, 0.3676110804080963, 0.3679640293121338, 0.36909356713294983, 0.36859938502311707, 0.36998775601387024, 0.3709290325641632], "val_loss": [25.750240325927734, 14.328211784362793, 9.806337356567383, 7.225973606109619, 5.479742527008057, 4.246396064758301, 3.385648012161255, 2.7921252250671387, 2.3844456672668457, 2.1098244190216064, 1.926612138748169, 1.8045841455459595, 1.7260410785675049, 1.6751772165298462, 1.6437269449234009, 1.6200611591339111, 1.6065715551376343, 1.5964452028274536, 1.5889121294021606, 1.5850249528884888, 1.5809003114700317, 1.5788054466247559, 1.5760897397994995, 1.5755369663238525, 1.5733134746551514, 1.5730955600738525, 1.5719759464263916, 1.571376085281372, 1.5698964595794678, 1.5696674585342407, 1.5692541599273682, 1.567864179611206, 1.5670124292373657, 1.5671002864837646, 1.5657552480697632, 1.566103219985962, 1.5656824111938477, 1.5650492906570435, 1.564584493637085, 1.5642292499542236, 1.5635069608688354, 1.5629562139511108, 1.5637670755386353, 1.5633169412612915, 1.5633060932159424, 1.5629587173461914, 1.563191533088684, 1.5631182193756104, 1.5633589029312134, 1.5630754232406616, 1.5630139112472534, 1.5625332593917847, 1.562355399131775, 1.5629427433013916, 1.563062310218811, 1.563739538192749, 1.5628808736801147, 1.564247727394104, 1.564460277557373, 1.5642592906951904, 1.5652625560760498, 1.5653507709503174], "val_accuracy": [0.240234375, 0.29052734375, 0.31914061307907104, 0.3404296934604645, 0.34814453125, 0.35332030057907104, 0.3539062440395355, 0.3541015684604645, 0.35576170682907104, 0.3545898497104645, 0.35673826932907104, 0.3558593690395355, 0.3573242127895355, 0.3568359315395355, 0.3573242127895355, 0.3609375059604645, 0.3619140684604645, 0.3624023497104645, 0.36298829317092896, 0.3617187440395355, 0.36181640625, 0.36308592557907104, 0.36162108182907104, 0.3619140684604645, 0.36298829317092896, 0.3628906309604645, 0.36357420682907104, 0.36250001192092896, 0.3642578125, 0.36376953125, 0.3631835877895355, 0.36298829317092896, 0.36445313692092896, 0.36357420682907104, 0.36406248807907104, 0.3623046875, 0.3619140684604645, 0.36494141817092896, 0.36406248807907104, 0.36640626192092896, 0.3633789122104645, 0.3638671934604645, 0.365234375, 0.36503905057907104, 0.36552733182907104, 0.365234375, 0.36552733182907104, 0.3646484315395355, 0.3651367127895355, 0.36357420682907104, 0.36474609375, 0.36455076932907104, 0.3661132752895355, 0.36474609375, 0.3643554747104645, 0.36494141817092896, 0.3638671934604645, 0.36503905057907104, 0.3648437559604645, 0.3628906309604645, 0.3646484315395355, 0.36347657442092896]}