{"loss": [12.407421112060547, 6.7468342781066895, 4.568230152130127, 3.5127265453338623, 2.8952412605285645, 2.5117108821868896, 2.248401403427124, 2.060049295425415, 1.9295355081558228, 1.8370038270950317, 1.773049235343933, 1.7273489236831665, 1.6932498216629028, 1.6673465967178345, 1.649463176727295, 1.6305519342422485, 1.6166223287582397, 1.6018831729888916, 1.5929083824157715, 1.5805819034576416, 1.5718929767608643, 1.5629559755325317, 1.5534682273864746, 1.546827793121338, 1.5403298139572144, 1.5306391716003418, 1.5215705633163452, 1.515783429145813, 1.5093410015106201, 1.4963232278823853, 1.4875268936157227, 1.4777746200561523, 1.4697048664093018], "accuracy": [0.19597138464450836, 0.20540757477283478, 0.20905497670173645, 0.2518119215965271, 0.28645047545433044, 0.2924745976924896, 0.2979103922843933, 0.30508753657341003, 0.309935063123703, 0.31678274273872375, 0.3204772174358368, 0.3245481848716736, 0.3323606848716736, 0.3395613729953766, 0.3434440791606903, 0.3542921543121338, 0.36274001002311707, 0.3679640293121338, 0.3745529055595398, 0.3823183476924896, 0.38671875, 0.391236811876297, 0.39926111698150635, 0.40455570816993713, 0.4072853922843933, 0.41773343086242676, 0.4230986535549164, 0.4306052327156067, 0.4328407347202301, 0.4412885904312134, 0.44750094413757324, 0.4592902958393097, 0.46314945816993713], "val_loss": [8.658262252807617, 5.328639984130859, 3.960948944091797, 3.1607933044433594, 2.68674373626709, 2.3603246212005615, 2.1362228393554688, 1.978973388671875, 1.8724710941314697, 1.7998559474945068, 1.743956208229065, 1.7054941654205322, 1.6817874908447266, 1.6583068370819092, 1.6410417556762695, 1.6280097961425781, 1.6165319681167603, 1.6204612255096436, 1.5997860431671143, 1.6057898998260498, 1.595262885093689, 1.5886290073394775, 1.588321328163147, 1.5904457569122314, 1.592669129371643, 1.596203088760376, 1.599531888961792, 1.6104886531829834, 1.6149284839630127, 1.6228227615356445, 1.628805160522461, 1.639706015586853, 1.6676076650619507], "val_accuracy": [0.21230468153953552, 0.21337890625, 0.21796874701976776, 0.2821289002895355, 0.2930664122104645, 0.30156248807907104, 0.310546875, 0.31464844942092896, 0.3179687559604645, 0.31865233182907104, 0.3270507752895355, 0.3316406309604645, 0.33349609375, 0.3443359434604645, 0.3519531190395355, 0.35820311307907104, 0.36328125, 0.35957032442092896, 0.37177735567092896, 0.3700195252895355, 0.37744140625, 0.3778320252895355, 0.37841796875, 0.38164061307907104, 0.3807617127895355, 0.38261717557907104, 0.3829101622104645, 0.376953125, 0.37822264432907104, 0.3802734315395355, 0.38115233182907104, 0.3812499940395355, 0.37822264432907104]}