{"loss": [41.338462829589844, 19.337631225585938, 11.938301086425781, 8.421385765075684, 6.246967792510986, 4.766442775726318, 3.730313301086426, 3.010566234588623, 2.512899398803711, 2.1755335330963135, 1.9471629858016968, 1.792999029159546, 1.692468523979187, 1.620661735534668, 1.5536963939666748, 1.5062322616577148, 1.4830505847930908, 1.4639050960540771, 1.4489521980285645, 1.4377944469451904, 1.4310606718063354, 1.4231419563293457, 1.4161295890808105, 1.40969717502594, 1.4043947458267212, 1.4006826877593994, 1.3943637609481812, 1.3905824422836304, 1.3883672952651978, 1.379915475845337, 1.3797022104263306, 1.374099612236023, 1.3686118125915527, 1.3623489141464233, 1.3583279848098755, 1.355348825454712, 1.3537343740463257, 1.3445619344711304, 1.34517502784729, 1.3403569459915161, 1.3298962116241455, 1.321616530418396], "accuracy": [0.2403041273355484, 0.2707635760307312, 0.2949451208114624, 0.3555850088596344, 0.374418705701828, 0.3831380307674408, 0.3880440890789032, 0.3905552327632904, 0.3947637677192688, 0.397646963596344, 0.397553950548172, 0.4042503833770752, 0.4049479067325592, 0.4130394458770752, 0.4300595223903656, 0.4436383843421936, 0.4490792453289032, 0.4543805718421936, 0.4575427770614624, 0.4624721109867096, 0.462983638048172, 0.4704241156578064, 0.4701683521270752, 0.4756557047367096, 0.4768182635307312, 0.4796084463596344, 0.482514888048172, 0.4850725531578064, 0.4857003390789032, 0.4907459020614624, 0.491513192653656, 0.4926060140132904, 0.498721182346344, 0.498930424451828, 0.5022321343421936, 0.5032784342765808, 0.5059989094734192, 0.5101609230041504, 0.5123698115348816, 0.5154157280921936, 0.519647479057312, 0.5257161259651184], "val_loss": [26.103431701660156, 14.480813026428223, 9.889379501342773, 7.229676246643066, 5.448215484619141, 4.199775218963623, 3.3278074264526367, 2.734060287475586, 2.323408603668213, 2.053330659866333, 1.861035704612732, 1.7401341199874878, 1.6560277938842773, 1.5792360305786133, 1.5155526399612427, 1.4830862283706665, 1.4669705629348755, 1.4567526578903198, 1.444869041442871, 1.4381482601165771, 1.432585597038269, 1.42487370967865, 1.421710729598999, 1.417904019355774, 1.4157503843307495, 1.4136582612991333, 1.4095693826675415, 1.4094022512435913, 1.4069381952285767, 1.4072099924087524, 1.4045159816741943, 1.4040697813034058, 1.404141902923584, 1.4054502248764038, 1.4122583866119385, 1.40956449508667, 1.4109176397323608, 1.420649766921997, 1.4209858179092407, 1.4327826499938965, 1.4280662536621094, 1.4330613613128662], "val_accuracy": [0.2718563973903656, 0.2756696343421936, 0.279203861951828, 0.3539806604385376, 0.3705357015132904, 0.3837425708770752, 0.3916480541229248, 0.3899739682674408, 0.394717276096344, 0.392485111951828, 0.3995535671710968, 0.400483638048172, 0.4030877947807312, 0.4208519458770752, 0.4444754421710968, 0.451357901096344, 0.4554501473903656, 0.4562872052192688, 0.4560081958770752, 0.4595424234867096, 0.4645647406578064, 0.468936026096344, 0.4675409197807312, 0.4719122052192688, 0.4731212854385376, 0.4723772406578064, 0.474516361951828, 0.4773065447807312, 0.4762834906578064, 0.4754464328289032, 0.4768415093421936, 0.476748526096344, 0.4751674234867096, 0.4759114682674408, 0.4713541567325592, 0.4753534197807312, 0.4759114682674408, 0.4737723171710968, 0.474423348903656, 0.4760974645614624, 0.472842276096344, 0.474609375]}