{"loss": [31.34680938720703, 23.299427032470703, 17.350242614746094, 12.94504165649414, 9.688776969909668, 7.299768447875977, 5.568605899810791, 4.326577663421631, 3.4494881629943848, 2.8370702266693115, 2.414499044418335, 2.129849433898926, 1.93919837474823, 1.8131263256072998, 1.7321140766143799, 1.6803765296936035, 1.6466294527053833, 1.6266740560531616, 1.6127104759216309, 1.6049262285232544, 1.5994001626968384, 1.59445321559906, 1.5919424295425415, 1.5900483131408691, 1.588161826133728, 1.586682915687561, 1.5854159593582153, 1.5846506357192993, 1.5842572450637817, 1.5820538997650146, 1.5820000171661377, 1.582128643989563, 1.5804741382598877, 1.5798381567001343, 1.5799237489700317, 1.5784556865692139, 1.5784379243850708, 1.5773509740829468, 1.5764684677124023, 1.5770691633224487, 1.575926423072815, 1.5753577947616577, 1.5750705003738403, 1.573995590209961, 1.573613166809082, 1.572473406791687, 1.5717800855636597, 1.5713824033737183, 1.5704765319824219, 1.5694501399993896, 1.5698885917663574, 1.5690358877182007, 1.567848801612854, 1.566408634185791, 1.566391944885254, 1.5664358139038086, 1.5655850172042847, 1.565173625946045, 1.5638563632965088, 1.5629785060882568, 1.5628471374511719, 1.5615848302841187, 1.561163067817688, 1.560202717781067], "accuracy": [0.22531531751155853, 0.30628764629364014, 0.3257482945919037, 0.33193713426589966, 0.33525508642196655, 0.3358198404312134, 0.33857303857803345, 0.3377494215965271, 0.34022024273872375, 0.3410203456878662, 0.3419615924358368, 0.3419145345687866, 0.3408791422843933, 0.34198513627052307, 0.3451148271560669, 0.34214985370635986, 0.3452324867248535, 0.34393826127052307, 0.34471479058265686, 0.3424322307109833, 0.34280872344970703, 0.3434676229953766, 0.3435852825641632, 0.34638553857803345, 0.34565606713294983, 0.34544429183006287, 0.34713855385780334, 0.3467855751514435, 0.34683263301849365, 0.3470914959907532, 0.3452795445919037, 0.3488328456878662, 0.3470914959907532, 0.3463384807109833, 0.3467385172843933, 0.34772685170173645, 0.34789156913757324, 0.3481268882751465, 0.3485269248485565, 0.34847986698150635, 0.3500564694404602, 0.34996235370635986, 0.3491387367248535, 0.35073888301849365, 0.3490446209907532, 0.3505035638809204, 0.3521272540092468, 0.3519860804080963, 0.35137423872947693, 0.35360974073410034, 0.35386860370635986, 0.35240963101387024, 0.3530214726924896, 0.3544098138809204, 0.3530920445919037, 0.3565041422843933, 0.3545980751514435, 0.35662180185317993, 0.35551580786705017, 0.35716304183006287, 0.35869258642196655, 0.35782191157341003, 0.35765719413757324, 0.3592573404312134], "val_loss": [26.94583511352539, 20.05772590637207, 14.944727897644043, 11.148859024047852, 8.3538236618042, 6.319723606109619, 4.855889320373535, 3.8154728412628174, 3.0865848064422607, 2.5821709632873535, 2.2375917434692383, 2.0069591999053955, 1.854188323020935, 1.7548494338989258, 1.6909143924713135, 1.6506834030151367, 1.6250005960464478, 1.6083351373672485, 1.5990277528762817, 1.591883897781372, 1.5876327753067017, 1.5847797393798828, 1.5826231241226196, 1.581432819366455, 1.580430507659912, 1.5791614055633545, 1.5790150165557861, 1.5783504247665405, 1.5781605243682861, 1.577088713645935, 1.5775145292282104, 1.5763877630233765, 1.576429843902588, 1.5755615234375, 1.5749272108078003, 1.5758484601974487, 1.5741018056869507, 1.5745258331298828, 1.575242280960083, 1.5749636888504028, 1.5738325119018555, 1.5738811492919922, 1.5749235153198242, 1.5735549926757812, 1.5739188194274902, 1.573119878768921, 1.5728909969329834, 1.5729103088378906, 1.5724775791168213, 1.5732864141464233, 1.5730117559432983, 1.5726957321166992, 1.572554349899292, 1.5720045566558838, 1.5729234218597412, 1.5722037553787231, 1.5722038745880127, 1.5724176168441772, 1.5726184844970703, 1.5726572275161743, 1.5727195739746094, 1.5729176998138428, 1.5735164880752563, 1.5739856958389282], "val_accuracy": [0.23427733778953552, 0.28955078125, 0.3177734315395355, 0.3375000059604645, 0.34882813692092896, 0.3521484434604645, 0.35302734375, 0.3516601622104645, 0.35332030057907104, 0.35400390625, 0.35224610567092896, 0.3524414002895355, 0.3526367247104645, 0.35371094942092896, 0.3519531190395355, 0.35429686307907104, 0.3524414002895355, 0.35419923067092896, 0.3534179627895355, 0.3524414002895355, 0.35332030057907104, 0.3543945252895355, 0.35322266817092896, 0.3531250059604645, 0.35371094942092896, 0.3531250059604645, 0.3524414002895355, 0.35273438692092896, 0.35332030057907104, 0.3539062440395355, 0.35400390625, 0.35517579317092896, 0.3543945252895355, 0.3544921875, 0.35419923067092896, 0.35380858182907104, 0.3541015684604645, 0.35429686307907104, 0.3536132872104645, 0.35283201932907104, 0.3534179627895355, 0.35400390625, 0.35175782442092896, 0.3536132872104645, 0.35332030057907104, 0.3545898497104645, 0.35380858182907104, 0.3519531190395355, 0.3531250059604645, 0.35283201932907104, 0.3536132872104645, 0.35332030057907104, 0.3531250059604645, 0.35498046875, 0.3519531190395355, 0.353515625, 0.3521484434604645, 0.3531250059604645, 0.35283201932907104, 0.3526367247104645, 0.35517579317092896, 0.35175782442092896, 0.35136717557907104, 0.35126954317092896]}